ISO-10303-21;
HEADER;
/* Generated by software containing ST-Developer
 * from STEP Tools, Inc. (www.steptools.com) 
 */
/* OPTION: strings as raw bytes, not using required /X/ escapes */

FILE_DESCRIPTION(
/* description */ ('Unknown'),
/* implementation_level */ '2;1');

FILE_NAME(
/* name */ 'x4_travel_case',
/* time_stamp */ '2026-08-03T15:47:44-04:00',
/* author */ ('Unknown'),
/* organization */ ('Unknown'),
/* preprocessor_version */ 'ST-DEVELOPER v20',
/* originating_system */ 'Solid Edge',
/* authorisation */ 'Unknown');

FILE_SCHEMA (('AUTOMOTIVE_DESIGN {1 0 10303 214 3 1 1}'));
ENDSEC;

DATA;
#10=PROPERTY_DEFINITION_REPRESENTATION(#14,#12);
#11=PROPERTY_DEFINITION_REPRESENTATION(#15,#13);
#12=REPRESENTATION('',(#16),#5939);
#13=REPRESENTATION('',(#17),#5939);
#14=PROPERTY_DEFINITION('pmi validation property','',#5944);
#15=PROPERTY_DEFINITION('pmi validation property','',#5944);
#16=VALUE_REPRESENTATION_ITEM('number of annotations',COUNT_MEASURE(0.));
#17=VALUE_REPRESENTATION_ITEM('number of views',COUNT_MEASURE(0.));
#18=SHAPE_REPRESENTATION_RELATIONSHIP('','',#3030,#19);
#19=ADVANCED_BREP_SHAPE_REPRESENTATION('',(#3028),#5939);
#20=B_SPLINE_SURFACE_WITH_KNOTS('',3,3,((#5385,#5386,#5387,#5388),(#5389,
#5390,#5391,#5392),(#5393,#5394,#5395,#5396),(#5397,#5398,#5399,#5400),
(#5401,#5402,#5403,#5404),(#5405,#5406,#5407,#5408),(#5409,#5410,#5411,
#5412),(#5413,#5414,#5415,#5416),(#5417,#5418,#5419,#5420),(#5421,#5422,
#5423,#5424)),.UNSPECIFIED.,.F.,.F.,.F.,(4,2,2,2,4),(4,4),(0.0490856364285369,
0.25,0.5,0.75,0.957606233270575),(0.,1.),.UNSPECIFIED.);
#21=B_SPLINE_SURFACE_WITH_KNOTS('',3,3,((#5467,#5468,#5469,#5470),(#5471,
#5472,#5473,#5474),(#5475,#5476,#5477,#5478),(#5479,#5480,#5481,#5482),
(#5483,#5484,#5485,#5486),(#5487,#5488,#5489,#5490),(#5491,#5492,#5493,
#5494),(#5495,#5496,#5497,#5498),(#5499,#5500,#5501,#5502),(#5503,#5504,
#5505,#5506)),.UNSPECIFIED.,.F.,.F.,.F.,(4,2,2,2,4),(4,4),(0.0490855957661732,
0.25,0.5,0.75,0.957606233513652),(0.,1.),.UNSPECIFIED.);
#22=B_SPLINE_SURFACE_WITH_KNOTS('',3,3,((#5511,#5512,#5513,#5514),(#5515,
#5516,#5517,#5518),(#5519,#5520,#5521,#5522),(#5523,#5524,#5525,#5526),
(#5527,#5528,#5529,#5530),(#5531,#5532,#5533,#5534),(#5535,#5536,#5537,
#5538),(#5539,#5540,#5541,#5542),(#5543,#5544,#5545,#5546),(#5547,#5548,
#5549,#5550)),.UNSPECIFIED.,.F.,.F.,.F.,(4,2,2,2,4),(4,4),(0.0490856364256986,
0.25,0.5,0.75,0.95760623354017),(0.,1.),.UNSPECIFIED.);
#23=B_SPLINE_SURFACE_WITH_KNOTS('',3,3,((#5559,#5560,#5561,#5562),(#5563,
#5564,#5565,#5566),(#5567,#5568,#5569,#5570),(#5571,#5572,#5573,#5574),
(#5575,#5576,#5577,#5578),(#5579,#5580,#5581,#5582),(#5583,#5584,#5585,
#5586),(#5587,#5588,#5589,#5590),(#5591,#5592,#5593,#5594),(#5595,#5596,
#5597,#5598)),.UNSPECIFIED.,.F.,.F.,.F.,(4,2,2,2,4),(4,4),(0.0490856364269294,
0.25,0.5,0.75,0.957606233540162),(0.,1.),.UNSPECIFIED.);
#24=B_SPLINE_SURFACE_WITH_KNOTS('',3,1,((#5611,#5612),(#5613,#5614),(#5615,
#5616),(#5617,#5618),(#5619,#5620),(#5621,#5622),(#5623,#5624),(#5625,#5626),
(#5627,#5628)),.SURF_OF_LINEAR_EXTRUSION.,.F.,.F.,.F.,(4,1,1,1,1,1,4),(2,
2),(-2.07115375344021E-12,0.124999999998188,0.249999999998447,0.499999999998965,
0.749999999999483,0.874999999999742,1.),(0.,1.),.UNSPECIFIED.);
#25=B_SPLINE_SURFACE_WITH_KNOTS('',3,1,((#5633,#5634),(#5635,#5636),(#5637,
#5638),(#5639,#5640),(#5641,#5642),(#5643,#5644),(#5645,#5646),(#5647,#5648),
(#5649,#5650)),.SURF_OF_LINEAR_EXTRUSION.,.F.,.F.,.F.,(4,1,1,1,1,1,4),(2,
2),(0.,0.125000000000259,0.250000000000517,0.500000000001034,0.750000000001551,
0.87500000000181,1.00000000000207),(0.,1.),.UNSPECIFIED.);
#26=B_SPLINE_SURFACE_WITH_KNOTS('',3,1,((#5657,#5658),(#5659,#5660),(#5661,
#5662),(#5663,#5664),(#5665,#5666),(#5667,#5668),(#5669,#5670),(#5671,#5672),
(#5673,#5674)),.SURF_OF_LINEAR_EXTRUSION.,.F.,.F.,.F.,(4,1,1,1,1,1,4),(2,
2),(0.,0.125,0.25,0.500000000000001,0.750000000000001,0.875000000000002,
1.),(0.,1.),.UNSPECIFIED.);
#27=B_SPLINE_SURFACE_WITH_KNOTS('',3,1,((#5678,#5679),(#5680,#5681),(#5682,
#5683),(#5684,#5685),(#5686,#5687),(#5688,#5689),(#5690,#5691),(#5692,#5693),
(#5694,#5695)),.SURF_OF_LINEAR_EXTRUSION.,.F.,.F.,.F.,(4,1,1,1,1,1,4),(2,
2),(0.,0.125,0.25,0.5,0.75,0.875,1.),(0.,1.),.UNSPECIFIED.);
#28=B_SPLINE_SURFACE_WITH_KNOTS('',1,3,((#5709,#5710,#5711,#5712,#5713,
#5714,#5715,#5716,#5717,#5718),(#5719,#5720,#5721,#5722,#5723,#5724,#5725,
#5726,#5727,#5728)),.RULED_SURF.,.F.,.F.,.F.,(2,2),(4,2,2,2,4),(0.,1.),
(2.49519186650579E-15,0.250000000000002,0.500000000000001,0.75,0.999999999999999),
 .UNSPECIFIED.);
#29=B_SPLINE_SURFACE_WITH_KNOTS('',1,3,((#5747,#5748,#5749,#5750,#5751,
#5752,#5753,#5754,#5755,#5756),(#5757,#5758,#5759,#5760,#5761,#5762,#5763,
#5764,#5765,#5766)),.RULED_SURF.,.F.,.F.,.F.,(2,2),(4,2,2,2,4),(0.,1.),
(1.67309987384072E-16,0.25,0.5,0.75,1.),.UNSPECIFIED.);
#30=B_SPLINE_SURFACE_WITH_KNOTS('',1,3,((#5776,#5777,#5778,#5779,#5780,
#5781,#5782,#5783,#5784,#5785),(#5786,#5787,#5788,#5789,#5790,#5791,#5792,
#5793,#5794,#5795)),.RULED_SURF.,.F.,.F.,.F.,(2,2),(4,2,2,2,4),(0.,1.),
(0.,0.25,0.5,0.75,1.),.UNSPECIFIED.);
#31=B_SPLINE_SURFACE_WITH_KNOTS('',1,3,((#5800,#5801,#5802,#5803,#5804,
#5805,#5806,#5807,#5808,#5809),(#5810,#5811,#5812,#5813,#5814,#5815,#5816,
#5817,#5818,#5819)),.RULED_SURF.,.F.,.F.,.F.,(2,2),(4,2,2,2,4),(0.,1.),
(0.,0.25,0.499999999999999,0.749999999999999,0.999999999999998),
 .UNSPECIFIED.);
#32=DEGENERATE_TOROIDAL_SURFACE('',#3242,1.93156097560984,6.45406097560975,
 .F.);
#33=DEGENERATE_TOROIDAL_SURFACE('',#3244,1.93156097560974,6.45406097560975,
 .F.);
#34=DEGENERATE_TOROIDAL_SURFACE('',#3250,1.93156097560984,6.45406097560975,
 .F.);
#35=DEGENERATE_TOROIDAL_SURFACE('',#3252,1.93156097560974,6.45406097560975,
 .F.);
#36=(
BOUNDED_SURFACE()
B_SPLINE_SURFACE(3,2,((#5051,#5052,#5053),(#5054,#5055,#5056),(#5057,#5058,
#5059),(#5060,#5061,#5062),(#5063,#5064,#5065)),.UNSPECIFIED.,.F.,.F.,.F.)
B_SPLINE_SURFACE_WITH_KNOTS((4,1,4),(3,3),(0.00128311557720139,0.00205624764150954,
0.0028293797058177),(0.,0.67135254055805),.UNSPECIFIED.)
GEOMETRIC_REPRESENTATION_ITEM()
RATIONAL_B_SPLINE_SURFACE(((1.,0.88056644740381,0.921496932734271),(1.,
0.874060714333616,0.917220747443618),(1.,0.85888161326813,0.907243601440049),
(1.,0.843278784441332,0.896987941331979),(1.,0.84327876527713,0.896987928735446)))
REPRESENTATION_ITEM('')
SURFACE()
);
#37=(
BOUNDED_SURFACE()
B_SPLINE_SURFACE(3,2,((#5095,#5096,#5097),(#5098,#5099,#5100),(#5101,#5102,
#5103),(#5104,#5105,#5106),(#5107,#5108,#5109)),.UNSPECIFIED.,.F.,.F.,.F.)
B_SPLINE_SURFACE_WITH_KNOTS((4,1,4),(3,3),(-3.46944695195361E-18,0.000771182468363156,
0.00154236493672632),(0.,0.659909823343128),.UNSPECIFIED.)
GEOMETRIC_REPRESENTATION_ITEM()
RATIONAL_B_SPLINE_SURFACE(((1.,0.845949965074807,0.895218192816588),(1.,
0.845949986005433,0.895218207053188),(1.,0.861367006396573,0.905704561429879),
(1.,0.87619981589793,0.915793547037147),(1.,0.88260224353911,0.920148352532191)))
REPRESENTATION_ITEM('')
SURFACE()
);
#38=(
BOUNDED_SURFACE()
B_SPLINE_SURFACE(3,2,((#5121,#5122,#5123),(#5124,#5125,#5126),(#5127,#5128,
#5129),(#5130,#5131,#5132),(#5133,#5134,#5135)),.UNSPECIFIED.,.F.,.F.,.F.)
B_SPLINE_SURFACE_WITH_KNOTS((4,1,4),(3,3),(0.,0.000771182468363207,0.00154236493672641),
(0.,0.659909823342767),.UNSPECIFIED.)
GEOMETRIC_REPRESENTATION_ITEM()
RATIONAL_B_SPLINE_SURFACE(((1.,0.845949965074886,0.89521819281653),(1.,
0.845949986007864,0.895218207054731),(1.,0.861367006393403,0.905704561427623),
(1.,0.876199815902088,0.915793547039886),(1.,0.882602243539167,0.920148352532145)))
REPRESENTATION_ITEM('')
SURFACE()
);
#39=(
BOUNDED_SURFACE()
B_SPLINE_SURFACE(3,2,((#5166,#5167,#5168),(#5169,#5170,#5171),(#5172,#5173,
#5174),(#5175,#5176,#5177),(#5178,#5179,#5180)),.UNSPECIFIED.,.F.,.F.,.F.)
B_SPLINE_SURFACE_WITH_KNOTS((4,1,4),(3,3),(0.00128312028531525,0.00205624999556647,
0.0028293797058177),(0.,0.660374713684871),.UNSPECIFIED.)
GEOMETRIC_REPRESENTATION_ITEM()
RATIONAL_B_SPLINE_SURFACE(((1.,0.882519284842187,0.920201156956044),(1.,
0.876119937918857,0.915854396893912),(1.,0.861189075725177,0.905712600198991),
(1.,0.845841459445313,0.895287723052384),(1.,0.845841440590324,0.895287710245122)))
REPRESENTATION_ITEM('')
SURFACE()
);
#40=(
BOUNDED_SURFACE()
B_SPLINE_SURFACE(3,2,((#5211,#5212,#5213),(#5214,#5215,#5216),(#5217,#5218,
#5219),(#5220,#5221,#5222),(#5223,#5224,#5225),(#5226,#5227,#5228)),
 .UNSPECIFIED.,.F.,.F.,.F.)
B_SPLINE_SURFACE_WITH_KNOTS((4,1,1,4),(3,3),(0.,0.000705395765239278,0.00141079153047856,
0.00282158306095711),(0.,1.),.UNSPECIFIED.)
GEOMETRIC_REPRESENTATION_ITEM()
RATIONAL_B_SPLINE_SURFACE(((1.,0.766558960821689,1.),(1.,0.766558989775792,
1.),(1.,0.786635777055786,1.),(1.,0.828567665659832,1.),(1.,0.850200354915206,
1.),(1.,0.850198208166859,1.)))
REPRESENTATION_ITEM('')
SURFACE()
);
#41=(
BOUNDED_SURFACE()
B_SPLINE_SURFACE(3,2,((#5237,#5238,#5239),(#5240,#5241,#5242),(#5243,#5244,
#5245),(#5246,#5247,#5248),(#5249,#5250,#5251),(#5252,#5253,#5254)),
 .UNSPECIFIED.,.F.,.F.,.F.)
B_SPLINE_SURFACE_WITH_KNOTS((4,1,1,4),(3,3),(-5.89427492094927E-10,0.00141468755696944,
0.0021220316301679,0.00282937570336636),(0.,1.),.UNSPECIFIED.)
GEOMETRIC_REPRESENTATION_ITEM()
RATIONAL_B_SPLINE_SURFACE(((1.,0.850198208172389,1.),(1.,0.850200334590622,
1.),(1.,0.828626372336221,1.),(1.,0.78657760837839,1.),(1.,0.766558986883991,
1.),(1.,0.76655896082169,1.)))
REPRESENTATION_ITEM('')
SURFACE()
);
#42=(
BOUNDED_SURFACE()
B_SPLINE_SURFACE(3,2,((#5279,#5280,#5281),(#5282,#5283,#5284),(#5285,#5286,
#5287),(#5288,#5289,#5290),(#5291,#5292,#5293),(#5294,#5295,#5296)),
 .UNSPECIFIED.,.F.,.F.,.F.)
B_SPLINE_SURFACE_WITH_KNOTS((4,1,1,4),(3,3),(6.72205346941013E-18,0.000705395438402642,
0.00141079087680528,0.00282158175361055),(0.,1.),.UNSPECIFIED.)
GEOMETRIC_REPRESENTATION_ITEM()
RATIONAL_B_SPLINE_SURFACE(((1.,0.766558960821685,1.),(1.,0.766558989780978,
1.),(1.,0.786635760856453,1.),(1.,0.828567634692105,1.),(1.,0.850200324247183,
1.),(1.,0.850198208172384,1.)))
REPRESENTATION_ITEM('')
SURFACE()
);
#43=(
BOUNDED_SURFACE()
B_SPLINE_SURFACE(3,2,((#5308,#5309,#5310),(#5311,#5312,#5313),(#5314,#5315,
#5316),(#5317,#5318,#5319),(#5320,#5321,#5322),(#5323,#5324,#5325)),
 .UNSPECIFIED.,.F.,.F.,.F.)
B_SPLINE_SURFACE_WITH_KNOTS((4,1,1,4),(3,3),(-3.46944695195361E-18,0.000705395438402632,
0.00141079087680527,0.00282158175361054),(0.,1.),.UNSPECIFIED.)
GEOMETRIC_REPRESENTATION_ITEM()
RATIONAL_B_SPLINE_SURFACE(((1.,0.766558960821689,1.),(1.,0.766558989782686,
1.),(1.,0.786635760855742,1.),(1.,0.828567634692323,1.),(1.,0.850200324248312,
1.),(1.,0.850198208172385,1.)))
REPRESENTATION_ITEM('')
SURFACE()
);
#44=TOROIDAL_SURFACE('',#3178,0.773849999999991,0.201);
#45=TOROIDAL_SURFACE('',#3184,0.75375,0.201);
#46=TOROIDAL_SURFACE('',#3193,0.753750000000002,0.201);
#47=TOROIDAL_SURFACE('',#3199,0.75375,0.201);
#48=TOROIDAL_SURFACE('',#3203,0.753750000000002,0.201);
#49=TOROIDAL_SURFACE('',#3226,3.39587816589163,0.5025);
#50=TOROIDAL_SURFACE('',#3228,3.39587816589153,0.5025);
#51=TOROIDAL_SURFACE('',#3237,3.39587816589163,0.5025);
#52=TOROIDAL_SURFACE('',#3239,3.39587816589153,0.5025);
#53=TOROIDAL_SURFACE('',#3258,0.773849999999991,0.201);
#54=TOROIDAL_SURFACE('',#3289,4.,2.);
#55=TOROIDAL_SURFACE('',#3295,4.,2.);
#56=TOROIDAL_SURFACE('',#3309,4.,2.);
#57=TOROIDAL_SURFACE('',#3313,4.,2.);
#58=TOROIDAL_SURFACE('',#3316,4.,2.);
#59=TOROIDAL_SURFACE('',#3320,4.,2.);
#60=TOROIDAL_SURFACE('',#3325,4.,2.);
#61=TOROIDAL_SURFACE('',#3329,4.,2.);
#62=TOROIDAL_SURFACE('',#3334,1.,1.);
#63=TOROIDAL_SURFACE('',#3339,1.,1.);
#64=TOROIDAL_SURFACE('',#3344,1.,1.);
#65=TOROIDAL_SURFACE('',#3349,1.,1.);
#66=CONICAL_SURFACE('',#3102,5.,0.78539816339745);
#67=CONICAL_SURFACE('',#3106,5.,0.785398163397449);
#68=CONICAL_SURFACE('',#3110,5.,0.785398163397449);
#69=CONICAL_SURFACE('',#3114,5.,0.785398163397449);
#70=CONICAL_SURFACE('',#3135,4.,0.785398163397449);
#71=CONICAL_SURFACE('',#3139,4.,0.785398163397449);
#72=CONICAL_SURFACE('',#3271,0.972548510806861,0.861134921705952);
#73=CONICAL_SURFACE('',#3274,1.66308547500263,0.861134921705955);
#74=CONICAL_SURFACE('',#3292,5.41421356237309,0.785398163397448);
#75=CONICAL_SURFACE('',#3302,5.41421356237309,0.785398163397448);
#76=B_SPLINE_CURVE_WITH_KNOTS('',3,(#4324,#4325,#4326,#4327,#4328,#4329),
 .UNSPECIFIED.,.F.,.F.,(4,1,1,4),(0.,0.000705395748629626,0.00141079149725925,
0.0028215829945185),.UNSPECIFIED.);
#77=B_SPLINE_CURVE_WITH_KNOTS('',3,(#4333,#4334,#4335,#4336,#4337,#4338),
 .UNSPECIFIED.,.F.,.F.,(4,1,1,4),(0.,0.00141397556545034,0.0021209633481755,
0.00282795113090067),.UNSPECIFIED.);
#78=B_SPLINE_CURVE_WITH_KNOTS('',3,(#4360,#4361,#4362,#4363,#4364,#4365,
#4366,#4367,#4368,#4369,#4370),.UNSPECIFIED.,.F.,.F.,(4,1,1,1,1,1,1,1,4),
(0.,0.125,0.25,0.375,0.5,0.625,0.75,0.875,1.),.UNSPECIFIED.);
#79=B_SPLINE_CURVE_WITH_KNOTS('',3,(#4375,#4376,#4377,#4378,#4379,#4380,
#4381,#4382,#4383,#4384,#4385),.UNSPECIFIED.,.F.,.F.,(4,1,1,1,1,1,1,1,4),
(0.,0.125,0.25,0.375,0.5,0.625,0.75,0.875,1.),.UNSPECIFIED.);
#80=B_SPLINE_CURVE_WITH_KNOTS('',3,(#4388,#4389,#4390,#4391,#4392,#4393,
#4394,#4395,#4396,#4397,#4398),.UNSPECIFIED.,.F.,.F.,(4,1,1,1,1,1,1,1,4),
(0.,0.125,0.25,0.375,0.5,0.625,0.75,0.875,1.),.UNSPECIFIED.);
#81=B_SPLINE_CURVE_WITH_KNOTS('',3,(#4403,#4404,#4405,#4406,#4407,#4408,
#4409,#4410,#4411,#4412,#4413),.UNSPECIFIED.,.F.,.F.,(4,1,1,1,1,1,1,1,4),
(0.,0.125,0.25,0.375,0.5,0.625,0.75,0.875,1.),.UNSPECIFIED.);
#82=B_SPLINE_CURVE_WITH_KNOTS('',3,(#4507,#4508,#4509,#4510),
 .UNSPECIFIED.,.F.,.F.,(4,4),(3.43100429420514E-7,3.61101927664411E-5),
 .UNSPECIFIED.);
#83=B_SPLINE_CURVE_WITH_KNOTS('',3,(#4512,#4513,#4514,#4515),
 .UNSPECIFIED.,.F.,.F.,(4,4),(0.0010486544567076,0.00177693132353518),
 .UNSPECIFIED.);
#84=B_SPLINE_CURVE_WITH_KNOTS('',3,(#4699,#4700,#4701,#4702,#4703,#4704,
#4705,#4706,#4707,#4708,#4709,#4710,#4711,#4712,#4713,#4714,#4715,#4716,
#4717,#4718,#4719,#4720,#4721,#4722,#4723,#4724,#4725,#4726,#4727,#4728,
#4729,#4730,#4731,#4732),.UNSPECIFIED.,.F.,.F.,(4,2,2,2,2,2,2,2,2,2,2,2,
2,2,2,2,4),(0.,0.0474337171619665,0.0971685327551727,0.148005499930819,
0.199825840060093,0.252497439608384,0.305877766697635,0.359816296798475,
0.414156566539144,0.468737956412702,0.523397287744237,0.57797030932254,
0.632293141363877,0.728916506875952,0.823293040977898,0.914581347368219,
1.),.UNSPECIFIED.);
#85=B_SPLINE_CURVE_WITH_KNOTS('',3,(#4736,#4737,#4738,#4739,#4740,#4741,
#4742,#4743,#4744,#4745,#4746,#4747,#4748,#4749,#4750,#4751,#4752,#4753,
#4754,#4755,#4756,#4757,#4758,#4759,#4760,#4761,#4762,#4763,#4764,#4765,
#4766,#4767,#4768,#4769),.UNSPECIFIED.,.F.,.F.,(4,2,2,2,2,2,2,2,2,2,2,2,
2,2,2,2,4),(0.,0.0854186113948604,0.176706921901696,0.271083460259409,0.367706830128569,
0.422029664619514,0.476602688658702,0.531262022455017,0.585843414789841,
0.640183686980903,0.694122219514017,0.747502549010376,0.800174150933813,
0.851994493399847,0.902831462867908,0.952566280703832,1.),.UNSPECIFIED.);
#86=B_SPLINE_CURVE_WITH_KNOTS('',3,(#4777,#4778,#4779,#4780,#4781,#4782,
#4783,#4784,#4785,#4786,#4787,#4788,#4789,#4790,#4791,#4792,#4793,#4794,
#4795,#4796,#4797,#4798,#4799,#4800,#4801,#4802,#4803,#4804,#4805,#4806,
#4807,#4808,#4809,#4810),.UNSPECIFIED.,.F.,.F.,(4,2,2,2,2,2,2,2,2,2,2,2,
2,2,2,2,4),(0.,0.0474337150921774,0.0971685285150067,0.148005493472178,
0.199825831340065,0.25249742858982,0.305877753349606,0.359816281096622,
0.414156548465936,0.468737935957619,0.523397264903874,0.577970284100667,
0.632293113771411,0.728916475066936,0.823293005050383,0.914581307456978,
1.),.UNSPECIFIED.);
#87=B_SPLINE_CURVE_WITH_KNOTS('',3,(#4814,#4815,#4816,#4817,#4818,#4819,
#4820,#4821,#4822,#4823,#4824,#4825,#4826,#4827,#4828,#4829,#4830,#4831,
#4832,#4833,#4834,#4835,#4836,#4837,#4838,#4839,#4840,#4841,#4842,#4843,
#4844,#4845,#4846,#4847),.UNSPECIFIED.,.F.,.F.,(4,2,2,2,2,2,2,2,2,2,2,2,
2,2,2,2,4),(0.,0.0469710782941317,0.0963333429908972,0.146851531657452,
0.198403625165606,0.250854785945692,0.30406025671116,0.357867762156449,
0.412119539540144,0.466654102163427,0.521307823136759,0.575916414731632,
0.630316371626668,0.727185952534668,0.821954263469143,0.913792966347473,
1.),.UNSPECIFIED.);
#88=B_SPLINE_CURVE_WITH_KNOTS('',3,(#4992,#4993,#4994,#4995,#4996,#4997,
#4998,#4999,#5000,#5001,#5002),.UNSPECIFIED.,.F.,.F.,(4,1,1,1,1,1,1,1,4),
(0.,0.125,0.25,0.375,0.5,0.625,0.75,0.875,1.),.UNSPECIFIED.);
#89=B_SPLINE_CURVE_WITH_KNOTS('',3,(#5004,#5005,#5006,#5007,#5008,#5009,
#5010,#5011,#5012,#5013,#5014),.UNSPECIFIED.,.F.,.F.,(4,1,1,1,1,1,1,1,4),
(0.,0.125,0.25,0.375,0.5,0.625,0.75,0.875,1.),.UNSPECIFIED.);
#90=B_SPLINE_CURVE_WITH_KNOTS('',3,(#5028,#5029,#5030,#5031,#5032,#5033,
#5034,#5035,#5036,#5037,#5038),.UNSPECIFIED.,.F.,.F.,(4,1,1,1,1,1,1,1,4),
(0.,0.125,0.25,0.375,0.5,0.625,0.75,0.875,1.),.UNSPECIFIED.);
#91=B_SPLINE_CURVE_WITH_KNOTS('',3,(#5040,#5041,#5042,#5043,#5044,#5045,
#5046,#5047,#5048,#5049,#5050),.UNSPECIFIED.,.F.,.F.,(4,1,1,1,1,1,1,1,4),
(0.,0.125,0.25,0.375,0.5,0.625,0.75,0.875,1.),.UNSPECIFIED.);
#92=B_SPLINE_CURVE_WITH_KNOTS('',3,(#5066,#5067,#5068,#5069),
 .UNSPECIFIED.,.F.,.F.,(4,4),(-6.02999999620766E-8,0.00184095248477699),
 .UNSPECIFIED.);
#93=B_SPLINE_CURVE_WITH_KNOTS('',3,(#5072,#5073,#5074,#5075,#5076),
 .UNSPECIFIED.,.F.,.F.,(4,1,4),(0.,0.000881738934114352,0.0017634778682287),
 .UNSPECIFIED.);
#94=B_SPLINE_CURVE_WITH_KNOTS('',3,(#5080,#5081,#5082,#5083),
 .UNSPECIFIED.,.F.,.F.,(4,4),(0.,7.47118986279418E-6),.UNSPECIFIED.);
#95=B_SPLINE_CURVE_WITH_KNOTS('',3,(#5087,#5088,#5089,#5090),
 .UNSPECIFIED.,.F.,.F.,(4,4),(0.,4.13635487231263E-6),.UNSPECIFIED.);
#96=B_SPLINE_CURVE_WITH_KNOTS('',3,(#5110,#5111,#5112,#5113,#5114),
 .UNSPECIFIED.,.F.,.F.,(4,1,4),(0.,0.000878142893837577,0.00175628578767515),
 .UNSPECIFIED.);
#97=B_SPLINE_CURVE_WITH_KNOTS('',3,(#5116,#5117,#5118,#5119,#5120),
 .UNSPECIFIED.,.F.,.F.,(4,1,4),(0.00137931086355949,0.00229422231623973,
0.00320913376891996),.UNSPECIFIED.);
#98=B_SPLINE_CURVE_WITH_KNOTS('',3,(#5139,#5140,#5141,#5142,#5143),
 .UNSPECIFIED.,.F.,.F.,(4,1,4),(0.,0.000878142893837696,0.00175628578767539),
 .UNSPECIFIED.);
#99=B_SPLINE_CURVE_WITH_KNOTS('',3,(#5145,#5146,#5147,#5148,#5149),
 .UNSPECIFIED.,.F.,.F.,(4,1,4),(0.00137931086355937,0.00229422231623967,
0.00320913376891997),.UNSPECIFIED.);
#100=B_SPLINE_CURVE_WITH_KNOTS('',3,(#5154,#5155,#5156,#5157),
 .UNSPECIFIED.,.F.,.F.,(4,4),(0.,4.13635485489432E-6),.UNSPECIFIED.);
#101=B_SPLINE_CURVE_WITH_KNOTS('',3,(#5161,#5162,#5163,#5164),
 .UNSPECIFIED.,.F.,.F.,(4,4),(0.,4.13635487160459E-6),.UNSPECIFIED.);
#102=B_SPLINE_CURVE_WITH_KNOTS('',3,(#5181,#5182,#5183,#5184),
 .UNSPECIFIED.,.F.,.F.,(4,4),(-6.02999999620766E-8,0.00184094736125917),
 .UNSPECIFIED.);
#103=B_SPLINE_CURVE_WITH_KNOTS('',3,(#5186,#5187,#5188,#5189,#5190),
 .UNSPECIFIED.,.F.,.F.,(4,1,4),(0.,0.00088173409180771,0.00176346818361542),
 .UNSPECIFIED.);
#104=B_SPLINE_CURVE_WITH_KNOTS('',3,(#5196,#5197,#5198,#5199),
 .UNSPECIFIED.,.F.,.F.,(4,4),(0.,1.),.UNSPECIFIED.);
#105=B_SPLINE_CURVE_WITH_KNOTS('',3,(#5203,#5204,#5205,#5206),
 .UNSPECIFIED.,.F.,.F.,(4,4),(0.,1.),.UNSPECIFIED.);
#106=B_SPLINE_CURVE_WITH_KNOTS('',3,(#5231,#5232,#5233,#5234,#5235,#5236),
 .UNSPECIFIED.,.F.,.F.,(4,1,1,4),(-6.02999999949572E-8,0.00160453522157199,
0.00240683298235798,0.00320913074314397),.UNSPECIFIED.);
#107=B_SPLINE_CURVE_WITH_KNOTS('',3,(#5258,#5259,#5260,#5261,#5262),
 .UNSPECIFIED.,.F.,.F.,(4,1,4),(-6.02999999655634E-8,0.00161396419099641,
0.00322798868199279),.UNSPECIFIED.);
#108=B_SPLINE_CURVE_WITH_KNOTS('',3,(#5263,#5264,#5265,#5266,#5267,#5268),
 .UNSPECIFIED.,.F.,.F.,(4,1,1,4),(0.,0.00141468846558477,0.00212203269837715,
0.00282937693116954),.UNSPECIFIED.);
#109=B_SPLINE_CURVE_WITH_KNOTS('',3,(#5297,#5298,#5299,#5300),
 .UNSPECIFIED.,.F.,.F.,(4,4),(0.,1.),.UNSPECIFIED.);
#110=B_SPLINE_CURVE_WITH_KNOTS('',3,(#5302,#5303,#5304,#5305,#5306,#5307),
 .UNSPECIFIED.,.F.,.F.,(4,1,1,4),(-6.02999999655632E-8,0.000799238428155989,
0.00159853715631194,0.00319713461262385),.UNSPECIFIED.);
#111=B_SPLINE_CURVE_WITH_KNOTS('',3,(#5326,#5327,#5328,#5329),
 .UNSPECIFIED.,.F.,.F.,(4,4),(0.,1.),.UNSPECIFIED.);
#112=B_SPLINE_CURVE_WITH_KNOTS('',3,(#5332,#5333,#5334,#5335,#5336,#5337),
 .UNSPECIFIED.,.F.,.F.,(4,1,1,4),(-6.02999999998883E-8,0.00160453522157198,
0.00240683298235797,0.00320913074314397),.UNSPECIFIED.);
#113=B_SPLINE_CURVE_WITH_KNOTS('',3,(#5338,#5339,#5340,#5341,#5342,#5343),
 .UNSPECIFIED.,.F.,.F.,(4,1,1,4),(0.,0.000705395438402625,0.00141079087680525,
0.0028215817536105),.UNSPECIFIED.);
#114=B_SPLINE_CURVE_WITH_KNOTS('',3,(#5350,#5351,#5352,#5353),
 .UNSPECIFIED.,.F.,.F.,(4,4),(0.224314619022956,1.),.UNSPECIFIED.);
#115=B_SPLINE_CURVE_WITH_KNOTS('',3,(#5356,#5357,#5358,#5359),
 .UNSPECIFIED.,.F.,.F.,(4,4),(0.,7.24096195119391E-6),.UNSPECIFIED.);
#116=B_SPLINE_CURVE_WITH_KNOTS('',3,(#5362,#5363,#5364,#5365),
 .UNSPECIFIED.,.F.,.F.,(4,4),(0.,0.904437991197847),.UNSPECIFIED.);
#117=B_SPLINE_CURVE_WITH_KNOTS('',3,(#5371,#5372,#5373,#5374),
 .UNSPECIFIED.,.F.,.F.,(4,4),(0.,4.00372554549279E-6),.UNSPECIFIED.);
#118=B_SPLINE_CURVE_WITH_KNOTS('',3,(#5376,#5377,#5378,#5379),
 .UNSPECIFIED.,.F.,.F.,(4,4),(0.,0.775569359775104),.UNSPECIFIED.);
#119=B_SPLINE_CURVE_WITH_KNOTS('',3,(#5381,#5382,#5383,#5384),
 .UNSPECIFIED.,.F.,.F.,(4,4),(0.0955620082673014,1.),.UNSPECIFIED.);
#120=B_SPLINE_CURVE_WITH_KNOTS('',3,(#5425,#5426,#5427,#5428,#5429),
 .UNSPECIFIED.,.F.,.F.,(4,1,4),(0.,0.000722353032632014,0.00144470606526403),
 .UNSPECIFIED.);
#121=B_SPLINE_CURVE_WITH_KNOTS('',3,(#5431,#5432,#5433,#5434),
 .UNSPECIFIED.,.F.,.F.,(4,4),(0.224314616908866,1.),.UNSPECIFIED.);
#122=B_SPLINE_CURVE_WITH_KNOTS('',3,(#5436,#5437,#5438,#5439),
 .UNSPECIFIED.,.F.,.F.,(4,4),(0.,0.904437991731589),.UNSPECIFIED.);
#123=B_SPLINE_CURVE_WITH_KNOTS('',3,(#5444,#5445,#5446,#5447),
 .UNSPECIFIED.,.F.,.F.,(4,4),(0.,7.24080310034399E-6),.UNSPECIFIED.);
#124=B_SPLINE_CURVE_WITH_KNOTS('',3,(#5450,#5451,#5452,#5453),
 .UNSPECIFIED.,.F.,.F.,(4,4),(0.,0.775685377505439),.UNSPECIFIED.);
#125=B_SPLINE_CURVE_WITH_KNOTS('',3,(#5455,#5456,#5457,#5458),
 .UNSPECIFIED.,.F.,.F.,(4,4),(0.0955620088021518,1.),.UNSPECIFIED.);
#126=B_SPLINE_CURVE_WITH_KNOTS('',3,(#5461,#5462,#5463,#5464),
 .UNSPECIFIED.,.F.,.F.,(4,4),(0.,7.24107447164792E-6),.UNSPECIFIED.);
#127=B_SPLINE_CURVE_WITH_KNOTS('',3,(#5507,#5508,#5509,#5510),
 .UNSPECIFIED.,.F.,.F.,(4,4),(0.000164719730055904,0.00161363302224136),
 .UNSPECIFIED.);
#128=B_SPLINE_CURVE_WITH_KNOTS('',3,(#5551,#5552,#5553,#5554,#5555),
 .UNSPECIFIED.,.F.,.F.,(4,1,4),(0.000164721710007304,0.000889815166435704,
0.0016149086228641),.UNSPECIFIED.);
#129=B_SPLINE_CURVE_WITH_KNOTS('',3,(#5599,#5600,#5601,#5602,#5603),
 .UNSPECIFIED.,.F.,.F.,(4,1,4),(0.,0.000722353033950049,0.0014447060679001),
 .UNSPECIFIED.);
#130=B_SPLINE_CURVE_WITH_KNOTS('',3,(#5729,#5730,#5731,#5732),
 .UNSPECIFIED.,.F.,.F.,(4,4),(0.,1.),.UNSPECIFIED.);
#131=B_SPLINE_CURVE_WITH_KNOTS('',3,(#5733,#5734,#5735,#5736),
 .UNSPECIFIED.,.F.,.F.,(4,4),(0.,1.),.UNSPECIFIED.);
#132=B_SPLINE_CURVE_WITH_KNOTS('',3,(#5738,#5739,#5740,#5741),
 .UNSPECIFIED.,.F.,.F.,(4,4),(0.,1.),.UNSPECIFIED.);
#133=B_SPLINE_CURVE_WITH_KNOTS('',3,(#5743,#5744,#5745,#5746),
 .UNSPECIFIED.,.F.,.F.,(4,4),(0.,1.),.UNSPECIFIED.);
#134=B_SPLINE_CURVE_WITH_KNOTS('',3,(#5768,#5769,#5770,#5771),
 .UNSPECIFIED.,.F.,.F.,(4,4),(0.,1.),.UNSPECIFIED.);
#135=B_SPLINE_CURVE_WITH_KNOTS('',3,(#5772,#5773,#5774,#5775),
 .UNSPECIFIED.,.F.,.F.,(4,4),(0.,1.),.UNSPECIFIED.);
#136=B_SPLINE_CURVE_WITH_KNOTS('',3,(#5796,#5797,#5798,#5799),
 .UNSPECIFIED.,.F.,.F.,(4,4),(0.,1.),.UNSPECIFIED.);
#137=B_SPLINE_CURVE_WITH_KNOTS('',3,(#5820,#5821,#5822,#5823),
 .UNSPECIFIED.,.F.,.F.,(4,4),(0.,1.),.UNSPECIFIED.);
#138=B_SPLINE_CURVE_WITH_KNOTS('',3,(#5881,#5882,#5883,#5884),
 .UNSPECIFIED.,.F.,.F.,(4,4),(2.16840434497101E-19,0.000597798665294135),
 .UNSPECIFIED.);
#139=B_SPLINE_CURVE_WITH_KNOTS('',3,(#5893,#5894,#5895,#5896),
 .UNSPECIFIED.,.F.,.F.,(4,4),(2.16840434497101E-19,0.000597798665294127),
 .UNSPECIFIED.);
#140=B_SPLINE_CURVE_WITH_KNOTS('',3,(#5898,#5899,#5900,#5901),
 .UNSPECIFIED.,.F.,.F.,(4,4),(6.50521303491303E-19,0.000597798665294132),
 .UNSPECIFIED.);
#141=B_SPLINE_CURVE_WITH_KNOTS('',3,(#5910,#5911,#5912,#5913),
 .UNSPECIFIED.,.F.,.F.,(4,4),(0.,0.000597798665294124),.UNSPECIFIED.);
#142=CIRCLE('',#3038,0.5025);
#143=CIRCLE('',#3039,0.5025);
#144=CIRCLE('',#3041,0.5025);
#145=CIRCLE('',#3042,0.5025);
#146=CIRCLE('',#3044,6.45406097560975);
#147=CIRCLE('',#3045,6.45406097560975);
#148=CIRCLE('',#3047,6.45406097560975);
#149=CIRCLE('',#3049,6.45406097560975);
#150=CIRCLE('',#3050,6.45406097560975);
#151=CIRCLE('',#3052,6.45406097560975);
#152=CIRCLE('',#3054,1.66308547500263);
#153=CIRCLE('',#3055,1.66308547500263);
#154=CIRCLE('',#3056,3.015);
#155=CIRCLE('',#3057,1.97984999999999);
#156=CIRCLE('',#3058,1.97984999999999);
#157=CIRCLE('',#3059,1.97984999999999);
#158=CIRCLE('',#3060,1.97984999999999);
#159=CIRCLE('',#3061,3.015);
#160=CIRCLE('',#3062,3.39587816589163);
#161=CIRCLE('',#3063,3.39587816589163);
#162=CIRCLE('',#3066,0.5025);
#163=CIRCLE('',#3067,0.5025);
#164=CIRCLE('',#3069,6.45406097560975);
#165=CIRCLE('',#3070,6.45406097560975);
#166=CIRCLE('',#3077,6.);
#167=CIRCLE('',#3078,6.);
#168=CIRCLE('',#3080,6.);
#169=CIRCLE('',#3081,6.);
#170=CIRCLE('',#3083,6.);
#171=CIRCLE('',#3084,6.);
#172=CIRCLE('',#3086,6.);
#173=CIRCLE('',#3087,6.);
#174=CIRCLE('',#3103,5.41421356237309);
#175=CIRCLE('',#3104,5.);
#176=CIRCLE('',#3107,5.41421356237309);
#177=CIRCLE('',#3108,5.);
#178=CIRCLE('',#3111,5.41421356237309);
#179=CIRCLE('',#3112,5.);
#180=CIRCLE('',#3115,5.41421356237309);
#181=CIRCLE('',#3116,5.);
#182=CIRCLE('',#3121,1.);
#183=CIRCLE('',#3122,6.45406097560975);
#184=CIRCLE('',#3123,0.5025);
#185=CIRCLE('',#3125,1.);
#186=CIRCLE('',#3127,1.);
#187=CIRCLE('',#3129,1.);
#188=CIRCLE('',#3136,5.41421356237309);
#189=CIRCLE('',#3137,4.6);
#190=CIRCLE('',#3140,5.41421356237309);
#191=CIRCLE('',#3141,4.6);
#192=CIRCLE('',#3145,4.0224999999999);
#193=CIRCLE('',#3146,4.02249999999991);
#194=CIRCLE('',#3148,4.0225);
#195=CIRCLE('',#3149,4.0225);
#196=CIRCLE('',#3152,3.015);
#197=CIRCLE('',#3153,1.97984999999999);
#198=CIRCLE('',#3154,1.97984999999999);
#199=CIRCLE('',#3155,1.97984999999999);
#200=CIRCLE('',#3156,1.97984999999999);
#201=CIRCLE('',#3157,3.015);
#202=CIRCLE('',#3158,3.015);
#203=CIRCLE('',#3159,3.015);
#204=CIRCLE('',#3170,3.015);
#205=CIRCLE('',#3173,3.015);
#206=CIRCLE('',#3176,0.201);
#207=CIRCLE('',#3177,0.201);
#208=CIRCLE('',#3179,0.972548510806861);
#209=CIRCLE('',#3180,0.201);
#210=CIRCLE('',#3181,0.773849999999991);
#211=CIRCLE('',#3183,0.201);
#212=CIRCLE('',#3185,0.95475);
#213=CIRCLE('',#3186,0.201);
#214=CIRCLE('',#3187,0.75375);
#215=CIRCLE('',#3188,0.201);
#216=CIRCLE('',#3190,0.201);
#217=CIRCLE('',#3192,0.201);
#218=CIRCLE('',#3194,0.753750000000002);
#219=CIRCLE('',#3195,0.954750000000002);
#220=CIRCLE('',#3197,0.201);
#221=CIRCLE('',#3198,0.201);
#222=CIRCLE('',#3200,0.75375);
#223=CIRCLE('',#3201,0.95475);
#224=CIRCLE('',#3202,0.201);
#225=CIRCLE('',#3204,0.954750000000002);
#226=CIRCLE('',#3205,0.753750000000002);
#227=CIRCLE('',#3206,0.201);
#228=CIRCLE('',#3218,0.5025);
#229=CIRCLE('',#3220,0.5025);
#230=CIRCLE('',#3221,0.5025);
#231=CIRCLE('',#3223,0.5025);
#232=CIRCLE('',#3225,0.5025);
#233=CIRCLE('',#3227,3.84568254151262);
#234=CIRCLE('',#3229,3.84568254151252);
#235=CIRCLE('',#3230,3.39587816589153);
#236=CIRCLE('',#3231,0.5025);
#237=CIRCLE('',#3232,0.5025);
#238=CIRCLE('',#3234,0.5025);
#239=CIRCLE('',#3236,0.5025);
#240=CIRCLE('',#3238,3.84568254151262);
#241=CIRCLE('',#3240,3.84568254151253);
#242=CIRCLE('',#3241,3.39587816589153);
#243=CIRCLE('',#3243,4.0224999999999);
#244=CIRCLE('',#3245,6.45406097560975);
#245=CIRCLE('',#3246,4.0225);
#246=CIRCLE('',#3247,15.643453125);
#247=CIRCLE('',#3249,15.643453125);
#248=CIRCLE('',#3251,4.02249999999991);
#249=CIRCLE('',#3253,4.0225);
#250=CIRCLE('',#3254,15.643453125);
#251=CIRCLE('',#3256,15.643453125);
#252=CIRCLE('',#3259,0.972548510806861);
#253=CIRCLE('',#3260,0.773849999999991);
#254=CIRCLE('',#3283,4.6);
#255=CIRCLE('',#3284,4.6);
#256=CIRCLE('',#3287,2.);
#257=CIRCLE('',#3288,2.);
#258=CIRCLE('',#3290,5.41421356237309);
#259=CIRCLE('',#3291,2.);
#260=CIRCLE('',#3293,5.41421356237309);
#261=CIRCLE('',#3296,2.);
#262=CIRCLE('',#3297,2.);
#263=CIRCLE('',#3300,2.);
#264=CIRCLE('',#3304,2.);
#265=CIRCLE('',#3305,2.);
#266=CIRCLE('',#3307,2.);
#267=CIRCLE('',#3308,2.);
#268=CIRCLE('',#3310,2.);
#269=CIRCLE('',#3312,2.);
#270=CIRCLE('',#3315,2.);
#271=CIRCLE('',#3317,2.);
#272=CIRCLE('',#3319,2.);
#273=CIRCLE('',#3321,2.);
#274=CIRCLE('',#3324,2.);
#275=CIRCLE('',#3326,2.);
#276=CIRCLE('',#3328,2.);
#277=CIRCLE('',#3330,2.);
#278=CIRCLE('',#3333,1.);
#279=CIRCLE('',#3335,1.);
#280=CIRCLE('',#3338,1.);
#281=CIRCLE('',#3340,1.);
#282=CIRCLE('',#3343,1.);
#283=CIRCLE('',#3345,1.);
#284=CIRCLE('',#3348,1.);
#285=CIRCLE('',#3350,1.);
#286=CYLINDRICAL_SURFACE('',#3037,0.5025);
#287=CYLINDRICAL_SURFACE('',#3040,0.5025);
#288=CYLINDRICAL_SURFACE('',#3043,6.45406097560975);
#289=CYLINDRICAL_SURFACE('',#3048,6.45406097560975);
#290=CYLINDRICAL_SURFACE('',#3065,0.5025);
#291=CYLINDRICAL_SURFACE('',#3068,6.45406097560975);
#292=CYLINDRICAL_SURFACE('',#3076,6.);
#293=CYLINDRICAL_SURFACE('',#3079,6.);
#294=CYLINDRICAL_SURFACE('',#3082,6.);
#295=CYLINDRICAL_SURFACE('',#3085,6.);
#296=CYLINDRICAL_SURFACE('',#3161,1.97984999999999);
#297=CYLINDRICAL_SURFACE('',#3162,1.97984999999999);
#298=CYLINDRICAL_SURFACE('',#3164,1.97984999999999);
#299=CYLINDRICAL_SURFACE('',#3165,1.97984999999999);
#300=CYLINDRICAL_SURFACE('',#3167,3.015);
#301=CYLINDRICAL_SURFACE('',#3169,3.015);
#302=CYLINDRICAL_SURFACE('',#3172,3.015);
#303=CYLINDRICAL_SURFACE('',#3174,3.015);
#304=CYLINDRICAL_SURFACE('',#3175,0.201);
#305=CYLINDRICAL_SURFACE('',#3182,0.201);
#306=CYLINDRICAL_SURFACE('',#3189,0.201);
#307=CYLINDRICAL_SURFACE('',#3191,0.201);
#308=CYLINDRICAL_SURFACE('',#3196,0.201);
#309=CYLINDRICAL_SURFACE('',#3207,0.201);
#310=CYLINDRICAL_SURFACE('',#3212,0.95475);
#311=CYLINDRICAL_SURFACE('',#3213,0.954750000000002);
#312=CYLINDRICAL_SURFACE('',#3216,0.95475);
#313=CYLINDRICAL_SURFACE('',#3217,0.954750000000002);
#314=CYLINDRICAL_SURFACE('',#3219,0.5025);
#315=CYLINDRICAL_SURFACE('',#3222,0.5025);
#316=CYLINDRICAL_SURFACE('',#3224,0.5025);
#317=CYLINDRICAL_SURFACE('',#3233,0.5025);
#318=CYLINDRICAL_SURFACE('',#3235,0.5025);
#319=CYLINDRICAL_SURFACE('',#3248,15.643453125);
#320=CYLINDRICAL_SURFACE('',#3255,15.643453125);
#321=CYLINDRICAL_SURFACE('',#3257,6.45406097560975);
#322=CYLINDRICAL_SURFACE('',#3264,4.0224999999999);
#323=CYLINDRICAL_SURFACE('',#3266,4.0225);
#324=CYLINDRICAL_SURFACE('',#3268,4.0225);
#325=CYLINDRICAL_SURFACE('',#3270,4.02249999999991);
#326=CYLINDRICAL_SURFACE('',#3286,2.);
#327=CYLINDRICAL_SURFACE('',#3299,2.);
#328=CYLINDRICAL_SURFACE('',#3301,2.);
#329=CYLINDRICAL_SURFACE('',#3303,2.);
#330=CYLINDRICAL_SURFACE('',#3306,2.);
#331=CYLINDRICAL_SURFACE('',#3311,2.);
#332=CYLINDRICAL_SURFACE('',#3314,2.);
#333=CYLINDRICAL_SURFACE('',#3318,2.);
#334=CYLINDRICAL_SURFACE('',#3322,2.);
#335=CYLINDRICAL_SURFACE('',#3323,2.);
#336=CYLINDRICAL_SURFACE('',#3327,2.);
#337=CYLINDRICAL_SURFACE('',#3331,2.);
#338=CYLINDRICAL_SURFACE('',#3332,1.);
#339=CYLINDRICAL_SURFACE('',#3336,1.);
#340=CYLINDRICAL_SURFACE('',#3337,1.);
#341=CYLINDRICAL_SURFACE('',#3341,1.);
#342=CYLINDRICAL_SURFACE('',#3342,1.);
#343=CYLINDRICAL_SURFACE('',#3346,1.);
#344=CYLINDRICAL_SURFACE('',#3347,1.);
#345=CYLINDRICAL_SURFACE('',#3351,1.);
#346=ELLIPSE('',#3033,1.41421356237309,1.);
#347=ELLIPSE('',#3034,1.41421356237309,1.);
#348=ELLIPSE('',#3046,9.12742056409025,6.45406097560975);
#349=ELLIPSE('',#3051,9.12742056409023,6.45406097560975);
#350=ELLIPSE('',#3071,9.12742056409023,6.45406097560975);
#351=ELLIPSE('',#3089,1.41421356237309,1.);
#352=ELLIPSE('',#3090,2.82842712474619,2.);
#353=ELLIPSE('',#3092,2.8284271247462,2.);
#354=ELLIPSE('',#3093,1.41421356237309,1.);
#355=ELLIPSE('',#3095,1.4142135623731,1.);
#356=ELLIPSE('',#3096,2.82842712474618,2.);
#357=ELLIPSE('',#3097,9.1274205640902,6.45406097560975);
#358=ELLIPSE('',#3099,2.82842712474619,2.);
#359=ELLIPSE('',#3100,1.41421356237309,1.);
#360=ELLIPSE('',#3280,1.4142135623731,1.);
#361=ELLIPSE('',#3281,1.4142135623731,1.);
#362=ELLIPSE('',#3282,1.41421356237309,1.);
#363=ELLIPSE('',#3285,1.4142135623731,1.);
#364=ORIENTED_EDGE('',*,*,#1256,.T.);
#365=ORIENTED_EDGE('',*,*,#1257,.T.);
#366=ORIENTED_EDGE('',*,*,#1258,.T.);
#367=ORIENTED_EDGE('',*,*,#1259,.T.);
#368=ORIENTED_EDGE('',*,*,#1260,.T.);
#369=ORIENTED_EDGE('',*,*,#1261,.T.);
#370=ORIENTED_EDGE('',*,*,#1262,.T.);
#371=ORIENTED_EDGE('',*,*,#1263,.T.);
#372=ORIENTED_EDGE('',*,*,#1264,.F.);
#373=ORIENTED_EDGE('',*,*,#1265,.F.);
#374=ORIENTED_EDGE('',*,*,#1266,.F.);
#375=ORIENTED_EDGE('',*,*,#1267,.T.);
#376=ORIENTED_EDGE('',*,*,#1268,.T.);
#377=ORIENTED_EDGE('',*,*,#1269,.T.);
#378=ORIENTED_EDGE('',*,*,#1270,.F.);
#379=ORIENTED_EDGE('',*,*,#1271,.T.);
#380=ORIENTED_EDGE('',*,*,#1272,.T.);
#381=ORIENTED_EDGE('',*,*,#1273,.T.);
#382=ORIENTED_EDGE('',*,*,#1274,.F.);
#383=ORIENTED_EDGE('',*,*,#1275,.T.);
#384=ORIENTED_EDGE('',*,*,#1276,.T.);
#385=ORIENTED_EDGE('',*,*,#1277,.T.);
#386=ORIENTED_EDGE('',*,*,#1278,.F.);
#387=ORIENTED_EDGE('',*,*,#1273,.F.);
#388=ORIENTED_EDGE('',*,*,#1279,.T.);
#389=ORIENTED_EDGE('',*,*,#1280,.F.);
#390=ORIENTED_EDGE('',*,*,#1281,.T.);
#391=ORIENTED_EDGE('',*,*,#1282,.F.);
#392=ORIENTED_EDGE('',*,*,#1275,.F.);
#393=ORIENTED_EDGE('',*,*,#1283,.F.);
#394=ORIENTED_EDGE('',*,*,#1284,.F.);
#395=ORIENTED_EDGE('',*,*,#1285,.T.);
#396=ORIENTED_EDGE('',*,*,#1286,.F.);
#397=ORIENTED_EDGE('',*,*,#1287,.F.);
#398=ORIENTED_EDGE('',*,*,#1288,.T.);
#399=ORIENTED_EDGE('',*,*,#1289,.T.);
#400=ORIENTED_EDGE('',*,*,#1290,.T.);
#401=ORIENTED_EDGE('',*,*,#1291,.T.);
#402=ORIENTED_EDGE('',*,*,#1292,.F.);
#403=ORIENTED_EDGE('',*,*,#1262,.F.);
#404=ORIENTED_EDGE('',*,*,#1293,.F.);
#405=ORIENTED_EDGE('',*,*,#1294,.F.);
#406=ORIENTED_EDGE('',*,*,#1295,.F.);
#407=ORIENTED_EDGE('',*,*,#1296,.F.);
#408=ORIENTED_EDGE('',*,*,#1297,.F.);
#409=ORIENTED_EDGE('',*,*,#1298,.F.);
#410=ORIENTED_EDGE('',*,*,#1299,.F.);
#411=ORIENTED_EDGE('',*,*,#1300,.F.);
#412=ORIENTED_EDGE('',*,*,#1301,.F.);
#413=ORIENTED_EDGE('',*,*,#1302,.F.);
#414=ORIENTED_EDGE('',*,*,#1303,.T.);
#415=ORIENTED_EDGE('',*,*,#1304,.F.);
#416=ORIENTED_EDGE('',*,*,#1305,.F.);
#417=ORIENTED_EDGE('',*,*,#1306,.F.);
#418=ORIENTED_EDGE('',*,*,#1307,.F.);
#419=ORIENTED_EDGE('',*,*,#1308,.F.);
#420=ORIENTED_EDGE('',*,*,#1309,.F.);
#421=ORIENTED_EDGE('',*,*,#1271,.F.);
#422=ORIENTED_EDGE('',*,*,#1310,.T.);
#423=ORIENTED_EDGE('',*,*,#1311,.F.);
#424=ORIENTED_EDGE('',*,*,#1312,.F.);
#425=ORIENTED_EDGE('',*,*,#1313,.F.);
#426=ORIENTED_EDGE('',*,*,#1314,.T.);
#427=ORIENTED_EDGE('',*,*,#1315,.T.);
#428=ORIENTED_EDGE('',*,*,#1316,.T.);
#429=ORIENTED_EDGE('',*,*,#1317,.F.);
#430=ORIENTED_EDGE('',*,*,#1318,.T.);
#431=ORIENTED_EDGE('',*,*,#1319,.T.);
#432=ORIENTED_EDGE('',*,*,#1320,.T.);
#433=ORIENTED_EDGE('',*,*,#1321,.T.);
#434=ORIENTED_EDGE('',*,*,#1322,.T.);
#435=ORIENTED_EDGE('',*,*,#1323,.T.);
#436=ORIENTED_EDGE('',*,*,#1324,.T.);
#437=ORIENTED_EDGE('',*,*,#1325,.T.);
#438=ORIENTED_EDGE('',*,*,#1326,.T.);
#439=ORIENTED_EDGE('',*,*,#1314,.F.);
#440=ORIENTED_EDGE('',*,*,#1327,.F.);
#441=ORIENTED_EDGE('',*,*,#1328,.T.);
#442=ORIENTED_EDGE('',*,*,#1329,.T.);
#443=ORIENTED_EDGE('',*,*,#1330,.T.);
#444=ORIENTED_EDGE('',*,*,#1331,.T.);
#445=ORIENTED_EDGE('',*,*,#1282,.T.);
#446=ORIENTED_EDGE('',*,*,#1284,.T.);
#447=ORIENTED_EDGE('',*,*,#1332,.T.);
#448=ORIENTED_EDGE('',*,*,#1333,.T.);
#449=ORIENTED_EDGE('',*,*,#1334,.T.);
#450=ORIENTED_EDGE('',*,*,#1335,.T.);
#451=ORIENTED_EDGE('',*,*,#1336,.F.);
#452=ORIENTED_EDGE('',*,*,#1337,.T.);
#453=ORIENTED_EDGE('',*,*,#1338,.F.);
#454=ORIENTED_EDGE('',*,*,#1339,.T.);
#455=ORIENTED_EDGE('',*,*,#1340,.T.);
#456=ORIENTED_EDGE('',*,*,#1341,.T.);
#457=ORIENTED_EDGE('',*,*,#1342,.F.);
#458=ORIENTED_EDGE('',*,*,#1343,.F.);
#459=ORIENTED_EDGE('',*,*,#1344,.F.);
#460=ORIENTED_EDGE('',*,*,#1345,.T.);
#461=ORIENTED_EDGE('',*,*,#1346,.F.);
#462=ORIENTED_EDGE('',*,*,#1347,.F.);
#463=ORIENTED_EDGE('',*,*,#1341,.F.);
#464=ORIENTED_EDGE('',*,*,#1348,.T.);
#465=ORIENTED_EDGE('',*,*,#1337,.F.);
#466=ORIENTED_EDGE('',*,*,#1349,.F.);
#467=ORIENTED_EDGE('',*,*,#1350,.F.);
#468=ORIENTED_EDGE('',*,*,#1351,.T.);
#469=ORIENTED_EDGE('',*,*,#1352,.F.);
#470=ORIENTED_EDGE('',*,*,#1353,.F.);
#471=ORIENTED_EDGE('',*,*,#1354,.F.);
#472=ORIENTED_EDGE('',*,*,#1355,.T.);
#473=ORIENTED_EDGE('',*,*,#1333,.F.);
#474=ORIENTED_EDGE('',*,*,#1356,.T.);
#475=ORIENTED_EDGE('',*,*,#1357,.T.);
#476=ORIENTED_EDGE('',*,*,#1358,.T.);
#477=ORIENTED_EDGE('',*,*,#1359,.F.);
#478=ORIENTED_EDGE('',*,*,#1360,.F.);
#479=ORIENTED_EDGE('',*,*,#1285,.F.);
#480=ORIENTED_EDGE('',*,*,#1361,.T.);
#481=ORIENTED_EDGE('',*,*,#1362,.T.);
#482=ORIENTED_EDGE('',*,*,#1330,.F.);
#483=ORIENTED_EDGE('',*,*,#1281,.F.);
#484=ORIENTED_EDGE('',*,*,#1363,.F.);
#485=ORIENTED_EDGE('',*,*,#1364,.F.);
#486=ORIENTED_EDGE('',*,*,#1365,.T.);
#487=ORIENTED_EDGE('',*,*,#1366,.F.);
#488=ORIENTED_EDGE('',*,*,#1367,.T.);
#489=ORIENTED_EDGE('',*,*,#1368,.T.);
#490=ORIENTED_EDGE('',*,*,#1369,.T.);
#491=ORIENTED_EDGE('',*,*,#1370,.T.);
#492=ORIENTED_EDGE('',*,*,#1371,.F.);
#493=ORIENTED_EDGE('',*,*,#1372,.F.);
#494=ORIENTED_EDGE('',*,*,#1373,.F.);
#495=ORIENTED_EDGE('',*,*,#1374,.T.);
#496=ORIENTED_EDGE('',*,*,#1375,.T.);
#497=ORIENTED_EDGE('',*,*,#1376,.F.);
#498=ORIENTED_EDGE('',*,*,#1329,.F.);
#499=ORIENTED_EDGE('',*,*,#1377,.F.);
#500=ORIENTED_EDGE('',*,*,#1378,.F.);
#501=ORIENTED_EDGE('',*,*,#1379,.T.);
#502=ORIENTED_EDGE('',*,*,#1380,.F.);
#503=ORIENTED_EDGE('',*,*,#1381,.T.);
#504=ORIENTED_EDGE('',*,*,#1379,.F.);
#505=ORIENTED_EDGE('',*,*,#1382,.F.);
#506=ORIENTED_EDGE('',*,*,#1383,.F.);
#507=ORIENTED_EDGE('',*,*,#1384,.T.);
#508=ORIENTED_EDGE('',*,*,#1380,.T.);
#509=ORIENTED_EDGE('',*,*,#1385,.F.);
#510=ORIENTED_EDGE('',*,*,#1386,.F.);
#511=ORIENTED_EDGE('',*,*,#1387,.T.);
#512=ORIENTED_EDGE('',*,*,#1383,.T.);
#513=ORIENTED_EDGE('',*,*,#1388,.F.);
#514=ORIENTED_EDGE('',*,*,#1389,.F.);
#515=ORIENTED_EDGE('',*,*,#1390,.T.);
#516=ORIENTED_EDGE('',*,*,#1386,.T.);
#517=ORIENTED_EDGE('',*,*,#1391,.F.);
#518=ORIENTED_EDGE('',*,*,#1358,.F.);
#519=ORIENTED_EDGE('',*,*,#1392,.T.);
#520=ORIENTED_EDGE('',*,*,#1389,.T.);
#521=ORIENTED_EDGE('',*,*,#1393,.F.);
#522=ORIENTED_EDGE('',*,*,#1370,.F.);
#523=ORIENTED_EDGE('',*,*,#1394,.T.);
#524=ORIENTED_EDGE('',*,*,#1395,.F.);
#525=ORIENTED_EDGE('',*,*,#1396,.F.);
#526=ORIENTED_EDGE('',*,*,#1395,.T.);
#527=ORIENTED_EDGE('',*,*,#1397,.T.);
#528=ORIENTED_EDGE('',*,*,#1398,.F.);
#529=ORIENTED_EDGE('',*,*,#1399,.F.);
#530=ORIENTED_EDGE('',*,*,#1398,.T.);
#531=ORIENTED_EDGE('',*,*,#1400,.T.);
#532=ORIENTED_EDGE('',*,*,#1401,.F.);
#533=ORIENTED_EDGE('',*,*,#1402,.F.);
#534=ORIENTED_EDGE('',*,*,#1401,.T.);
#535=ORIENTED_EDGE('',*,*,#1403,.T.);
#536=ORIENTED_EDGE('',*,*,#1365,.F.);
#537=ORIENTED_EDGE('',*,*,#1404,.F.);
#538=ORIENTED_EDGE('',*,*,#1405,.T.);
#539=ORIENTED_EDGE('',*,*,#1406,.T.);
#540=ORIENTED_EDGE('',*,*,#1407,.F.);
#541=ORIENTED_EDGE('',*,*,#1342,.T.);
#542=ORIENTED_EDGE('',*,*,#1408,.F.);
#543=ORIENTED_EDGE('',*,*,#1346,.T.);
#544=ORIENTED_EDGE('',*,*,#1409,.T.);
#545=ORIENTED_EDGE('',*,*,#1344,.T.);
#546=ORIENTED_EDGE('',*,*,#1410,.F.);
#547=ORIENTED_EDGE('',*,*,#1411,.T.);
#548=ORIENTED_EDGE('',*,*,#1412,.T.);
#549=ORIENTED_EDGE('',*,*,#1413,.T.);
#550=ORIENTED_EDGE('',*,*,#1414,.T.);
#551=ORIENTED_EDGE('',*,*,#1366,.T.);
#552=ORIENTED_EDGE('',*,*,#1415,.F.);
#553=ORIENTED_EDGE('',*,*,#1416,.F.);
#554=ORIENTED_EDGE('',*,*,#1303,.F.);
#555=ORIENTED_EDGE('',*,*,#1417,.T.);
#556=ORIENTED_EDGE('',*,*,#1418,.T.);
#557=ORIENTED_EDGE('',*,*,#1376,.T.);
#558=ORIENTED_EDGE('',*,*,#1419,.T.);
#559=ORIENTED_EDGE('',*,*,#1420,.T.);
#560=ORIENTED_EDGE('',*,*,#1421,.T.);
#561=ORIENTED_EDGE('',*,*,#1422,.T.);
#562=ORIENTED_EDGE('',*,*,#1423,.T.);
#563=ORIENTED_EDGE('',*,*,#1424,.F.);
#564=ORIENTED_EDGE('',*,*,#1311,.T.);
#565=ORIENTED_EDGE('',*,*,#1425,.F.);
#566=ORIENTED_EDGE('',*,*,#1315,.F.);
#567=ORIENTED_EDGE('',*,*,#1326,.F.);
#568=ORIENTED_EDGE('',*,*,#1426,.T.);
#569=ORIENTED_EDGE('',*,*,#1427,.T.);
#570=ORIENTED_EDGE('',*,*,#1283,.T.);
#571=ORIENTED_EDGE('',*,*,#1274,.T.);
#572=ORIENTED_EDGE('',*,*,#1428,.T.);
#573=ORIENTED_EDGE('',*,*,#1267,.F.);
#574=ORIENTED_EDGE('',*,*,#1429,.T.);
#575=ORIENTED_EDGE('',*,*,#1260,.F.);
#576=ORIENTED_EDGE('',*,*,#1430,.T.);
#577=ORIENTED_EDGE('',*,*,#1278,.T.);
#578=ORIENTED_EDGE('',*,*,#1431,.T.);
#579=ORIENTED_EDGE('',*,*,#1432,.T.);
#580=ORIENTED_EDGE('',*,*,#1433,.T.);
#581=ORIENTED_EDGE('',*,*,#1256,.F.);
#582=ORIENTED_EDGE('',*,*,#1434,.F.);
#583=ORIENTED_EDGE('',*,*,#1263,.F.);
#584=ORIENTED_EDGE('',*,*,#1292,.T.);
#585=ORIENTED_EDGE('',*,*,#1270,.T.);
#586=ORIENTED_EDGE('',*,*,#1435,.F.);
#587=ORIENTED_EDGE('',*,*,#1352,.T.);
#588=ORIENTED_EDGE('',*,*,#1436,.T.);
#589=ORIENTED_EDGE('',*,*,#1350,.T.);
#590=ORIENTED_EDGE('',*,*,#1437,.F.);
#591=ORIENTED_EDGE('',*,*,#1438,.T.);
#592=ORIENTED_EDGE('',*,*,#1439,.T.);
#593=ORIENTED_EDGE('',*,*,#1354,.T.);
#594=ORIENTED_EDGE('',*,*,#1410,.T.);
#595=ORIENTED_EDGE('',*,*,#1440,.F.);
#596=ORIENTED_EDGE('',*,*,#1423,.F.);
#597=ORIENTED_EDGE('',*,*,#1441,.T.);
#598=ORIENTED_EDGE('',*,*,#1442,.T.);
#599=ORIENTED_EDGE('',*,*,#1443,.T.);
#600=ORIENTED_EDGE('',*,*,#1444,.F.);
#601=ORIENTED_EDGE('',*,*,#1445,.F.);
#602=ORIENTED_EDGE('',*,*,#1446,.F.);
#603=ORIENTED_EDGE('',*,*,#1447,.T.);
#604=ORIENTED_EDGE('',*,*,#1448,.T.);
#605=ORIENTED_EDGE('',*,*,#1449,.F.);
#606=ORIENTED_EDGE('',*,*,#1450,.F.);
#607=ORIENTED_EDGE('',*,*,#1451,.F.);
#608=ORIENTED_EDGE('',*,*,#1452,.T.);
#609=ORIENTED_EDGE('',*,*,#1445,.T.);
#610=ORIENTED_EDGE('',*,*,#1453,.F.);
#611=ORIENTED_EDGE('',*,*,#1454,.F.);
#612=ORIENTED_EDGE('',*,*,#1455,.T.);
#613=ORIENTED_EDGE('',*,*,#1451,.T.);
#614=ORIENTED_EDGE('',*,*,#1456,.F.);
#615=ORIENTED_EDGE('',*,*,#1457,.F.);
#616=ORIENTED_EDGE('',*,*,#1458,.T.);
#617=ORIENTED_EDGE('',*,*,#1454,.T.);
#618=ORIENTED_EDGE('',*,*,#1459,.F.);
#619=ORIENTED_EDGE('',*,*,#1460,.T.);
#620=ORIENTED_EDGE('',*,*,#1461,.T.);
#621=ORIENTED_EDGE('',*,*,#1457,.T.);
#622=ORIENTED_EDGE('',*,*,#1363,.T.);
#623=ORIENTED_EDGE('',*,*,#1280,.T.);
#624=ORIENTED_EDGE('',*,*,#1462,.T.);
#625=ORIENTED_EDGE('',*,*,#1463,.T.);
#626=ORIENTED_EDGE('',*,*,#1359,.T.);
#627=ORIENTED_EDGE('',*,*,#1393,.T.);
#628=ORIENTED_EDGE('',*,*,#1391,.T.);
#629=ORIENTED_EDGE('',*,*,#1388,.T.);
#630=ORIENTED_EDGE('',*,*,#1385,.T.);
#631=ORIENTED_EDGE('',*,*,#1382,.T.);
#632=ORIENTED_EDGE('',*,*,#1378,.T.);
#633=ORIENTED_EDGE('',*,*,#1464,.F.);
#634=ORIENTED_EDGE('',*,*,#1465,.F.);
#635=ORIENTED_EDGE('',*,*,#1466,.F.);
#636=ORIENTED_EDGE('',*,*,#1467,.F.);
#637=ORIENTED_EDGE('',*,*,#1468,.F.);
#638=ORIENTED_EDGE('',*,*,#1469,.F.);
#639=ORIENTED_EDGE('',*,*,#1470,.F.);
#640=ORIENTED_EDGE('',*,*,#1402,.T.);
#641=ORIENTED_EDGE('',*,*,#1404,.T.);
#642=ORIENTED_EDGE('',*,*,#1364,.T.);
#643=ORIENTED_EDGE('',*,*,#1463,.F.);
#644=ORIENTED_EDGE('',*,*,#1471,.F.);
#645=ORIENTED_EDGE('',*,*,#1472,.F.);
#646=ORIENTED_EDGE('',*,*,#1473,.F.);
#647=ORIENTED_EDGE('',*,*,#1474,.F.);
#648=ORIENTED_EDGE('',*,*,#1475,.F.);
#649=ORIENTED_EDGE('',*,*,#1476,.F.);
#650=ORIENTED_EDGE('',*,*,#1371,.T.);
#651=ORIENTED_EDGE('',*,*,#1396,.T.);
#652=ORIENTED_EDGE('',*,*,#1399,.T.);
#653=ORIENTED_EDGE('',*,*,#1464,.T.);
#654=ORIENTED_EDGE('',*,*,#1377,.T.);
#655=ORIENTED_EDGE('',*,*,#1328,.F.);
#656=ORIENTED_EDGE('',*,*,#1477,.T.);
#657=ORIENTED_EDGE('',*,*,#1312,.T.);
#658=ORIENTED_EDGE('',*,*,#1424,.T.);
#659=ORIENTED_EDGE('',*,*,#1440,.T.);
#660=ORIENTED_EDGE('',*,*,#1418,.F.);
#661=ORIENTED_EDGE('',*,*,#1478,.T.);
#662=ORIENTED_EDGE('',*,*,#1479,.T.);
#663=ORIENTED_EDGE('',*,*,#1480,.T.);
#664=ORIENTED_EDGE('',*,*,#1481,.T.);
#665=ORIENTED_EDGE('',*,*,#1482,.T.);
#666=ORIENTED_EDGE('',*,*,#1483,.T.);
#667=ORIENTED_EDGE('',*,*,#1484,.T.);
#668=ORIENTED_EDGE('',*,*,#1485,.T.);
#669=ORIENTED_EDGE('',*,*,#1486,.T.);
#670=ORIENTED_EDGE('',*,*,#1487,.T.);
#671=ORIENTED_EDGE('',*,*,#1264,.T.);
#672=ORIENTED_EDGE('',*,*,#1434,.T.);
#673=ORIENTED_EDGE('',*,*,#1261,.F.);
#674=ORIENTED_EDGE('',*,*,#1429,.F.);
#675=ORIENTED_EDGE('',*,*,#1266,.T.);
#676=ORIENTED_EDGE('',*,*,#1488,.T.);
#677=ORIENTED_EDGE('',*,*,#1489,.T.);
#678=ORIENTED_EDGE('',*,*,#1490,.T.);
#679=ORIENTED_EDGE('',*,*,#1294,.T.);
#680=ORIENTED_EDGE('',*,*,#1491,.T.);
#681=ORIENTED_EDGE('',*,*,#1486,.F.);
#682=ORIENTED_EDGE('',*,*,#1492,.F.);
#683=ORIENTED_EDGE('',*,*,#1295,.T.);
#684=ORIENTED_EDGE('',*,*,#1492,.T.);
#685=ORIENTED_EDGE('',*,*,#1485,.F.);
#686=ORIENTED_EDGE('',*,*,#1493,.F.);
#687=ORIENTED_EDGE('',*,*,#1296,.T.);
#688=ORIENTED_EDGE('',*,*,#1493,.T.);
#689=ORIENTED_EDGE('',*,*,#1484,.F.);
#690=ORIENTED_EDGE('',*,*,#1494,.F.);
#691=ORIENTED_EDGE('',*,*,#1297,.T.);
#692=ORIENTED_EDGE('',*,*,#1494,.T.);
#693=ORIENTED_EDGE('',*,*,#1483,.F.);
#694=ORIENTED_EDGE('',*,*,#1495,.F.);
#695=ORIENTED_EDGE('',*,*,#1298,.T.);
#696=ORIENTED_EDGE('',*,*,#1495,.T.);
#697=ORIENTED_EDGE('',*,*,#1482,.F.);
#698=ORIENTED_EDGE('',*,*,#1496,.F.);
#699=ORIENTED_EDGE('',*,*,#1299,.T.);
#700=ORIENTED_EDGE('',*,*,#1496,.T.);
#701=ORIENTED_EDGE('',*,*,#1481,.F.);
#702=ORIENTED_EDGE('',*,*,#1497,.F.);
#703=ORIENTED_EDGE('',*,*,#1300,.T.);
#704=ORIENTED_EDGE('',*,*,#1497,.T.);
#705=ORIENTED_EDGE('',*,*,#1480,.F.);
#706=ORIENTED_EDGE('',*,*,#1498,.F.);
#707=ORIENTED_EDGE('',*,*,#1301,.T.);
#708=ORIENTED_EDGE('',*,*,#1498,.T.);
#709=ORIENTED_EDGE('',*,*,#1479,.F.);
#710=ORIENTED_EDGE('',*,*,#1499,.F.);
#711=ORIENTED_EDGE('',*,*,#1417,.F.);
#712=ORIENTED_EDGE('',*,*,#1302,.T.);
#713=ORIENTED_EDGE('',*,*,#1499,.T.);
#714=ORIENTED_EDGE('',*,*,#1478,.F.);
#715=ORIENTED_EDGE('',*,*,#1500,.T.);
#716=ORIENTED_EDGE('',*,*,#1313,.T.);
#717=ORIENTED_EDGE('',*,*,#1490,.F.);
#718=ORIENTED_EDGE('',*,*,#1501,.F.);
#719=ORIENTED_EDGE('',*,*,#1502,.T.);
#720=ORIENTED_EDGE('',*,*,#1501,.T.);
#721=ORIENTED_EDGE('',*,*,#1489,.F.);
#722=ORIENTED_EDGE('',*,*,#1503,.F.);
#723=ORIENTED_EDGE('',*,*,#1504,.T.);
#724=ORIENTED_EDGE('',*,*,#1503,.T.);
#725=ORIENTED_EDGE('',*,*,#1488,.F.);
#726=ORIENTED_EDGE('',*,*,#1269,.F.);
#727=ORIENTED_EDGE('',*,*,#1293,.T.);
#728=ORIENTED_EDGE('',*,*,#1265,.T.);
#729=ORIENTED_EDGE('',*,*,#1487,.F.);
#730=ORIENTED_EDGE('',*,*,#1491,.F.);
#731=ORIENTED_EDGE('',*,*,#1505,.T.);
#732=ORIENTED_EDGE('',*,*,#1506,.T.);
#733=ORIENTED_EDGE('',*,*,#1507,.F.);
#734=ORIENTED_EDGE('',*,*,#1508,.T.);
#735=ORIENTED_EDGE('',*,*,#1507,.T.);
#736=ORIENTED_EDGE('',*,*,#1509,.T.);
#737=ORIENTED_EDGE('',*,*,#1510,.F.);
#738=ORIENTED_EDGE('',*,*,#1511,.T.);
#739=ORIENTED_EDGE('',*,*,#1510,.T.);
#740=ORIENTED_EDGE('',*,*,#1512,.T.);
#741=ORIENTED_EDGE('',*,*,#1513,.F.);
#742=ORIENTED_EDGE('',*,*,#1514,.T.);
#743=ORIENTED_EDGE('',*,*,#1515,.T.);
#744=ORIENTED_EDGE('',*,*,#1516,.F.);
#745=ORIENTED_EDGE('',*,*,#1517,.T.);
#746=ORIENTED_EDGE('',*,*,#1518,.F.);
#747=ORIENTED_EDGE('',*,*,#1519,.F.);
#748=ORIENTED_EDGE('',*,*,#1520,.T.);
#749=ORIENTED_EDGE('',*,*,#1516,.T.);
#750=ORIENTED_EDGE('',*,*,#1521,.T.);
#751=ORIENTED_EDGE('',*,*,#1522,.F.);
#752=ORIENTED_EDGE('',*,*,#1523,.T.);
#753=ORIENTED_EDGE('',*,*,#1518,.T.);
#754=ORIENTED_EDGE('',*,*,#1524,.T.);
#755=ORIENTED_EDGE('',*,*,#1525,.T.);
#756=ORIENTED_EDGE('',*,*,#1519,.T.);
#757=ORIENTED_EDGE('',*,*,#1526,.T.);
#758=ORIENTED_EDGE('',*,*,#1522,.T.);
#759=ORIENTED_EDGE('',*,*,#1527,.F.);
#760=ORIENTED_EDGE('',*,*,#1528,.T.);
#761=ORIENTED_EDGE('',*,*,#1529,.F.);
#762=ORIENTED_EDGE('',*,*,#1530,.T.);
#763=ORIENTED_EDGE('',*,*,#1531,.T.);
#764=ORIENTED_EDGE('',*,*,#1529,.T.);
#765=ORIENTED_EDGE('',*,*,#1532,.T.);
#766=ORIENTED_EDGE('',*,*,#1533,.F.);
#767=ORIENTED_EDGE('',*,*,#1534,.T.);
#768=ORIENTED_EDGE('',*,*,#1527,.T.);
#769=ORIENTED_EDGE('',*,*,#1535,.T.);
#770=ORIENTED_EDGE('',*,*,#1536,.F.);
#771=ORIENTED_EDGE('',*,*,#1533,.T.);
#772=ORIENTED_EDGE('',*,*,#1537,.T.);
#773=ORIENTED_EDGE('',*,*,#1536,.T.);
#774=ORIENTED_EDGE('',*,*,#1538,.T.);
#775=ORIENTED_EDGE('',*,*,#1524,.F.);
#776=ORIENTED_EDGE('',*,*,#1517,.F.);
#777=ORIENTED_EDGE('',*,*,#1520,.F.);
#778=ORIENTED_EDGE('',*,*,#1525,.F.);
#779=ORIENTED_EDGE('',*,*,#1538,.F.);
#780=ORIENTED_EDGE('',*,*,#1535,.F.);
#781=ORIENTED_EDGE('',*,*,#1530,.F.);
#782=ORIENTED_EDGE('',*,*,#1531,.F.);
#783=ORIENTED_EDGE('',*,*,#1539,.F.);
#784=ORIENTED_EDGE('',*,*,#1540,.T.);
#785=ORIENTED_EDGE('',*,*,#1541,.T.);
#786=ORIENTED_EDGE('',*,*,#1528,.F.);
#787=ORIENTED_EDGE('',*,*,#1542,.F.);
#788=ORIENTED_EDGE('',*,*,#1543,.T.);
#789=ORIENTED_EDGE('',*,*,#1544,.T.);
#790=ORIENTED_EDGE('',*,*,#1537,.F.);
#791=ORIENTED_EDGE('',*,*,#1542,.T.);
#792=ORIENTED_EDGE('',*,*,#1532,.F.);
#793=ORIENTED_EDGE('',*,*,#1541,.F.);
#794=ORIENTED_EDGE('',*,*,#1545,.T.);
#795=ORIENTED_EDGE('',*,*,#1546,.T.);
#796=ORIENTED_EDGE('',*,*,#1539,.T.);
#797=ORIENTED_EDGE('',*,*,#1534,.F.);
#798=ORIENTED_EDGE('',*,*,#1544,.F.);
#799=ORIENTED_EDGE('',*,*,#1547,.F.);
#800=ORIENTED_EDGE('',*,*,#1548,.T.);
#801=ORIENTED_EDGE('',*,*,#1549,.T.);
#802=ORIENTED_EDGE('',*,*,#1521,.F.);
#803=ORIENTED_EDGE('',*,*,#1550,.F.);
#804=ORIENTED_EDGE('',*,*,#1551,.T.);
#805=ORIENTED_EDGE('',*,*,#1552,.T.);
#806=ORIENTED_EDGE('',*,*,#1523,.F.);
#807=ORIENTED_EDGE('',*,*,#1553,.T.);
#808=ORIENTED_EDGE('',*,*,#1547,.T.);
#809=ORIENTED_EDGE('',*,*,#1515,.F.);
#810=ORIENTED_EDGE('',*,*,#1552,.F.);
#811=ORIENTED_EDGE('',*,*,#1550,.T.);
#812=ORIENTED_EDGE('',*,*,#1526,.F.);
#813=ORIENTED_EDGE('',*,*,#1549,.F.);
#814=ORIENTED_EDGE('',*,*,#1554,.T.);
#815=ORIENTED_EDGE('',*,*,#1555,.T.);
#816=ORIENTED_EDGE('',*,*,#1556,.T.);
#817=ORIENTED_EDGE('',*,*,#1557,.F.);
#818=ORIENTED_EDGE('',*,*,#1557,.T.);
#819=ORIENTED_EDGE('',*,*,#1558,.T.);
#820=ORIENTED_EDGE('',*,*,#1559,.T.);
#821=ORIENTED_EDGE('',*,*,#1560,.T.);
#822=ORIENTED_EDGE('',*,*,#1561,.F.);
#823=ORIENTED_EDGE('',*,*,#1562,.T.);
#824=ORIENTED_EDGE('',*,*,#1561,.T.);
#825=ORIENTED_EDGE('',*,*,#1563,.T.);
#826=ORIENTED_EDGE('',*,*,#1564,.T.);
#827=ORIENTED_EDGE('',*,*,#1565,.F.);
#828=ORIENTED_EDGE('',*,*,#1566,.T.);
#829=ORIENTED_EDGE('',*,*,#1567,.T.);
#830=ORIENTED_EDGE('',*,*,#1568,.F.);
#831=ORIENTED_EDGE('',*,*,#1569,.T.);
#832=ORIENTED_EDGE('',*,*,#1570,.T.);
#833=ORIENTED_EDGE('',*,*,#1571,.T.);
#834=ORIENTED_EDGE('',*,*,#1565,.T.);
#835=ORIENTED_EDGE('',*,*,#1572,.T.);
#836=ORIENTED_EDGE('',*,*,#1573,.T.);
#837=ORIENTED_EDGE('',*,*,#1574,.T.);
#838=ORIENTED_EDGE('',*,*,#1568,.T.);
#839=ORIENTED_EDGE('',*,*,#1304,.T.);
#840=ORIENTED_EDGE('',*,*,#1416,.T.);
#841=ORIENTED_EDGE('',*,*,#1575,.T.);
#842=ORIENTED_EDGE('',*,*,#1576,.F.);
#843=ORIENTED_EDGE('',*,*,#1577,.F.);
#844=ORIENTED_EDGE('',*,*,#1305,.T.);
#845=ORIENTED_EDGE('',*,*,#1576,.T.);
#846=ORIENTED_EDGE('',*,*,#1578,.T.);
#847=ORIENTED_EDGE('',*,*,#1579,.F.);
#848=ORIENTED_EDGE('',*,*,#1580,.T.);
#849=ORIENTED_EDGE('',*,*,#1317,.T.);
#850=ORIENTED_EDGE('',*,*,#1581,.T.);
#851=ORIENTED_EDGE('',*,*,#1582,.F.);
#852=ORIENTED_EDGE('',*,*,#1306,.T.);
#853=ORIENTED_EDGE('',*,*,#1577,.T.);
#854=ORIENTED_EDGE('',*,*,#1583,.T.);
#855=ORIENTED_EDGE('',*,*,#1584,.F.);
#856=ORIENTED_EDGE('',*,*,#1585,.T.);
#857=ORIENTED_EDGE('',*,*,#1579,.T.);
#858=ORIENTED_EDGE('',*,*,#1586,.T.);
#859=ORIENTED_EDGE('',*,*,#1587,.F.);
#860=ORIENTED_EDGE('',*,*,#1307,.T.);
#861=ORIENTED_EDGE('',*,*,#1582,.T.);
#862=ORIENTED_EDGE('',*,*,#1588,.T.);
#863=ORIENTED_EDGE('',*,*,#1589,.F.);
#864=ORIENTED_EDGE('',*,*,#1590,.T.);
#865=ORIENTED_EDGE('',*,*,#1584,.T.);
#866=ORIENTED_EDGE('',*,*,#1591,.T.);
#867=ORIENTED_EDGE('',*,*,#1592,.F.);
#868=ORIENTED_EDGE('',*,*,#1308,.T.);
#869=ORIENTED_EDGE('',*,*,#1587,.T.);
#870=ORIENTED_EDGE('',*,*,#1593,.T.);
#871=ORIENTED_EDGE('',*,*,#1594,.F.);
#872=ORIENTED_EDGE('',*,*,#1595,.T.);
#873=ORIENTED_EDGE('',*,*,#1589,.T.);
#874=ORIENTED_EDGE('',*,*,#1596,.T.);
#875=ORIENTED_EDGE('',*,*,#1272,.F.);
#876=ORIENTED_EDGE('',*,*,#1309,.T.);
#877=ORIENTED_EDGE('',*,*,#1592,.T.);
#878=ORIENTED_EDGE('',*,*,#1597,.T.);
#879=ORIENTED_EDGE('',*,*,#1276,.F.);
#880=ORIENTED_EDGE('',*,*,#1598,.T.);
#881=ORIENTED_EDGE('',*,*,#1594,.T.);
#882=ORIENTED_EDGE('',*,*,#1599,.T.);
#883=ORIENTED_EDGE('',*,*,#1600,.F.);
#884=ORIENTED_EDGE('',*,*,#1601,.T.);
#885=ORIENTED_EDGE('',*,*,#1602,.T.);
#886=ORIENTED_EDGE('',*,*,#1327,.T.);
#887=ORIENTED_EDGE('',*,*,#1580,.F.);
#888=ORIENTED_EDGE('',*,*,#1603,.F.);
#889=ORIENTED_EDGE('',*,*,#1604,.F.);
#890=ORIENTED_EDGE('',*,*,#1605,.T.);
#891=ORIENTED_EDGE('',*,*,#1606,.T.);
#892=ORIENTED_EDGE('',*,*,#1607,.T.);
#893=ORIENTED_EDGE('',*,*,#1608,.T.);
#894=ORIENTED_EDGE('',*,*,#1578,.F.);
#895=ORIENTED_EDGE('',*,*,#1609,.F.);
#896=ORIENTED_EDGE('',*,*,#1610,.F.);
#897=ORIENTED_EDGE('',*,*,#1611,.F.);
#898=ORIENTED_EDGE('',*,*,#1593,.F.);
#899=ORIENTED_EDGE('',*,*,#1612,.T.);
#900=ORIENTED_EDGE('',*,*,#1564,.F.);
#901=ORIENTED_EDGE('',*,*,#1612,.F.);
#902=ORIENTED_EDGE('',*,*,#1588,.F.);
#903=ORIENTED_EDGE('',*,*,#1613,.T.);
#904=ORIENTED_EDGE('',*,*,#1562,.F.);
#905=ORIENTED_EDGE('',*,*,#1614,.F.);
#906=ORIENTED_EDGE('',*,*,#1615,.F.);
#907=ORIENTED_EDGE('',*,*,#1616,.F.);
#908=ORIENTED_EDGE('',*,*,#1598,.F.);
#909=ORIENTED_EDGE('',*,*,#1287,.T.);
#910=ORIENTED_EDGE('',*,*,#1617,.F.);
#911=ORIENTED_EDGE('',*,*,#1618,.F.);
#912=ORIENTED_EDGE('',*,*,#1619,.F.);
#913=ORIENTED_EDGE('',*,*,#1279,.F.);
#914=ORIENTED_EDGE('',*,*,#1597,.F.);
#915=ORIENTED_EDGE('',*,*,#1611,.T.);
#916=ORIENTED_EDGE('',*,*,#1610,.T.);
#917=ORIENTED_EDGE('',*,*,#1620,.F.);
#918=ORIENTED_EDGE('',*,*,#1555,.F.);
#919=ORIENTED_EDGE('',*,*,#1613,.F.);
#920=ORIENTED_EDGE('',*,*,#1583,.F.);
#921=ORIENTED_EDGE('',*,*,#1608,.F.);
#922=ORIENTED_EDGE('',*,*,#1607,.F.);
#923=ORIENTED_EDGE('',*,*,#1621,.F.);
#924=ORIENTED_EDGE('',*,*,#1573,.F.);
#925=ORIENTED_EDGE('',*,*,#1622,.F.);
#926=ORIENTED_EDGE('',*,*,#1595,.F.);
#927=ORIENTED_EDGE('',*,*,#1616,.T.);
#928=ORIENTED_EDGE('',*,*,#1615,.T.);
#929=ORIENTED_EDGE('',*,*,#1623,.F.);
#930=ORIENTED_EDGE('',*,*,#1590,.F.);
#931=ORIENTED_EDGE('',*,*,#1622,.T.);
#932=ORIENTED_EDGE('',*,*,#1572,.F.);
#933=ORIENTED_EDGE('',*,*,#1624,.F.);
#934=ORIENTED_EDGE('',*,*,#1600,.T.);
#935=ORIENTED_EDGE('',*,*,#1603,.T.);
#936=ORIENTED_EDGE('',*,*,#1585,.F.);
#937=ORIENTED_EDGE('',*,*,#1623,.T.);
#938=ORIENTED_EDGE('',*,*,#1567,.F.);
#939=ORIENTED_EDGE('',*,*,#1575,.F.);
#940=ORIENTED_EDGE('',*,*,#1415,.T.);
#941=ORIENTED_EDGE('',*,*,#1373,.T.);
#942=ORIENTED_EDGE('',*,*,#1625,.T.);
#943=ORIENTED_EDGE('',*,*,#1604,.T.);
#944=ORIENTED_EDGE('',*,*,#1513,.T.);
#945=ORIENTED_EDGE('',*,*,#1626,.T.);
#946=ORIENTED_EDGE('',*,*,#1505,.F.);
#947=ORIENTED_EDGE('',*,*,#1627,.F.);
#948=ORIENTED_EDGE('',*,*,#1581,.F.);
#949=ORIENTED_EDGE('',*,*,#1316,.F.);
#950=ORIENTED_EDGE('',*,*,#1425,.T.);
#951=ORIENTED_EDGE('',*,*,#1310,.F.);
#952=ORIENTED_EDGE('',*,*,#1500,.F.);
#953=ORIENTED_EDGE('',*,*,#1502,.F.);
#954=ORIENTED_EDGE('',*,*,#1504,.F.);
#955=ORIENTED_EDGE('',*,*,#1268,.F.);
#956=ORIENTED_EDGE('',*,*,#1428,.F.);
#957=ORIENTED_EDGE('',*,*,#1277,.F.);
#958=ORIENTED_EDGE('',*,*,#1599,.F.);
#959=ORIENTED_EDGE('',*,*,#1596,.F.);
#960=ORIENTED_EDGE('',*,*,#1591,.F.);
#961=ORIENTED_EDGE('',*,*,#1586,.F.);
#962=ORIENTED_EDGE('',*,*,#1508,.F.);
#963=ORIENTED_EDGE('',*,*,#1511,.F.);
#964=ORIENTED_EDGE('',*,*,#1514,.F.);
#965=ORIENTED_EDGE('',*,*,#1627,.T.);
#966=ORIENTED_EDGE('',*,*,#1574,.F.);
#967=ORIENTED_EDGE('',*,*,#1621,.T.);
#968=ORIENTED_EDGE('',*,*,#1614,.T.);
#969=ORIENTED_EDGE('',*,*,#1628,.T.);
#970=ORIENTED_EDGE('',*,*,#1468,.T.);
#971=ORIENTED_EDGE('',*,*,#1629,.F.);
#972=ORIENTED_EDGE('',*,*,#1569,.F.);
#973=ORIENTED_EDGE('',*,*,#1629,.T.);
#974=ORIENTED_EDGE('',*,*,#1467,.T.);
#975=ORIENTED_EDGE('',*,*,#1630,.F.);
#976=ORIENTED_EDGE('',*,*,#1570,.F.);
#977=ORIENTED_EDGE('',*,*,#1630,.T.);
#978=ORIENTED_EDGE('',*,*,#1466,.T.);
#979=ORIENTED_EDGE('',*,*,#1631,.F.);
#980=ORIENTED_EDGE('',*,*,#1601,.F.);
#981=ORIENTED_EDGE('',*,*,#1624,.T.);
#982=ORIENTED_EDGE('',*,*,#1566,.F.);
#983=ORIENTED_EDGE('',*,*,#1571,.F.);
#984=ORIENTED_EDGE('',*,*,#1631,.T.);
#985=ORIENTED_EDGE('',*,*,#1465,.T.);
#986=ORIENTED_EDGE('',*,*,#1477,.F.);
#987=ORIENTED_EDGE('',*,*,#1602,.F.);
#988=ORIENTED_EDGE('',*,*,#1625,.F.);
#989=ORIENTED_EDGE('',*,*,#1372,.T.);
#990=ORIENTED_EDGE('',*,*,#1476,.T.);
#991=ORIENTED_EDGE('',*,*,#1632,.F.);
#992=ORIENTED_EDGE('',*,*,#1632,.T.);
#993=ORIENTED_EDGE('',*,*,#1475,.T.);
#994=ORIENTED_EDGE('',*,*,#1633,.F.);
#995=ORIENTED_EDGE('',*,*,#1605,.F.);
#996=ORIENTED_EDGE('',*,*,#1556,.F.);
#997=ORIENTED_EDGE('',*,*,#1620,.T.);
#998=ORIENTED_EDGE('',*,*,#1606,.F.);
#999=ORIENTED_EDGE('',*,*,#1633,.T.);
#1000=ORIENTED_EDGE('',*,*,#1474,.T.);
#1001=ORIENTED_EDGE('',*,*,#1634,.F.);
#1002=ORIENTED_EDGE('',*,*,#1558,.F.);
#1003=ORIENTED_EDGE('',*,*,#1634,.T.);
#1004=ORIENTED_EDGE('',*,*,#1473,.T.);
#1005=ORIENTED_EDGE('',*,*,#1635,.F.);
#1006=ORIENTED_EDGE('',*,*,#1559,.F.);
#1007=ORIENTED_EDGE('',*,*,#1635,.T.);
#1008=ORIENTED_EDGE('',*,*,#1472,.T.);
#1009=ORIENTED_EDGE('',*,*,#1636,.F.);
#1010=ORIENTED_EDGE('',*,*,#1618,.T.);
#1011=ORIENTED_EDGE('',*,*,#1609,.T.);
#1012=ORIENTED_EDGE('',*,*,#1563,.F.);
#1013=ORIENTED_EDGE('',*,*,#1560,.F.);
#1014=ORIENTED_EDGE('',*,*,#1619,.T.);
#1015=ORIENTED_EDGE('',*,*,#1636,.T.);
#1016=ORIENTED_EDGE('',*,*,#1471,.T.);
#1017=ORIENTED_EDGE('',*,*,#1462,.F.);
#1018=ORIENTED_EDGE('',*,*,#1286,.T.);
#1019=ORIENTED_EDGE('',*,*,#1360,.T.);
#1020=ORIENTED_EDGE('',*,*,#1470,.T.);
#1021=ORIENTED_EDGE('',*,*,#1637,.F.);
#1022=ORIENTED_EDGE('',*,*,#1617,.T.);
#1023=ORIENTED_EDGE('',*,*,#1637,.T.);
#1024=ORIENTED_EDGE('',*,*,#1469,.T.);
#1025=ORIENTED_EDGE('',*,*,#1628,.F.);
#1026=ORIENTED_EDGE('',*,*,#1638,.F.);
#1027=ORIENTED_EDGE('',*,*,#1509,.F.);
#1028=ORIENTED_EDGE('',*,*,#1639,.F.);
#1029=ORIENTED_EDGE('',*,*,#1291,.F.);
#1030=ORIENTED_EDGE('',*,*,#1639,.T.);
#1031=ORIENTED_EDGE('',*,*,#1506,.F.);
#1032=ORIENTED_EDGE('',*,*,#1640,.F.);
#1033=ORIENTED_EDGE('',*,*,#1288,.F.);
#1034=ORIENTED_EDGE('',*,*,#1638,.T.);
#1035=ORIENTED_EDGE('',*,*,#1290,.F.);
#1036=ORIENTED_EDGE('',*,*,#1641,.F.);
#1037=ORIENTED_EDGE('',*,*,#1512,.F.);
#1038=ORIENTED_EDGE('',*,*,#1640,.T.);
#1039=ORIENTED_EDGE('',*,*,#1626,.F.);
#1040=ORIENTED_EDGE('',*,*,#1641,.T.);
#1041=ORIENTED_EDGE('',*,*,#1289,.F.);
#1042=ORIENTED_EDGE('',*,*,#1642,.F.);
#1043=ORIENTED_EDGE('',*,*,#1318,.F.);
#1044=ORIENTED_EDGE('',*,*,#1643,.F.);
#1045=ORIENTED_EDGE('',*,*,#1553,.F.);
#1046=ORIENTED_EDGE('',*,*,#1643,.T.);
#1047=ORIENTED_EDGE('',*,*,#1321,.F.);
#1048=ORIENTED_EDGE('',*,*,#1644,.F.);
#1049=ORIENTED_EDGE('',*,*,#1548,.F.);
#1050=ORIENTED_EDGE('',*,*,#1642,.T.);
#1051=ORIENTED_EDGE('',*,*,#1551,.F.);
#1052=ORIENTED_EDGE('',*,*,#1645,.F.);
#1053=ORIENTED_EDGE('',*,*,#1319,.F.);
#1054=ORIENTED_EDGE('',*,*,#1645,.T.);
#1055=ORIENTED_EDGE('',*,*,#1554,.F.);
#1056=ORIENTED_EDGE('',*,*,#1644,.T.);
#1057=ORIENTED_EDGE('',*,*,#1320,.F.);
#1058=ORIENTED_EDGE('',*,*,#1646,.F.);
#1059=ORIENTED_EDGE('',*,*,#1323,.F.);
#1060=ORIENTED_EDGE('',*,*,#1647,.F.);
#1061=ORIENTED_EDGE('',*,*,#1543,.F.);
#1062=ORIENTED_EDGE('',*,*,#1647,.T.);
#1063=ORIENTED_EDGE('',*,*,#1322,.F.);
#1064=ORIENTED_EDGE('',*,*,#1648,.F.);
#1065=ORIENTED_EDGE('',*,*,#1546,.F.);
#1066=ORIENTED_EDGE('',*,*,#1646,.T.);
#1067=ORIENTED_EDGE('',*,*,#1545,.F.);
#1068=ORIENTED_EDGE('',*,*,#1649,.F.);
#1069=ORIENTED_EDGE('',*,*,#1324,.F.);
#1070=ORIENTED_EDGE('',*,*,#1648,.T.);
#1071=ORIENTED_EDGE('',*,*,#1325,.F.);
#1072=ORIENTED_EDGE('',*,*,#1649,.T.);
#1073=ORIENTED_EDGE('',*,*,#1540,.F.);
#1074=ORIENTED_EDGE('',*,*,#1650,.T.);
#1075=ORIENTED_EDGE('',*,*,#1651,.T.);
#1076=ORIENTED_EDGE('',*,*,#1442,.F.);
#1077=ORIENTED_EDGE('',*,*,#1452,.F.);
#1078=ORIENTED_EDGE('',*,*,#1455,.F.);
#1079=ORIENTED_EDGE('',*,*,#1458,.F.);
#1080=ORIENTED_EDGE('',*,*,#1461,.F.);
#1081=ORIENTED_EDGE('',*,*,#1652,.T.);
#1082=ORIENTED_EDGE('',*,*,#1653,.T.);
#1083=ORIENTED_EDGE('',*,*,#1654,.T.);
#1084=ORIENTED_EDGE('',*,*,#1655,.F.);
#1085=ORIENTED_EDGE('',*,*,#1656,.F.);
#1086=ORIENTED_EDGE('',*,*,#1657,.F.);
#1087=ORIENTED_EDGE('',*,*,#1658,.F.);
#1088=ORIENTED_EDGE('',*,*,#1448,.F.);
#1089=ORIENTED_EDGE('',*,*,#1659,.T.);
#1090=ORIENTED_EDGE('',*,*,#1340,.F.);
#1091=ORIENTED_EDGE('',*,*,#1660,.T.);
#1092=ORIENTED_EDGE('',*,*,#1446,.T.);
#1093=ORIENTED_EDGE('',*,*,#1661,.F.);
#1094=ORIENTED_EDGE('',*,*,#1662,.T.);
#1095=ORIENTED_EDGE('',*,*,#1663,.F.);
#1096=ORIENTED_EDGE('',*,*,#1348,.F.);
#1097=ORIENTED_EDGE('',*,*,#1661,.T.);
#1098=ORIENTED_EDGE('',*,*,#1656,.T.);
#1099=ORIENTED_EDGE('',*,*,#1664,.F.);
#1100=ORIENTED_EDGE('',*,*,#1665,.F.);
#1101=ORIENTED_EDGE('',*,*,#1666,.T.);
#1102=ORIENTED_EDGE('',*,*,#1657,.T.);
#1103=ORIENTED_EDGE('',*,*,#1666,.F.);
#1104=ORIENTED_EDGE('',*,*,#1667,.F.);
#1105=ORIENTED_EDGE('',*,*,#1668,.T.);
#1106=ORIENTED_EDGE('',*,*,#1665,.T.);
#1107=ORIENTED_EDGE('',*,*,#1669,.F.);
#1108=ORIENTED_EDGE('',*,*,#1345,.F.);
#1109=ORIENTED_EDGE('',*,*,#1670,.T.);
#1110=ORIENTED_EDGE('',*,*,#1655,.T.);
#1111=ORIENTED_EDGE('',*,*,#1671,.T.);
#1112=ORIENTED_EDGE('',*,*,#1672,.F.);
#1113=ORIENTED_EDGE('',*,*,#1664,.T.);
#1114=ORIENTED_EDGE('',*,*,#1673,.T.);
#1115=ORIENTED_EDGE('',*,*,#1405,.F.);
#1116=ORIENTED_EDGE('',*,*,#1669,.T.);
#1117=ORIENTED_EDGE('',*,*,#1672,.T.);
#1118=ORIENTED_EDGE('',*,*,#1667,.T.);
#1119=ORIENTED_EDGE('',*,*,#1670,.F.);
#1120=ORIENTED_EDGE('',*,*,#1409,.F.);
#1121=ORIENTED_EDGE('',*,*,#1663,.T.);
#1122=ORIENTED_EDGE('',*,*,#1658,.T.);
#1123=ORIENTED_EDGE('',*,*,#1668,.F.);
#1124=ORIENTED_EDGE('',*,*,#1662,.F.);
#1125=ORIENTED_EDGE('',*,*,#1449,.T.);
#1126=ORIENTED_EDGE('',*,*,#1674,.T.);
#1127=ORIENTED_EDGE('',*,*,#1334,.F.);
#1128=ORIENTED_EDGE('',*,*,#1675,.T.);
#1129=ORIENTED_EDGE('',*,*,#1444,.T.);
#1130=ORIENTED_EDGE('',*,*,#1439,.F.);
#1131=ORIENTED_EDGE('',*,*,#1676,.T.);
#1132=ORIENTED_EDGE('',*,*,#1459,.T.);
#1133=ORIENTED_EDGE('',*,*,#1677,.F.);
#1134=ORIENTED_EDGE('',*,*,#1456,.T.);
#1135=ORIENTED_EDGE('',*,*,#1678,.F.);
#1136=ORIENTED_EDGE('',*,*,#1355,.F.);
#1137=ORIENTED_EDGE('',*,*,#1677,.T.);
#1138=ORIENTED_EDGE('',*,*,#1453,.T.);
#1139=ORIENTED_EDGE('',*,*,#1679,.F.);
#1140=ORIENTED_EDGE('',*,*,#1436,.F.);
#1141=ORIENTED_EDGE('',*,*,#1678,.T.);
#1142=ORIENTED_EDGE('',*,*,#1450,.T.);
#1143=ORIENTED_EDGE('',*,*,#1675,.F.);
#1144=ORIENTED_EDGE('',*,*,#1351,.F.);
#1145=ORIENTED_EDGE('',*,*,#1679,.T.);
#1146=ORIENTED_EDGE('',*,*,#1336,.T.);
#1147=ORIENTED_EDGE('',*,*,#1680,.T.);
#1148=ORIENTED_EDGE('',*,*,#1361,.F.);
#1149=ORIENTED_EDGE('',*,*,#1403,.F.);
#1150=ORIENTED_EDGE('',*,*,#1681,.T.);
#1151=ORIENTED_EDGE('',*,*,#1349,.T.);
#1152=ORIENTED_EDGE('',*,*,#1681,.F.);
#1153=ORIENTED_EDGE('',*,*,#1400,.F.);
#1154=ORIENTED_EDGE('',*,*,#1682,.T.);
#1155=ORIENTED_EDGE('',*,*,#1435,.T.);
#1156=ORIENTED_EDGE('',*,*,#1682,.F.);
#1157=ORIENTED_EDGE('',*,*,#1397,.F.);
#1158=ORIENTED_EDGE('',*,*,#1683,.T.);
#1159=ORIENTED_EDGE('',*,*,#1684,.T.);
#1160=ORIENTED_EDGE('',*,*,#1353,.T.);
#1161=ORIENTED_EDGE('',*,*,#1683,.F.);
#1162=ORIENTED_EDGE('',*,*,#1394,.F.);
#1163=ORIENTED_EDGE('',*,*,#1369,.F.);
#1164=ORIENTED_EDGE('',*,*,#1368,.F.);
#1165=ORIENTED_EDGE('',*,*,#1685,.T.);
#1166=ORIENTED_EDGE('',*,*,#1437,.T.);
#1167=ORIENTED_EDGE('',*,*,#1684,.F.);
#1168=ORIENTED_EDGE('',*,*,#1357,.F.);
#1169=ORIENTED_EDGE('',*,*,#1686,.T.);
#1170=ORIENTED_EDGE('',*,*,#1338,.T.);
#1171=ORIENTED_EDGE('',*,*,#1687,.F.);
#1172=ORIENTED_EDGE('',*,*,#1392,.F.);
#1173=ORIENTED_EDGE('',*,*,#1347,.T.);
#1174=ORIENTED_EDGE('',*,*,#1688,.F.);
#1175=ORIENTED_EDGE('',*,*,#1390,.F.);
#1176=ORIENTED_EDGE('',*,*,#1687,.T.);
#1177=ORIENTED_EDGE('',*,*,#1408,.T.);
#1178=ORIENTED_EDGE('',*,*,#1689,.F.);
#1179=ORIENTED_EDGE('',*,*,#1387,.F.);
#1180=ORIENTED_EDGE('',*,*,#1688,.T.);
#1181=ORIENTED_EDGE('',*,*,#1343,.T.);
#1182=ORIENTED_EDGE('',*,*,#1690,.F.);
#1183=ORIENTED_EDGE('',*,*,#1384,.F.);
#1184=ORIENTED_EDGE('',*,*,#1689,.T.);
#1185=ORIENTED_EDGE('',*,*,#1407,.T.);
#1186=ORIENTED_EDGE('',*,*,#1691,.T.);
#1187=ORIENTED_EDGE('',*,*,#1374,.F.);
#1188=ORIENTED_EDGE('',*,*,#1381,.F.);
#1189=ORIENTED_EDGE('',*,*,#1690,.T.);
#1190=ORIENTED_EDGE('',*,*,#1367,.F.);
#1191=ORIENTED_EDGE('',*,*,#1414,.F.);
#1192=ORIENTED_EDGE('',*,*,#1692,.F.);
#1193=ORIENTED_EDGE('',*,*,#1438,.F.);
#1194=ORIENTED_EDGE('',*,*,#1685,.F.);
#1195=ORIENTED_EDGE('',*,*,#1692,.T.);
#1196=ORIENTED_EDGE('',*,*,#1413,.F.);
#1197=ORIENTED_EDGE('',*,*,#1693,.F.);
#1198=ORIENTED_EDGE('',*,*,#1676,.F.);
#1199=ORIENTED_EDGE('',*,*,#1652,.F.);
#1200=ORIENTED_EDGE('',*,*,#1460,.F.);
#1201=ORIENTED_EDGE('',*,*,#1693,.T.);
#1202=ORIENTED_EDGE('',*,*,#1412,.F.);
#1203=ORIENTED_EDGE('',*,*,#1659,.F.);
#1204=ORIENTED_EDGE('',*,*,#1447,.F.);
#1205=ORIENTED_EDGE('',*,*,#1694,.F.);
#1206=ORIENTED_EDGE('',*,*,#1430,.F.);
#1207=ORIENTED_EDGE('',*,*,#1259,.F.);
#1208=ORIENTED_EDGE('',*,*,#1695,.T.);
#1209=ORIENTED_EDGE('',*,*,#1694,.T.);
#1210=ORIENTED_EDGE('',*,*,#1660,.F.);
#1211=ORIENTED_EDGE('',*,*,#1696,.F.);
#1212=ORIENTED_EDGE('',*,*,#1426,.F.);
#1213=ORIENTED_EDGE('',*,*,#1696,.T.);
#1214=ORIENTED_EDGE('',*,*,#1339,.F.);
#1215=ORIENTED_EDGE('',*,*,#1686,.F.);
#1216=ORIENTED_EDGE('',*,*,#1356,.F.);
#1217=ORIENTED_EDGE('',*,*,#1332,.F.);
#1218=ORIENTED_EDGE('',*,*,#1427,.F.);
#1219=ORIENTED_EDGE('',*,*,#1257,.F.);
#1220=ORIENTED_EDGE('',*,*,#1433,.F.);
#1221=ORIENTED_EDGE('',*,*,#1697,.F.);
#1222=ORIENTED_EDGE('',*,*,#1443,.F.);
#1223=ORIENTED_EDGE('',*,*,#1651,.F.);
#1224=ORIENTED_EDGE('',*,*,#1698,.T.);
#1225=ORIENTED_EDGE('',*,*,#1697,.T.);
#1226=ORIENTED_EDGE('',*,*,#1432,.F.);
#1227=ORIENTED_EDGE('',*,*,#1699,.F.);
#1228=ORIENTED_EDGE('',*,*,#1674,.F.);
#1229=ORIENTED_EDGE('',*,*,#1431,.F.);
#1230=ORIENTED_EDGE('',*,*,#1331,.F.);
#1231=ORIENTED_EDGE('',*,*,#1362,.F.);
#1232=ORIENTED_EDGE('',*,*,#1680,.F.);
#1233=ORIENTED_EDGE('',*,*,#1335,.F.);
#1234=ORIENTED_EDGE('',*,*,#1699,.T.);
#1235=ORIENTED_EDGE('',*,*,#1654,.F.);
#1236=ORIENTED_EDGE('',*,*,#1421,.F.);
#1237=ORIENTED_EDGE('',*,*,#1700,.F.);
#1238=ORIENTED_EDGE('',*,*,#1671,.F.);
#1239=ORIENTED_EDGE('',*,*,#1700,.T.);
#1240=ORIENTED_EDGE('',*,*,#1420,.F.);
#1241=ORIENTED_EDGE('',*,*,#1701,.F.);
#1242=ORIENTED_EDGE('',*,*,#1673,.F.);
#1243=ORIENTED_EDGE('',*,*,#1701,.T.);
#1244=ORIENTED_EDGE('',*,*,#1419,.F.);
#1245=ORIENTED_EDGE('',*,*,#1375,.F.);
#1246=ORIENTED_EDGE('',*,*,#1691,.F.);
#1247=ORIENTED_EDGE('',*,*,#1406,.F.);
#1248=ORIENTED_EDGE('',*,*,#1695,.F.);
#1249=ORIENTED_EDGE('',*,*,#1258,.F.);
#1250=ORIENTED_EDGE('',*,*,#1698,.F.);
#1251=ORIENTED_EDGE('',*,*,#1650,.F.);
#1252=ORIENTED_EDGE('',*,*,#1411,.F.);
#1253=ORIENTED_EDGE('',*,*,#1441,.F.);
#1254=ORIENTED_EDGE('',*,*,#1422,.F.);
#1255=ORIENTED_EDGE('',*,*,#1653,.F.);
#1256=EDGE_CURVE('',#1702,#1703,#1973,.T.);
#1257=EDGE_CURVE('',#1703,#1704,#346,.T.);
#1258=EDGE_CURVE('',#1704,#1705,#1974,.T.);
#1259=EDGE_CURVE('',#1705,#1706,#347,.T.);
#1260=EDGE_CURVE('',#1706,#1707,#1975,.T.);
#1261=EDGE_CURVE('',#1707,#1702,#1976,.T.);
#1262=EDGE_CURVE('',#1708,#1709,#1977,.T.);
#1263=EDGE_CURVE('',#1709,#1710,#1978,.T.);
#1264=EDGE_CURVE('',#1711,#1710,#1979,.T.);
#1265=EDGE_CURVE('',#1708,#1711,#1980,.T.);
#1266=EDGE_CURVE('',#1712,#1713,#1981,.T.);
#1267=EDGE_CURVE('',#1712,#1714,#1982,.T.);
#1268=EDGE_CURVE('',#1714,#1715,#1983,.T.);
#1269=EDGE_CURVE('',#1715,#1713,#1984,.T.);
#1270=EDGE_CURVE('',#1716,#1717,#142,.F.);
#1271=EDGE_CURVE('',#1716,#1718,#1985,.T.);
#1272=EDGE_CURVE('',#1718,#1719,#143,.T.);
#1273=EDGE_CURVE('',#1719,#1717,#1986,.T.);
#1274=EDGE_CURVE('',#1720,#1721,#144,.F.);
#1275=EDGE_CURVE('',#1720,#1722,#1987,.T.);
#1276=EDGE_CURVE('',#1722,#1723,#145,.T.);
#1277=EDGE_CURVE('',#1723,#1721,#1988,.T.);
#1278=EDGE_CURVE('',#1717,#1724,#146,.T.);
#1279=EDGE_CURVE('',#1719,#1725,#147,.F.);
#1280=EDGE_CURVE('',#1726,#1725,#1989,.F.);
#1281=EDGE_CURVE('',#1726,#1727,#348,.F.);
#1282=EDGE_CURVE('',#1724,#1727,#148,.T.);
#1283=EDGE_CURVE('',#1728,#1720,#149,.T.);
#1284=EDGE_CURVE('',#1729,#1728,#150,.T.);
#1285=EDGE_CURVE('',#1729,#1730,#349,.F.);
#1286=EDGE_CURVE('',#1731,#1730,#1990,.F.);
#1287=EDGE_CURVE('',#1722,#1731,#151,.F.);
#1288=EDGE_CURVE('',#1732,#1733,#1991,.T.);
#1289=EDGE_CURVE('',#1733,#1734,#152,.T.);
#1290=EDGE_CURVE('',#1734,#1735,#1992,.T.);
#1291=EDGE_CURVE('',#1735,#1732,#153,.T.);
#1292=EDGE_CURVE('',#1709,#1716,#1993,.T.);
#1293=EDGE_CURVE('',#1736,#1708,#154,.T.);
#1294=EDGE_CURVE('',#1737,#1736,#1994,.T.);
#1295=EDGE_CURVE('',#1738,#1737,#155,.T.);
#1296=EDGE_CURVE('',#1739,#1738,#156,.T.);
#1297=EDGE_CURVE('',#1740,#1739,#1995,.T.);
#1298=EDGE_CURVE('',#1741,#1740,#157,.T.);
#1299=EDGE_CURVE('',#1742,#1741,#158,.T.);
#1300=EDGE_CURVE('',#1743,#1742,#1996,.T.);
#1301=EDGE_CURVE('',#1744,#1743,#159,.T.);
#1302=EDGE_CURVE('',#1745,#1744,#1997,.T.);
#1303=EDGE_CURVE('',#1745,#1746,#1998,.T.);
#1304=EDGE_CURVE('',#1747,#1746,#1999,.F.);
#1305=EDGE_CURVE('',#1748,#1747,#160,.T.);
#1306=EDGE_CURVE('',#1749,#1748,#76,.T.);
#1307=EDGE_CURVE('',#1750,#1749,#2000,.T.);
#1308=EDGE_CURVE('',#1751,#1750,#77,.T.);
#1309=EDGE_CURVE('',#1718,#1751,#161,.T.);
#1310=EDGE_CURVE('',#1752,#1753,#2001,.T.);
#1311=EDGE_CURVE('',#1754,#1753,#2002,.T.);
#1312=EDGE_CURVE('',#1755,#1754,#2003,.T.);
#1313=EDGE_CURVE('',#1752,#1755,#2004,.T.);
#1314=EDGE_CURVE('',#1756,#1757,#2005,.T.);
#1315=EDGE_CURVE('',#1757,#1758,#162,.F.);
#1316=EDGE_CURVE('',#1758,#1759,#2006,.F.);
#1317=EDGE_CURVE('',#1756,#1759,#163,.T.);
#1318=EDGE_CURVE('',#1760,#1761,#78,.T.);
#1319=EDGE_CURVE('',#1761,#1762,#2007,.T.);
#1320=EDGE_CURVE('',#1762,#1763,#79,.T.);
#1321=EDGE_CURVE('',#1763,#1760,#2008,.F.);
#1322=EDGE_CURVE('',#1764,#1765,#80,.T.);
#1323=EDGE_CURVE('',#1765,#1766,#2009,.T.);
#1324=EDGE_CURVE('',#1766,#1767,#81,.T.);
#1325=EDGE_CURVE('',#1767,#1764,#2010,.F.);
#1326=EDGE_CURVE('',#1768,#1757,#164,.F.);
#1327=EDGE_CURVE('',#1769,#1756,#165,.F.);
#1328=EDGE_CURVE('',#1769,#1770,#2011,.T.);
#1329=EDGE_CURVE('',#1770,#1768,#350,.F.);
#1330=EDGE_CURVE('',#1727,#1771,#2012,.T.);
#1331=EDGE_CURVE('',#1771,#1724,#2013,.F.);
#1332=EDGE_CURVE('',#1728,#1772,#2014,.T.);
#1333=EDGE_CURVE('',#1772,#1729,#2015,.T.);
#1334=EDGE_CURVE('',#1773,#1774,#2016,.T.);
#1335=EDGE_CURVE('',#1774,#1775,#2017,.T.);
#1336=EDGE_CURVE('',#1776,#1775,#2018,.T.);
#1337=EDGE_CURVE('',#1776,#1773,#2019,.T.);
#1338=EDGE_CURVE('',#1777,#1778,#2020,.T.);
#1339=EDGE_CURVE('',#1777,#1779,#2021,.F.);
#1340=EDGE_CURVE('',#1779,#1780,#2022,.T.);
#1341=EDGE_CURVE('',#1780,#1778,#2023,.F.);
#1342=EDGE_CURVE('',#1781,#1782,#2024,.T.);
#1343=EDGE_CURVE('',#1783,#1781,#166,.T.);
#1344=EDGE_CURVE('',#1784,#1783,#2025,.F.);
#1345=EDGE_CURVE('',#1784,#1782,#167,.T.);
#1346=EDGE_CURVE('',#1785,#1786,#2026,.T.);
#1347=EDGE_CURVE('',#1778,#1785,#168,.T.);
#1348=EDGE_CURVE('',#1780,#1786,#169,.T.);
#1349=EDGE_CURVE('',#1787,#1776,#170,.T.);
#1350=EDGE_CURVE('',#1788,#1787,#2027,.F.);
#1351=EDGE_CURVE('',#1788,#1773,#171,.T.);
#1352=EDGE_CURVE('',#1789,#1790,#2028,.T.);
#1353=EDGE_CURVE('',#1791,#1789,#172,.T.);
#1354=EDGE_CURVE('',#1792,#1791,#2029,.F.);
#1355=EDGE_CURVE('',#1792,#1790,#173,.T.);
#1356=EDGE_CURVE('',#1772,#1793,#351,.F.);
#1357=EDGE_CURVE('',#1793,#1794,#352,.F.);
#1358=EDGE_CURVE('',#1794,#1795,#2030,.F.);
#1359=EDGE_CURVE('',#1796,#1795,#2031,.T.);
#1360=EDGE_CURVE('',#1730,#1796,#2032,.F.);
#1361=EDGE_CURVE('',#1797,#1798,#353,.F.);
#1362=EDGE_CURVE('',#1798,#1771,#354,.F.);
#1363=EDGE_CURVE('',#1799,#1726,#2033,.F.);
#1364=EDGE_CURVE('',#1800,#1799,#2034,.T.);
#1365=EDGE_CURVE('',#1800,#1797,#2035,.F.);
#1366=EDGE_CURVE('',#1801,#1802,#2036,.T.);
#1367=EDGE_CURVE('',#1801,#1803,#355,.F.);
#1368=EDGE_CURVE('',#1803,#1804,#356,.F.);
#1369=EDGE_CURVE('',#1804,#1805,#82,.T.);
#1370=EDGE_CURVE('',#1805,#1806,#83,.T.);
#1371=EDGE_CURVE('',#1807,#1806,#2037,.T.);
#1372=EDGE_CURVE('',#1808,#1807,#2038,.F.);
#1373=EDGE_CURVE('',#1802,#1808,#357,.F.);
#1374=EDGE_CURVE('',#1809,#1810,#358,.F.);
#1375=EDGE_CURVE('',#1810,#1811,#359,.F.);
#1376=EDGE_CURVE('',#1768,#1811,#2039,.T.);
#1377=EDGE_CURVE('',#1812,#1770,#2040,.F.);
#1378=EDGE_CURVE('',#1813,#1812,#2041,.T.);
#1379=EDGE_CURVE('',#1813,#1809,#2042,.F.);
#1380=EDGE_CURVE('',#1814,#1815,#2043,.T.);
#1381=EDGE_CURVE('',#1814,#1809,#2044,.T.);
#1382=EDGE_CURVE('',#1815,#1813,#2045,.T.);
#1383=EDGE_CURVE('',#1816,#1817,#2046,.T.);
#1384=EDGE_CURVE('',#1816,#1814,#174,.T.);
#1385=EDGE_CURVE('',#1817,#1815,#175,.F.);
#1386=EDGE_CURVE('',#1818,#1819,#2047,.T.);
#1387=EDGE_CURVE('',#1818,#1816,#2048,.T.);
#1388=EDGE_CURVE('',#1819,#1817,#2049,.T.);
#1389=EDGE_CURVE('',#1820,#1821,#2050,.T.);
#1390=EDGE_CURVE('',#1820,#1818,#176,.T.);
#1391=EDGE_CURVE('',#1821,#1819,#177,.F.);
#1392=EDGE_CURVE('',#1794,#1820,#2051,.T.);
#1393=EDGE_CURVE('',#1795,#1821,#2052,.T.);
#1394=EDGE_CURVE('',#1805,#1822,#178,.T.);
#1395=EDGE_CURVE('',#1823,#1822,#2053,.T.);
#1396=EDGE_CURVE('',#1806,#1823,#179,.F.);
#1397=EDGE_CURVE('',#1822,#1824,#2054,.T.);
#1398=EDGE_CURVE('',#1825,#1824,#2055,.T.);
#1399=EDGE_CURVE('',#1823,#1825,#2056,.T.);
#1400=EDGE_CURVE('',#1824,#1826,#180,.T.);
#1401=EDGE_CURVE('',#1827,#1826,#2057,.T.);
#1402=EDGE_CURVE('',#1825,#1827,#181,.F.);
#1403=EDGE_CURVE('',#1826,#1797,#2058,.T.);
#1404=EDGE_CURVE('',#1827,#1800,#2059,.T.);
#1405=EDGE_CURVE('',#1782,#1828,#2060,.T.);
#1406=EDGE_CURVE('',#1828,#1829,#2061,.T.);
#1407=EDGE_CURVE('',#1781,#1829,#2062,.T.);
#1408=EDGE_CURVE('',#1785,#1783,#2063,.T.);
#1409=EDGE_CURVE('',#1786,#1784,#2064,.T.);
#1410=EDGE_CURVE('',#1830,#1831,#2065,.T.);
#1411=EDGE_CURVE('',#1830,#1832,#2066,.T.);
#1412=EDGE_CURVE('',#1832,#1833,#2067,.F.);
#1413=EDGE_CURVE('',#1833,#1834,#182,.F.);
#1414=EDGE_CURVE('',#1834,#1801,#2068,.T.);
#1415=EDGE_CURVE('',#1835,#1802,#183,.F.);
#1416=EDGE_CURVE('',#1746,#1835,#184,.F.);
#1417=EDGE_CURVE('',#1745,#1836,#2069,.T.);
#1418=EDGE_CURVE('',#1836,#1831,#2070,.T.);
#1419=EDGE_CURVE('',#1811,#1837,#2071,.F.);
#1420=EDGE_CURVE('',#1837,#1838,#185,.F.);
#1421=EDGE_CURVE('',#1838,#1839,#2072,.F.);
#1422=EDGE_CURVE('',#1839,#1840,#2073,.T.);
#1423=EDGE_CURVE('',#1840,#1841,#2074,.T.);
#1424=EDGE_CURVE('',#1754,#1841,#2075,.T.);
#1425=EDGE_CURVE('',#1758,#1753,#2076,.T.);
#1426=EDGE_CURVE('',#1842,#1843,#186,.F.);
#1427=EDGE_CURVE('',#1843,#1728,#2077,.T.);
#1428=EDGE_CURVE('',#1721,#1714,#2078,.T.);
#1429=EDGE_CURVE('',#1712,#1707,#2079,.T.);
#1430=EDGE_CURVE('',#1706,#1842,#2080,.F.);
#1431=EDGE_CURVE('',#1724,#1844,#2081,.F.);
#1432=EDGE_CURVE('',#1844,#1845,#187,.F.);
#1433=EDGE_CURVE('',#1845,#1703,#2082,.F.);
#1434=EDGE_CURVE('',#1710,#1702,#2083,.T.);
#1435=EDGE_CURVE('',#1789,#1787,#2084,.T.);
#1436=EDGE_CURVE('',#1790,#1788,#2085,.T.);
#1437=EDGE_CURVE('',#1846,#1791,#2086,.T.);
#1438=EDGE_CURVE('',#1846,#1847,#2087,.F.);
#1439=EDGE_CURVE('',#1847,#1792,#2088,.T.);
#1440=EDGE_CURVE('',#1841,#1831,#2089,.T.);
#1441=EDGE_CURVE('',#1840,#1830,#2090,.T.);
#1442=EDGE_CURVE('',#1848,#1849,#2091,.F.);
#1443=EDGE_CURVE('',#1849,#1850,#2092,.F.);
#1444=EDGE_CURVE('',#1851,#1850,#2093,.T.);
#1445=EDGE_CURVE('',#1848,#1851,#2094,.T.);
#1446=EDGE_CURVE('',#1852,#1853,#2095,.T.);
#1447=EDGE_CURVE('',#1852,#1854,#2096,.F.);
#1448=EDGE_CURVE('',#1854,#1855,#2097,.F.);
#1449=EDGE_CURVE('',#1853,#1855,#2098,.F.);
#1450=EDGE_CURVE('',#1856,#1851,#188,.T.);
#1451=EDGE_CURVE('',#1857,#1856,#2099,.T.);
#1452=EDGE_CURVE('',#1857,#1848,#189,.F.);
#1453=EDGE_CURVE('',#1858,#1856,#2100,.T.);
#1454=EDGE_CURVE('',#1859,#1858,#2101,.T.);
#1455=EDGE_CURVE('',#1859,#1857,#2102,.F.);
#1456=EDGE_CURVE('',#1860,#1858,#190,.T.);
#1457=EDGE_CURVE('',#1861,#1860,#2103,.T.);
#1458=EDGE_CURVE('',#1861,#1859,#191,.F.);
#1459=EDGE_CURVE('',#1862,#1860,#2104,.T.);
#1460=EDGE_CURVE('',#1862,#1863,#2105,.F.);
#1461=EDGE_CURVE('',#1863,#1861,#2106,.F.);
#1462=EDGE_CURVE('',#1725,#1864,#2107,.T.);
#1463=EDGE_CURVE('',#1864,#1799,#2108,.T.);
#1464=EDGE_CURVE('',#1865,#1812,#2109,.T.);
#1465=EDGE_CURVE('',#1866,#1865,#192,.T.);
#1466=EDGE_CURVE('',#1867,#1866,#84,.T.);
#1467=EDGE_CURVE('',#1868,#1867,#2110,.T.);
#1468=EDGE_CURVE('',#1869,#1868,#85,.T.);
#1469=EDGE_CURVE('',#1870,#1869,#193,.T.);
#1470=EDGE_CURVE('',#1796,#1870,#2111,.T.);
#1471=EDGE_CURVE('',#1871,#1864,#194,.T.);
#1472=EDGE_CURVE('',#1872,#1871,#86,.T.);
#1473=EDGE_CURVE('',#1873,#1872,#2112,.T.);
#1474=EDGE_CURVE('',#1874,#1873,#87,.T.);
#1475=EDGE_CURVE('',#1875,#1874,#195,.T.);
#1476=EDGE_CURVE('',#1807,#1875,#2113,.T.);
#1477=EDGE_CURVE('',#1769,#1865,#2114,.T.);
#1478=EDGE_CURVE('',#1836,#1876,#2115,.T.);
#1479=EDGE_CURVE('',#1876,#1877,#196,.T.);
#1480=EDGE_CURVE('',#1877,#1878,#2116,.T.);
#1481=EDGE_CURVE('',#1878,#1879,#197,.T.);
#1482=EDGE_CURVE('',#1879,#1880,#198,.T.);
#1483=EDGE_CURVE('',#1880,#1881,#2117,.T.);
#1484=EDGE_CURVE('',#1881,#1882,#199,.T.);
#1485=EDGE_CURVE('',#1882,#1883,#200,.T.);
#1486=EDGE_CURVE('',#1883,#1884,#2118,.T.);
#1487=EDGE_CURVE('',#1884,#1711,#201,.T.);
#1488=EDGE_CURVE('',#1713,#1885,#202,.T.);
#1489=EDGE_CURVE('',#1885,#1886,#2119,.T.);
#1490=EDGE_CURVE('',#1886,#1755,#203,.T.);
#1491=EDGE_CURVE('',#1736,#1884,#2120,.T.);
#1492=EDGE_CURVE('',#1737,#1883,#2121,.T.);
#1493=EDGE_CURVE('',#1738,#1882,#2122,.T.);
#1494=EDGE_CURVE('',#1739,#1881,#2123,.T.);
#1495=EDGE_CURVE('',#1740,#1880,#2124,.T.);
#1496=EDGE_CURVE('',#1741,#1879,#2125,.T.);
#1497=EDGE_CURVE('',#1742,#1878,#2126,.T.);
#1498=EDGE_CURVE('',#1743,#1877,#2127,.T.);
#1499=EDGE_CURVE('',#1744,#1876,#2128,.T.);
#1500=EDGE_CURVE('',#1887,#1752,#204,.T.);
#1501=EDGE_CURVE('',#1887,#1886,#2129,.T.);
#1502=EDGE_CURVE('',#1888,#1887,#2130,.T.);
#1503=EDGE_CURVE('',#1888,#1885,#2131,.T.);
#1504=EDGE_CURVE('',#1715,#1888,#205,.T.);
#1505=EDGE_CURVE('',#1889,#1890,#206,.T.);
#1506=EDGE_CURVE('',#1890,#1891,#2132,.F.);
#1507=EDGE_CURVE('',#1892,#1891,#207,.T.);
#1508=EDGE_CURVE('',#1892,#1889,#2133,.F.);
#1509=EDGE_CURVE('',#1891,#1893,#208,.T.);
#1510=EDGE_CURVE('',#1894,#1893,#209,.T.);
#1511=EDGE_CURVE('',#1894,#1892,#210,.F.);
#1512=EDGE_CURVE('',#1893,#1895,#2134,.F.);
#1513=EDGE_CURVE('',#1896,#1895,#211,.T.);
#1514=EDGE_CURVE('',#1896,#1894,#2135,.F.);
#1515=EDGE_CURVE('',#1897,#1898,#212,.T.);
#1516=EDGE_CURVE('',#1899,#1898,#213,.T.);
#1517=EDGE_CURVE('',#1899,#1900,#214,.F.);
#1518=EDGE_CURVE('',#1897,#1900,#215,.T.);
#1519=EDGE_CURVE('',#1901,#1902,#216,.T.);
#1520=EDGE_CURVE('',#1901,#1899,#2136,.F.);
#1521=EDGE_CURVE('',#1898,#1902,#2137,.T.);
#1522=EDGE_CURVE('',#1903,#1904,#217,.T.);
#1523=EDGE_CURVE('',#1903,#1897,#2138,.T.);
#1524=EDGE_CURVE('',#1900,#1904,#2139,.F.);
#1525=EDGE_CURVE('',#1904,#1901,#218,.F.);
#1526=EDGE_CURVE('',#1902,#1903,#219,.T.);
#1527=EDGE_CURVE('',#1905,#1906,#220,.T.);
#1528=EDGE_CURVE('',#1905,#1907,#2140,.T.);
#1529=EDGE_CURVE('',#1908,#1907,#221,.T.);
#1530=EDGE_CURVE('',#1908,#1906,#2141,.F.);
#1531=EDGE_CURVE('',#1909,#1908,#222,.F.);
#1532=EDGE_CURVE('',#1907,#1910,#223,.T.);
#1533=EDGE_CURVE('',#1909,#1910,#224,.T.);
#1534=EDGE_CURVE('',#1911,#1905,#225,.T.);
#1535=EDGE_CURVE('',#1906,#1912,#226,.F.);
#1536=EDGE_CURVE('',#1911,#1912,#227,.T.);
#1537=EDGE_CURVE('',#1910,#1911,#2142,.T.);
#1538=EDGE_CURVE('',#1912,#1909,#2143,.F.);
#1539=EDGE_CURVE('',#1913,#1905,#2144,.T.);
#1540=EDGE_CURVE('',#1913,#1914,#2145,.T.);
#1541=EDGE_CURVE('',#1914,#1907,#2146,.T.);
#1542=EDGE_CURVE('',#1915,#1910,#2147,.T.);
#1543=EDGE_CURVE('',#1915,#1916,#2148,.T.);
#1544=EDGE_CURVE('',#1916,#1911,#2149,.T.);
#1545=EDGE_CURVE('',#1914,#1915,#88,.T.);
#1546=EDGE_CURVE('',#1916,#1913,#89,.T.);
#1547=EDGE_CURVE('',#1917,#1898,#2150,.T.);
#1548=EDGE_CURVE('',#1917,#1918,#2151,.T.);
#1549=EDGE_CURVE('',#1918,#1902,#2152,.T.);
#1550=EDGE_CURVE('',#1919,#1903,#2153,.T.);
#1551=EDGE_CURVE('',#1919,#1920,#2154,.T.);
#1552=EDGE_CURVE('',#1920,#1897,#2155,.T.);
#1553=EDGE_CURVE('',#1920,#1917,#90,.T.);
#1554=EDGE_CURVE('',#1918,#1919,#91,.T.);
#1555=EDGE_CURVE('',#1921,#1922,#92,.T.);
#1556=EDGE_CURVE('',#1922,#1923,#93,.T.);
#1557=EDGE_CURVE('',#1921,#1923,#228,.T.);
#1558=EDGE_CURVE('',#1923,#1924,#94,.T.);
#1559=EDGE_CURVE('',#1924,#1925,#2156,.F.);
#1560=EDGE_CURVE('',#1925,#1926,#95,.T.);
#1561=EDGE_CURVE('',#1927,#1926,#229,.T.);
#1562=EDGE_CURVE('',#1927,#1921,#2157,.T.);
#1563=EDGE_CURVE('',#1926,#1928,#96,.T.);
#1564=EDGE_CURVE('',#1928,#1927,#97,.T.);
#1565=EDGE_CURVE('',#1929,#1930,#230,.T.);
#1566=EDGE_CURVE('',#1929,#1931,#98,.T.);
#1567=EDGE_CURVE('',#1931,#1930,#99,.T.);
#1568=EDGE_CURVE('',#1932,#1933,#231,.T.);
#1569=EDGE_CURVE('',#1932,#1934,#100,.T.);
#1570=EDGE_CURVE('',#1934,#1935,#2158,.T.);
#1571=EDGE_CURVE('',#1935,#1929,#101,.T.);
#1572=EDGE_CURVE('',#1930,#1933,#2159,.F.);
#1573=EDGE_CURVE('',#1933,#1936,#102,.T.);
#1574=EDGE_CURVE('',#1936,#1932,#103,.T.);
#1575=EDGE_CURVE('',#1835,#1937,#2160,.T.);
#1576=EDGE_CURVE('',#1747,#1937,#232,.T.);
#1577=EDGE_CURVE('',#1748,#1938,#104,.T.);
#1578=EDGE_CURVE('',#1937,#1938,#233,.T.);
#1579=EDGE_CURVE('',#1939,#1940,#105,.T.);
#1580=EDGE_CURVE('',#1939,#1756,#234,.T.);
#1581=EDGE_CURVE('',#1759,#1940,#235,.T.);
#1582=EDGE_CURVE('',#1749,#1941,#236,.T.);
#1583=EDGE_CURVE('',#1938,#1941,#106,.T.);
#1584=EDGE_CURVE('',#1942,#1943,#237,.T.);
#1585=EDGE_CURVE('',#1942,#1939,#107,.T.);
#1586=EDGE_CURVE('',#1940,#1943,#108,.T.);
#1587=EDGE_CURVE('',#1750,#1944,#238,.T.);
#1588=EDGE_CURVE('',#1941,#1944,#2161,.F.);
#1589=EDGE_CURVE('',#1945,#1946,#239,.T.);
#1590=EDGE_CURVE('',#1945,#1942,#2162,.T.);
#1591=EDGE_CURVE('',#1943,#1946,#2163,.F.);
#1592=EDGE_CURVE('',#1751,#1947,#109,.F.);
#1593=EDGE_CURVE('',#1944,#1947,#110,.T.);
#1594=EDGE_CURVE('',#1948,#1949,#111,.F.);
#1595=EDGE_CURVE('',#1948,#1945,#112,.T.);
#1596=EDGE_CURVE('',#1946,#1949,#113,.T.);
#1597=EDGE_CURVE('',#1947,#1719,#240,.T.);
#1598=EDGE_CURVE('',#1722,#1948,#241,.T.);
#1599=EDGE_CURVE('',#1949,#1723,#242,.T.);
#1600=EDGE_CURVE('',#1950,#1951,#114,.T.);
#1601=EDGE_CURVE('',#1950,#1952,#115,.T.);
#1602=EDGE_CURVE('',#1952,#1769,#243,.F.);
#1603=EDGE_CURVE('',#1951,#1939,#116,.T.);
#1604=EDGE_CURVE('',#1953,#1937,#244,.F.);
#1605=EDGE_CURVE('',#1953,#1954,#245,.F.);
#1606=EDGE_CURVE('',#1954,#1955,#117,.T.);
#1607=EDGE_CURVE('',#1955,#1956,#118,.F.);
#1608=EDGE_CURVE('',#1956,#1938,#119,.F.);
#1609=EDGE_CURVE('',#1957,#1928,#120,.T.);
#1610=EDGE_CURVE('',#1958,#1957,#121,.F.);
#1611=EDGE_CURVE('',#1947,#1958,#122,.F.);
#1612=EDGE_CURVE('',#1944,#1927,#246,.F.);
#1613=EDGE_CURVE('',#1941,#1921,#247,.F.);
#1614=EDGE_CURVE('',#1959,#1960,#123,.T.);
#1615=EDGE_CURVE('',#1961,#1959,#124,.T.);
#1616=EDGE_CURVE('',#1948,#1961,#125,.T.);
#1617=EDGE_CURVE('',#1960,#1731,#248,.T.);
#1618=EDGE_CURVE('',#1962,#1957,#126,.T.);
#1619=EDGE_CURVE('',#1725,#1962,#249,.T.);
#1620=EDGE_CURVE('',#1922,#1955,#127,.T.);
#1621=EDGE_CURVE('',#1936,#1959,#128,.T.);
#1622=EDGE_CURVE('',#1945,#1933,#250,.F.);
#1623=EDGE_CURVE('',#1942,#1930,#251,.F.);
#1624=EDGE_CURVE('',#1950,#1931,#129,.T.);
#1625=EDGE_CURVE('',#1808,#1953,#2164,.T.);
#1626=EDGE_CURVE('',#1895,#1890,#252,.T.);
#1627=EDGE_CURVE('',#1896,#1889,#253,.F.);
#1628=EDGE_CURVE('',#1960,#1869,#2165,.T.);
#1629=EDGE_CURVE('',#1934,#1868,#2166,.T.);
#1630=EDGE_CURVE('',#1935,#1867,#2167,.T.);
#1631=EDGE_CURVE('',#1952,#1866,#2168,.T.);
#1632=EDGE_CURVE('',#1953,#1875,#2169,.T.);
#1633=EDGE_CURVE('',#1954,#1874,#2170,.T.);
#1634=EDGE_CURVE('',#1924,#1873,#2171,.T.);
#1635=EDGE_CURVE('',#1925,#1872,#2172,.T.);
#1636=EDGE_CURVE('',#1962,#1871,#2173,.T.);
#1637=EDGE_CURVE('',#1731,#1870,#2174,.T.);
#1638=EDGE_CURVE('',#1893,#1735,#2175,.T.);
#1639=EDGE_CURVE('',#1732,#1891,#2176,.T.);
#1640=EDGE_CURVE('',#1733,#1890,#2177,.T.);
#1641=EDGE_CURVE('',#1895,#1734,#2178,.T.);
#1642=EDGE_CURVE('',#1761,#1920,#130,.T.);
#1643=EDGE_CURVE('',#1917,#1760,#131,.T.);
#1644=EDGE_CURVE('',#1918,#1763,#132,.F.);
#1645=EDGE_CURVE('',#1762,#1919,#133,.F.);
#1646=EDGE_CURVE('',#1766,#1915,#134,.F.);
#1647=EDGE_CURVE('',#1916,#1765,#135,.F.);
#1648=EDGE_CURVE('',#1913,#1764,#136,.T.);
#1649=EDGE_CURVE('',#1767,#1914,#137,.T.);
#1650=EDGE_CURVE('',#1963,#1964,#2179,.T.);
#1651=EDGE_CURVE('',#1964,#1849,#360,.T.);
#1652=EDGE_CURVE('',#1863,#1832,#361,.T.);
#1653=EDGE_CURVE('',#1832,#1839,#2180,.T.);
#1654=EDGE_CURVE('',#1839,#1965,#362,.T.);
#1655=EDGE_CURVE('',#1966,#1965,#2181,.T.);
#1656=EDGE_CURVE('',#1967,#1966,#254,.T.);
#1657=EDGE_CURVE('',#1968,#1967,#2182,.T.);
#1658=EDGE_CURVE('',#1855,#1968,#255,.T.);
#1659=EDGE_CURVE('',#1854,#1963,#363,.T.);
#1660=EDGE_CURVE('',#1779,#1852,#256,.T.);
#1661=EDGE_CURVE('',#1780,#1853,#257,.F.);
#1662=EDGE_CURVE('',#1853,#1969,#258,.T.);
#1663=EDGE_CURVE('',#1786,#1969,#259,.F.);
#1664=EDGE_CURVE('',#1970,#1966,#2183,.F.);
#1665=EDGE_CURVE('',#1971,#1970,#260,.T.);
#1666=EDGE_CURVE('',#1971,#1967,#2184,.F.);
#1667=EDGE_CURVE('',#1969,#1971,#2185,.T.);
#1668=EDGE_CURVE('',#1969,#1968,#2186,.F.);
#1669=EDGE_CURVE('',#1782,#1970,#261,.F.);
#1670=EDGE_CURVE('',#1784,#1971,#262,.F.);
#1671=EDGE_CURVE('',#1965,#1972,#2187,.T.);
#1672=EDGE_CURVE('',#1970,#1972,#2188,.T.);
#1673=EDGE_CURVE('',#1972,#1828,#263,.T.);
#1674=EDGE_CURVE('',#1850,#1774,#264,.T.);
#1675=EDGE_CURVE('',#1773,#1851,#265,.F.);
#1676=EDGE_CURVE('',#1847,#1862,#266,.T.);
#1677=EDGE_CURVE('',#1792,#1860,#267,.F.);
#1678=EDGE_CURVE('',#1790,#1858,#268,.F.);
#1679=EDGE_CURVE('',#1788,#1856,#269,.F.);
#1680=EDGE_CURVE('',#1775,#1798,#138,.F.);
#1681=EDGE_CURVE('',#1826,#1776,#270,.F.);
#1682=EDGE_CURVE('',#1824,#1787,#271,.F.);
#1683=EDGE_CURVE('',#1822,#1789,#272,.F.);
#1684=EDGE_CURVE('',#1804,#1791,#273,.F.);
#1685=EDGE_CURVE('',#1803,#1846,#139,.T.);
#1686=EDGE_CURVE('',#1793,#1777,#140,.T.);
#1687=EDGE_CURVE('',#1820,#1778,#274,.F.);
#1688=EDGE_CURVE('',#1818,#1785,#275,.F.);
#1689=EDGE_CURVE('',#1816,#1783,#276,.F.);
#1690=EDGE_CURVE('',#1814,#1781,#277,.F.);
#1691=EDGE_CURVE('',#1829,#1810,#141,.F.);
#1692=EDGE_CURVE('',#1847,#1834,#278,.T.);
#1693=EDGE_CURVE('',#1862,#1833,#279,.T.);
#1694=EDGE_CURVE('',#1842,#1852,#280,.T.);
#1695=EDGE_CURVE('',#1705,#1963,#2189,.F.);
#1696=EDGE_CURVE('',#1843,#1779,#281,.T.);
#1697=EDGE_CURVE('',#1850,#1845,#282,.T.);
#1698=EDGE_CURVE('',#1964,#1704,#2190,.F.);
#1699=EDGE_CURVE('',#1774,#1844,#283,.T.);
#1700=EDGE_CURVE('',#1972,#1838,#284,.T.);
#1701=EDGE_CURVE('',#1828,#1837,#285,.T.);
#1702=VERTEX_POINT('',#4221);
#1703=VERTEX_POINT('',#4222);
#1704=VERTEX_POINT('',#4224);
#1705=VERTEX_POINT('',#4226);
#1706=VERTEX_POINT('',#4228);
#1707=VERTEX_POINT('',#4230);
#1708=VERTEX_POINT('',#4234);
#1709=VERTEX_POINT('',#4235);
#1710=VERTEX_POINT('',#4237);
#1711=VERTEX_POINT('',#4239);
#1712=VERTEX_POINT('',#4243);
#1713=VERTEX_POINT('',#4244);
#1714=VERTEX_POINT('',#4246);
#1715=VERTEX_POINT('',#4248);
#1716=VERTEX_POINT('',#4252);
#1717=VERTEX_POINT('',#4253);
#1718=VERTEX_POINT('',#4255);
#1719=VERTEX_POINT('',#4257);
#1720=VERTEX_POINT('',#4261);
#1721=VERTEX_POINT('',#4262);
#1722=VERTEX_POINT('',#4264);
#1723=VERTEX_POINT('',#4266);
#1724=VERTEX_POINT('',#4270);
#1725=VERTEX_POINT('',#4272);
#1726=VERTEX_POINT('',#4274);
#1727=VERTEX_POINT('',#4276);
#1728=VERTEX_POINT('',#4280);
#1729=VERTEX_POINT('',#4282);
#1730=VERTEX_POINT('',#4284);
#1731=VERTEX_POINT('',#4286);
#1732=VERTEX_POINT('',#4290);
#1733=VERTEX_POINT('',#4291);
#1734=VERTEX_POINT('',#4293);
#1735=VERTEX_POINT('',#4295);
#1736=VERTEX_POINT('',#4299);
#1737=VERTEX_POINT('',#4301);
#1738=VERTEX_POINT('',#4303);
#1739=VERTEX_POINT('',#4305);
#1740=VERTEX_POINT('',#4307);
#1741=VERTEX_POINT('',#4309);
#1742=VERTEX_POINT('',#4311);
#1743=VERTEX_POINT('',#4313);
#1744=VERTEX_POINT('',#4315);
#1745=VERTEX_POINT('',#4317);
#1746=VERTEX_POINT('',#4319);
#1747=VERTEX_POINT('',#4321);
#1748=VERTEX_POINT('',#4323);
#1749=VERTEX_POINT('',#4330);
#1750=VERTEX_POINT('',#4332);
#1751=VERTEX_POINT('',#4339);
#1752=VERTEX_POINT('',#4343);
#1753=VERTEX_POINT('',#4344);
#1754=VERTEX_POINT('',#4346);
#1755=VERTEX_POINT('',#4348);
#1756=VERTEX_POINT('',#4352);
#1757=VERTEX_POINT('',#4353);
#1758=VERTEX_POINT('',#4355);
#1759=VERTEX_POINT('',#4357);
#1760=VERTEX_POINT('',#4371);
#1761=VERTEX_POINT('',#4372);
#1762=VERTEX_POINT('',#4374);
#1763=VERTEX_POINT('',#4386);
#1764=VERTEX_POINT('',#4399);
#1765=VERTEX_POINT('',#4400);
#1766=VERTEX_POINT('',#4402);
#1767=VERTEX_POINT('',#4414);
#1768=VERTEX_POINT('',#4417);
#1769=VERTEX_POINT('',#4419);
#1770=VERTEX_POINT('',#4421);
#1771=VERTEX_POINT('',#4425);
#1772=VERTEX_POINT('',#4429);
#1773=VERTEX_POINT('',#4433);
#1774=VERTEX_POINT('',#4434);
#1775=VERTEX_POINT('',#4436);
#1776=VERTEX_POINT('',#4438);
#1777=VERTEX_POINT('',#4442);
#1778=VERTEX_POINT('',#4443);
#1779=VERTEX_POINT('',#4445);
#1780=VERTEX_POINT('',#4447);
#1781=VERTEX_POINT('',#4451);
#1782=VERTEX_POINT('',#4452);
#1783=VERTEX_POINT('',#4454);
#1784=VERTEX_POINT('',#4456);
#1785=VERTEX_POINT('',#4460);
#1786=VERTEX_POINT('',#4461);
#1787=VERTEX_POINT('',#4466);
#1788=VERTEX_POINT('',#4468);
#1789=VERTEX_POINT('',#4472);
#1790=VERTEX_POINT('',#4473);
#1791=VERTEX_POINT('',#4475);
#1792=VERTEX_POINT('',#4477);
#1793=VERTEX_POINT('',#4481);
#1794=VERTEX_POINT('',#4483);
#1795=VERTEX_POINT('',#4485);
#1796=VERTEX_POINT('',#4487);
#1797=VERTEX_POINT('',#4491);
#1798=VERTEX_POINT('',#4492);
#1799=VERTEX_POINT('',#4495);
#1800=VERTEX_POINT('',#4497);
#1801=VERTEX_POINT('',#4501);
#1802=VERTEX_POINT('',#4502);
#1803=VERTEX_POINT('',#4504);
#1804=VERTEX_POINT('',#4506);
#1805=VERTEX_POINT('',#4511);
#1806=VERTEX_POINT('',#4516);
#1807=VERTEX_POINT('',#4518);
#1808=VERTEX_POINT('',#4520);
#1809=VERTEX_POINT('',#4524);
#1810=VERTEX_POINT('',#4525);
#1811=VERTEX_POINT('',#4527);
#1812=VERTEX_POINT('',#4530);
#1813=VERTEX_POINT('',#4532);
#1814=VERTEX_POINT('',#4536);
#1815=VERTEX_POINT('',#4537);
#1816=VERTEX_POINT('',#4542);
#1817=VERTEX_POINT('',#4543);
#1818=VERTEX_POINT('',#4548);
#1819=VERTEX_POINT('',#4549);
#1820=VERTEX_POINT('',#4554);
#1821=VERTEX_POINT('',#4555);
#1822=VERTEX_POINT('',#4563);
#1823=VERTEX_POINT('',#4565);
#1824=VERTEX_POINT('',#4569);
#1825=VERTEX_POINT('',#4571);
#1826=VERTEX_POINT('',#4575);
#1827=VERTEX_POINT('',#4577);
#1828=VERTEX_POINT('',#4584);
#1829=VERTEX_POINT('',#4586);
#1830=VERTEX_POINT('',#4593);
#1831=VERTEX_POINT('',#4594);
#1832=VERTEX_POINT('',#4596);
#1833=VERTEX_POINT('',#4598);
#1834=VERTEX_POINT('',#4600);
#1835=VERTEX_POINT('',#4603);
#1836=VERTEX_POINT('',#4606);
#1837=VERTEX_POINT('',#4610);
#1838=VERTEX_POINT('',#4612);
#1839=VERTEX_POINT('',#4614);
#1840=VERTEX_POINT('',#4616);
#1841=VERTEX_POINT('',#4618);
#1842=VERTEX_POINT('',#4623);
#1843=VERTEX_POINT('',#4624);
#1844=VERTEX_POINT('',#4631);
#1845=VERTEX_POINT('',#4633);
#1846=VERTEX_POINT('',#4641);
#1847=VERTEX_POINT('',#4643);
#1848=VERTEX_POINT('',#4650);
#1849=VERTEX_POINT('',#4651);
#1850=VERTEX_POINT('',#4653);
#1851=VERTEX_POINT('',#4655);
#1852=VERTEX_POINT('',#4659);
#1853=VERTEX_POINT('',#4660);
#1854=VERTEX_POINT('',#4662);
#1855=VERTEX_POINT('',#4664);
#1856=VERTEX_POINT('',#4668);
#1857=VERTEX_POINT('',#4670);
#1858=VERTEX_POINT('',#4674);
#1859=VERTEX_POINT('',#4676);
#1860=VERTEX_POINT('',#4680);
#1861=VERTEX_POINT('',#4682);
#1862=VERTEX_POINT('',#4686);
#1863=VERTEX_POINT('',#4688);
#1864=VERTEX_POINT('',#4692);
#1865=VERTEX_POINT('',#4696);
#1866=VERTEX_POINT('',#4698);
#1867=VERTEX_POINT('',#4733);
#1868=VERTEX_POINT('',#4735);
#1869=VERTEX_POINT('',#4770);
#1870=VERTEX_POINT('',#4772);
#1871=VERTEX_POINT('',#4776);
#1872=VERTEX_POINT('',#4811);
#1873=VERTEX_POINT('',#4813);
#1874=VERTEX_POINT('',#4848);
#1875=VERTEX_POINT('',#4850);
#1876=VERTEX_POINT('',#4856);
#1877=VERTEX_POINT('',#4858);
#1878=VERTEX_POINT('',#4860);
#1879=VERTEX_POINT('',#4862);
#1880=VERTEX_POINT('',#4864);
#1881=VERTEX_POINT('',#4866);
#1882=VERTEX_POINT('',#4868);
#1883=VERTEX_POINT('',#4870);
#1884=VERTEX_POINT('',#4872);
#1885=VERTEX_POINT('',#4875);
#1886=VERTEX_POINT('',#4877);
#1887=VERTEX_POINT('',#4899);
#1888=VERTEX_POINT('',#4903);
#1889=VERTEX_POINT('',#4910);
#1890=VERTEX_POINT('',#4911);
#1891=VERTEX_POINT('',#4913);
#1892=VERTEX_POINT('',#4915);
#1893=VERTEX_POINT('',#4919);
#1894=VERTEX_POINT('',#4921);
#1895=VERTEX_POINT('',#4925);
#1896=VERTEX_POINT('',#4927);
#1897=VERTEX_POINT('',#4931);
#1898=VERTEX_POINT('',#4932);
#1899=VERTEX_POINT('',#4934);
#1900=VERTEX_POINT('',#4936);
#1901=VERTEX_POINT('',#4940);
#1902=VERTEX_POINT('',#4941);
#1903=VERTEX_POINT('',#4946);
#1904=VERTEX_POINT('',#4947);
#1905=VERTEX_POINT('',#4955);
#1906=VERTEX_POINT('',#4956);
#1907=VERTEX_POINT('',#4958);
#1908=VERTEX_POINT('',#4960);
#1909=VERTEX_POINT('',#4964);
#1910=VERTEX_POINT('',#4966);
#1911=VERTEX_POINT('',#4970);
#1912=VERTEX_POINT('',#4972);
#1913=VERTEX_POINT('',#4981);
#1914=VERTEX_POINT('',#4983);
#1915=VERTEX_POINT('',#4987);
#1916=VERTEX_POINT('',#4989);
#1917=VERTEX_POINT('',#5017);
#1918=VERTEX_POINT('',#5019);
#1919=VERTEX_POINT('',#5023);
#1920=VERTEX_POINT('',#5025);
#1921=VERTEX_POINT('',#5070);
#1922=VERTEX_POINT('',#5071);
#1923=VERTEX_POINT('',#5077);
#1924=VERTEX_POINT('',#5084);
#1925=VERTEX_POINT('',#5086);
#1926=VERTEX_POINT('',#5091);
#1927=VERTEX_POINT('',#5093);
#1928=VERTEX_POINT('',#5115);
#1929=VERTEX_POINT('',#5137);
#1930=VERTEX_POINT('',#5138);
#1931=VERTEX_POINT('',#5144);
#1932=VERTEX_POINT('',#5152);
#1933=VERTEX_POINT('',#5153);
#1934=VERTEX_POINT('',#5158);
#1935=VERTEX_POINT('',#5160);
#1936=VERTEX_POINT('',#5185);
#1937=VERTEX_POINT('',#5193);
#1938=VERTEX_POINT('',#5200);
#1939=VERTEX_POINT('',#5207);
#1940=VERTEX_POINT('',#5208);
#1941=VERTEX_POINT('',#5230);
#1942=VERTEX_POINT('',#5256);
#1943=VERTEX_POINT('',#5257);
#1944=VERTEX_POINT('',#5271);
#1945=VERTEX_POINT('',#5275);
#1946=VERTEX_POINT('',#5276);
#1947=VERTEX_POINT('',#5301);
#1948=VERTEX_POINT('',#5330);
#1949=VERTEX_POINT('',#5331);
#1950=VERTEX_POINT('',#5354);
#1951=VERTEX_POINT('',#5355);
#1952=VERTEX_POINT('',#5360);
#1953=VERTEX_POINT('',#5368);
#1954=VERTEX_POINT('',#5370);
#1955=VERTEX_POINT('',#5375);
#1956=VERTEX_POINT('',#5380);
#1957=VERTEX_POINT('',#5430);
#1958=VERTEX_POINT('',#5435);
#1959=VERTEX_POINT('',#5448);
#1960=VERTEX_POINT('',#5449);
#1961=VERTEX_POINT('',#5454);
#1962=VERTEX_POINT('',#5465);
#1963=VERTEX_POINT('',#5827);
#1964=VERTEX_POINT('',#5828);
#1965=VERTEX_POINT('',#5833);
#1966=VERTEX_POINT('',#5835);
#1967=VERTEX_POINT('',#5837);
#1968=VERTEX_POINT('',#5839);
#1969=VERTEX_POINT('',#5847);
#1970=VERTEX_POINT('',#5851);
#1971=VERTEX_POINT('',#5853);
#1972=VERTEX_POINT('',#5863);
#1973=LINE('',#4220,#2191);
#1974=LINE('',#4225,#2192);
#1975=LINE('',#4229,#2193);
#1976=LINE('',#4231,#2194);
#1977=LINE('',#4233,#2195);
#1978=LINE('',#4236,#2196);
#1979=LINE('',#4238,#2197);
#1980=LINE('',#4240,#2198);
#1981=LINE('',#4242,#2199);
#1982=LINE('',#4245,#2200);
#1983=LINE('',#4247,#2201);
#1984=LINE('',#4249,#2202);
#1985=LINE('',#4254,#2203);
#1986=LINE('',#4258,#2204);
#1987=LINE('',#4263,#2205);
#1988=LINE('',#4267,#2206);
#1989=LINE('',#4273,#2207);
#1990=LINE('',#4285,#2208);
#1991=LINE('',#4289,#2209);
#1992=LINE('',#4294,#2210);
#1993=LINE('',#4297,#2211);
#1994=LINE('',#4300,#2212);
#1995=LINE('',#4306,#2213);
#1996=LINE('',#4312,#2214);
#1997=LINE('',#4316,#2215);
#1998=LINE('',#4318,#2216);
#1999=LINE('',#4320,#2217);
#2000=LINE('',#4331,#2218);
#2001=LINE('',#4342,#2219);
#2002=LINE('',#4345,#2220);
#2003=LINE('',#4347,#2221);
#2004=LINE('',#4349,#2222);
#2005=LINE('',#4351,#2223);
#2006=LINE('',#4356,#2224);
#2007=LINE('',#4373,#2225);
#2008=LINE('',#4387,#2226);
#2009=LINE('',#4401,#2227);
#2010=LINE('',#4415,#2228);
#2011=LINE('',#4420,#2229);
#2012=LINE('',#4424,#2230);
#2013=LINE('',#4426,#2231);
#2014=LINE('',#4428,#2232);
#2015=LINE('',#4430,#2233);
#2016=LINE('',#4432,#2234);
#2017=LINE('',#4435,#2235);
#2018=LINE('',#4437,#2236);
#2019=LINE('',#4439,#2237);
#2020=LINE('',#4441,#2238);
#2021=LINE('',#4444,#2239);
#2022=LINE('',#4446,#2240);
#2023=LINE('',#4448,#2241);
#2024=LINE('',#4450,#2242);
#2025=LINE('',#4455,#2243);
#2026=LINE('',#4459,#2244);
#2027=LINE('',#4467,#2245);
#2028=LINE('',#4471,#2246);
#2029=LINE('',#4476,#2247);
#2030=LINE('',#4484,#2248);
#2031=LINE('',#4486,#2249);
#2032=LINE('',#4488,#2250);
#2033=LINE('',#4494,#2251);
#2034=LINE('',#4496,#2252);
#2035=LINE('',#4498,#2253);
#2036=LINE('',#4500,#2254);
#2037=LINE('',#4517,#2255);
#2038=LINE('',#4519,#2256);
#2039=LINE('',#4528,#2257);
#2040=LINE('',#4529,#2258);
#2041=LINE('',#4531,#2259);
#2042=LINE('',#4533,#2260);
#2043=LINE('',#4535,#2261);
#2044=LINE('',#4538,#2262);
#2045=LINE('',#4539,#2263);
#2046=LINE('',#4541,#2264);
#2047=LINE('',#4547,#2265);
#2048=LINE('',#4550,#2266);
#2049=LINE('',#4551,#2267);
#2050=LINE('',#4553,#2268);
#2051=LINE('',#4559,#2269);
#2052=LINE('',#4560,#2270);
#2053=LINE('',#4564,#2271);
#2054=LINE('',#4568,#2272);
#2055=LINE('',#4570,#2273);
#2056=LINE('',#4572,#2274);
#2057=LINE('',#4576,#2275);
#2058=LINE('',#4580,#2276);
#2059=LINE('',#4581,#2277);
#2060=LINE('',#4583,#2278);
#2061=LINE('',#4585,#2279);
#2062=LINE('',#4587,#2280);
#2063=LINE('',#4589,#2281);
#2064=LINE('',#4590,#2282);
#2065=LINE('',#4592,#2283);
#2066=LINE('',#4595,#2284);
#2067=LINE('',#4597,#2285);
#2068=LINE('',#4601,#2286);
#2069=LINE('',#4605,#2287);
#2070=LINE('',#4607,#2288);
#2071=LINE('',#4609,#2289);
#2072=LINE('',#4613,#2290);
#2073=LINE('',#4615,#2291);
#2074=LINE('',#4617,#2292);
#2075=LINE('',#4619,#2293);
#2076=LINE('',#4620,#2294);
#2077=LINE('',#4625,#2295);
#2078=LINE('',#4626,#2296);
#2079=LINE('',#4627,#2297);
#2080=LINE('',#4628,#2298);
#2081=LINE('',#4630,#2299);
#2082=LINE('',#4634,#2300);
#2083=LINE('',#4635,#2301);
#2084=LINE('',#4637,#2302);
#2085=LINE('',#4638,#2303);
#2086=LINE('',#4640,#2304);
#2087=LINE('',#4642,#2305);
#2088=LINE('',#4644,#2306);
#2089=LINE('',#4646,#2307);
#2090=LINE('',#4647,#2308);
#2091=LINE('',#4649,#2309);
#2092=LINE('',#4652,#2310);
#2093=LINE('',#4654,#2311);
#2094=LINE('',#4656,#2312);
#2095=LINE('',#4658,#2313);
#2096=LINE('',#4661,#2314);
#2097=LINE('',#4663,#2315);
#2098=LINE('',#4665,#2316);
#2099=LINE('',#4669,#2317);
#2100=LINE('',#4673,#2318);
#2101=LINE('',#4675,#2319);
#2102=LINE('',#4677,#2320);
#2103=LINE('',#4681,#2321);
#2104=LINE('',#4685,#2322);
#2105=LINE('',#4687,#2323);
#2106=LINE('',#4689,#2324);
#2107=LINE('',#4691,#2325);
#2108=LINE('',#4693,#2326);
#2109=LINE('',#4695,#2327);
#2110=LINE('',#4734,#2328);
#2111=LINE('',#4773,#2329);
#2112=LINE('',#4812,#2330);
#2113=LINE('',#4851,#2331);
#2114=LINE('',#4853,#2332);
#2115=LINE('',#4855,#2333);
#2116=LINE('',#4859,#2334);
#2117=LINE('',#4865,#2335);
#2118=LINE('',#4871,#2336);
#2119=LINE('',#4876,#2337);
#2120=LINE('',#4880,#2338);
#2121=LINE('',#4881,#2339);
#2122=LINE('',#4883,#2340);
#2123=LINE('',#4885,#2341);
#2124=LINE('',#4887,#2342);
#2125=LINE('',#4889,#2343);
#2126=LINE('',#4891,#2344);
#2127=LINE('',#4893,#2345);
#2128=LINE('',#4895,#2346);
#2129=LINE('',#4900,#2347);
#2130=LINE('',#4902,#2348);
#2131=LINE('',#4904,#2349);
#2132=LINE('',#4912,#2350);
#2133=LINE('',#4916,#2351);
#2134=LINE('',#4924,#2352);
#2135=LINE('',#4928,#2353);
#2136=LINE('',#4942,#2354);
#2137=LINE('',#4943,#2355);
#2138=LINE('',#4948,#2356);
#2139=LINE('',#4949,#2357);
#2140=LINE('',#4957,#2358);
#2141=LINE('',#4961,#2359);
#2142=LINE('',#4975,#2360);
#2143=LINE('',#4976,#2361);
#2144=LINE('',#4980,#2362);
#2145=LINE('',#4982,#2363);
#2146=LINE('',#4984,#2364);
#2147=LINE('',#4986,#2365);
#2148=LINE('',#4988,#2366);
#2149=LINE('',#4990,#2367);
#2150=LINE('',#5016,#2368);
#2151=LINE('',#5018,#2369);
#2152=LINE('',#5020,#2370);
#2153=LINE('',#5022,#2371);
#2154=LINE('',#5024,#2372);
#2155=LINE('',#5026,#2373);
#2156=LINE('',#5085,#2374);
#2157=LINE('',#5094,#2375);
#2158=LINE('',#5159,#2376);
#2159=LINE('',#5165,#2377);
#2160=LINE('',#5192,#2378);
#2161=LINE('',#5272,#2379);
#2162=LINE('',#5277,#2380);
#2163=LINE('',#5278,#2381);
#2164=LINE('',#5605,#2382);
#2165=LINE('',#5629,#2383);
#2166=LINE('',#5630,#2384);
#2167=LINE('',#5632,#2385);
#2168=LINE('',#5651,#2386);
#2169=LINE('',#5654,#2387);
#2170=LINE('',#5656,#2388);
#2171=LINE('',#5675,#2389);
#2172=LINE('',#5677,#2390);
#2173=LINE('',#5696,#2391);
#2174=LINE('',#5699,#2392);
#2175=LINE('',#5702,#2393);
#2176=LINE('',#5703,#2394);
#2177=LINE('',#5705,#2395);
#2178=LINE('',#5707,#2396);
#2179=LINE('',#5826,#2397);
#2180=LINE('',#5831,#2398);
#2181=LINE('',#5834,#2399);
#2182=LINE('',#5838,#2400);
#2183=LINE('',#5850,#2401);
#2184=LINE('',#5854,#2402);
#2185=LINE('',#5856,#2403);
#2186=LINE('',#5857,#2404);
#2187=LINE('',#5862,#2405);
#2188=LINE('',#5864,#2406);
#2189=LINE('',#5921,#2407);
#2190=LINE('',#5927,#2408);
#2191=VECTOR('',#3358,1000.);
#2192=VECTOR('',#3361,1000.);
#2193=VECTOR('',#3364,1000.);
#2194=VECTOR('',#3365,1000.);
#2195=VECTOR('',#3368,1000.);
#2196=VECTOR('',#3369,1000.);
#2197=VECTOR('',#3370,1000.);
#2198=VECTOR('',#3371,1000.);
#2199=VECTOR('',#3374,1000.);
#2200=VECTOR('',#3375,1000.);
#2201=VECTOR('',#3376,1000.);
#2202=VECTOR('',#3377,1000.);
#2203=VECTOR('',#3382,1000.);
#2204=VECTOR('',#3385,1000.);
#2205=VECTOR('',#3390,1000.);
#2206=VECTOR('',#3393,1000.);
#2207=VECTOR('',#3400,1000.);
#2208=VECTOR('',#3413,1000.);
#2209=VECTOR('',#3418,1000.);
#2210=VECTOR('',#3421,1000.);
#2211=VECTOR('',#3424,1000.);
#2212=VECTOR('',#3427,1000.);
#2213=VECTOR('',#3432,1000.);
#2214=VECTOR('',#3437,1000.);
#2215=VECTOR('',#3440,1000.);
#2216=VECTOR('',#3441,1000.);
#2217=VECTOR('',#3442,1000.);
#2218=VECTOR('',#3445,1000.);
#2219=VECTOR('',#3450,1000.);
#2220=VECTOR('',#3451,1000.);
#2221=VECTOR('',#3452,1000.);
#2222=VECTOR('',#3453,1000.);
#2223=VECTOR('',#3456,1000.);
#2224=VECTOR('',#3459,1000.);
#2225=VECTOR('',#3464,1000.);
#2226=VECTOR('',#3465,1000.);
#2227=VECTOR('',#3466,1000.);
#2228=VECTOR('',#3467,1000.);
#2229=VECTOR('',#3472,1000.);
#2230=VECTOR('',#3477,1000.);
#2231=VECTOR('',#3478,1000.);
#2232=VECTOR('',#3481,1000.);
#2233=VECTOR('',#3482,1000.);
#2234=VECTOR('',#3485,1000.);
#2235=VECTOR('',#3486,1000.);
#2236=VECTOR('',#3487,1000.);
#2237=VECTOR('',#3488,1000.);
#2238=VECTOR('',#3491,1000.);
#2239=VECTOR('',#3492,1000.);
#2240=VECTOR('',#3493,1000.);
#2241=VECTOR('',#3494,1000.);
#2242=VECTOR('',#3497,1000.);
#2243=VECTOR('',#3500,1000.);
#2244=VECTOR('',#3505,1000.);
#2245=VECTOR('',#3514,1000.);
#2246=VECTOR('',#3519,1000.);
#2247=VECTOR('',#3522,1000.);
#2248=VECTOR('',#3531,1000.);
#2249=VECTOR('',#3532,1000.);
#2250=VECTOR('',#3533,1000.);
#2251=VECTOR('',#3540,1000.);
#2252=VECTOR('',#3541,1000.);
#2253=VECTOR('',#3542,1000.);
#2254=VECTOR('',#3545,1000.);
#2255=VECTOR('',#3550,1000.);
#2256=VECTOR('',#3551,1000.);
#2257=VECTOR('',#3560,1000.);
#2258=VECTOR('',#3561,1000.);
#2259=VECTOR('',#3562,1000.);
#2260=VECTOR('',#3563,1000.);
#2261=VECTOR('',#3566,1000.);
#2262=VECTOR('',#3567,1000.);
#2263=VECTOR('',#3568,1000.);
#2264=VECTOR('',#3571,1000.);
#2265=VECTOR('',#3578,1000.);
#2266=VECTOR('',#3579,1000.);
#2267=VECTOR('',#3580,1000.);
#2268=VECTOR('',#3583,1000.);
#2269=VECTOR('',#3590,1000.);
#2270=VECTOR('',#3591,1000.);
#2271=VECTOR('',#3596,1000.);
#2272=VECTOR('',#3601,1000.);
#2273=VECTOR('',#3602,1000.);
#2274=VECTOR('',#3603,1000.);
#2275=VECTOR('',#3608,1000.);
#2276=VECTOR('',#3613,1000.);
#2277=VECTOR('',#3614,1000.);
#2278=VECTOR('',#3617,1000.);
#2279=VECTOR('',#3618,1000.);
#2280=VECTOR('',#3619,1000.);
#2281=VECTOR('',#3622,1000.);
#2282=VECTOR('',#3623,1000.);
#2283=VECTOR('',#3626,1000.);
#2284=VECTOR('',#3627,1000.);
#2285=VECTOR('',#3628,1000.);
#2286=VECTOR('',#3631,1000.);
#2287=VECTOR('',#3636,1000.);
#2288=VECTOR('',#3637,1000.);
#2289=VECTOR('',#3640,1000.);
#2290=VECTOR('',#3643,1000.);
#2291=VECTOR('',#3644,1000.);
#2292=VECTOR('',#3645,1000.);
#2293=VECTOR('',#3646,1000.);
#2294=VECTOR('',#3647,1000.);
#2295=VECTOR('',#3652,1000.);
#2296=VECTOR('',#3653,1000.);
#2297=VECTOR('',#3654,1000.);
#2298=VECTOR('',#3655,1000.);
#2299=VECTOR('',#3658,1000.);
#2300=VECTOR('',#3661,1000.);
#2301=VECTOR('',#3662,1000.);
#2302=VECTOR('',#3665,1000.);
#2303=VECTOR('',#3666,1000.);
#2304=VECTOR('',#3669,1000.);
#2305=VECTOR('',#3670,1000.);
#2306=VECTOR('',#3671,1000.);
#2307=VECTOR('',#3674,1000.);
#2308=VECTOR('',#3675,1000.);
#2309=VECTOR('',#3678,1000.);
#2310=VECTOR('',#3679,1000.);
#2311=VECTOR('',#3680,1000.);
#2312=VECTOR('',#3681,1000.);
#2313=VECTOR('',#3684,1000.);
#2314=VECTOR('',#3685,1000.);
#2315=VECTOR('',#3686,1000.);
#2316=VECTOR('',#3687,1000.);
#2317=VECTOR('',#3692,1000.);
#2318=VECTOR('',#3697,1000.);
#2319=VECTOR('',#3698,1000.);
#2320=VECTOR('',#3699,1000.);
#2321=VECTOR('',#3704,1000.);
#2322=VECTOR('',#3709,1000.);
#2323=VECTOR('',#3710,1000.);
#2324=VECTOR('',#3711,1000.);
#2325=VECTOR('',#3714,1000.);
#2326=VECTOR('',#3715,1000.);
#2327=VECTOR('',#3718,1000.);
#2328=VECTOR('',#3721,1000.);
#2329=VECTOR('',#3724,1000.);
#2330=VECTOR('',#3729,1000.);
#2331=VECTOR('',#3732,1000.);
#2332=VECTOR('',#3735,1000.);
#2333=VECTOR('',#3738,1000.);
#2334=VECTOR('',#3741,1000.);
#2335=VECTOR('',#3746,1000.);
#2336=VECTOR('',#3751,1000.);
#2337=VECTOR('',#3756,1000.);
#2338=VECTOR('',#3761,1000.);
#2339=VECTOR('',#3762,1000.);
#2340=VECTOR('',#3765,1000.);
#2341=VECTOR('',#3768,1000.);
#2342=VECTOR('',#3771,1000.);
#2343=VECTOR('',#3774,1000.);
#2344=VECTOR('',#3777,1000.);
#2345=VECTOR('',#3780,1000.);
#2346=VECTOR('',#3783,1000.);
#2347=VECTOR('',#3790,1000.);
#2348=VECTOR('',#3793,1000.);
#2349=VECTOR('',#3794,1000.);
#2350=VECTOR('',#3805,1000.);
#2351=VECTOR('',#3808,1000.);
#2352=VECTOR('',#3819,1000.);
#2353=VECTOR('',#3822,1000.);
#2354=VECTOR('',#3837,1000.);
#2355=VECTOR('',#3838,1000.);
#2356=VECTOR('',#3843,1000.);
#2357=VECTOR('',#3844,1000.);
#2358=VECTOR('',#3855,1000.);
#2359=VECTOR('',#3858,1000.);
#2360=VECTOR('',#3877,1000.);
#2361=VECTOR('',#3878,1000.);
#2362=VECTOR('',#3885,1000.);
#2363=VECTOR('',#3886,1000.);
#2364=VECTOR('',#3887,1000.);
#2365=VECTOR('',#3890,1000.);
#2366=VECTOR('',#3891,1000.);
#2367=VECTOR('',#3892,1000.);
#2368=VECTOR('',#3899,1000.);
#2369=VECTOR('',#3900,1000.);
#2370=VECTOR('',#3901,1000.);
#2371=VECTOR('',#3904,1000.);
#2372=VECTOR('',#3905,1000.);
#2373=VECTOR('',#3906,1000.);
#2374=VECTOR('',#3915,1000.);
#2375=VECTOR('',#3918,1000.);
#2376=VECTOR('',#3925,1000.);
#2377=VECTOR('',#3926,1000.);
#2378=VECTOR('',#3929,1000.);
#2379=VECTOR('',#3950,1000.);
#2380=VECTOR('',#3955,1000.);
#2381=VECTOR('',#3956,1000.);
#2382=VECTOR('',#3999,1000.);
#2383=VECTOR('',#4010,1000.);
#2384=VECTOR('',#4011,1000.);
#2385=VECTOR('',#4014,1000.);
#2386=VECTOR('',#4015,1000.);
#2387=VECTOR('',#4020,1000.);
#2388=VECTOR('',#4023,1000.);
#2389=VECTOR('',#4024,1000.);
#2390=VECTOR('',#4027,1000.);
#2391=VECTOR('',#4028,1000.);
#2392=VECTOR('',#4033,1000.);
#2393=VECTOR('',#4038,1000.);
#2394=VECTOR('',#4039,1000.);
#2395=VECTOR('',#4042,1000.);
#2396=VECTOR('',#4045,1000.);
#2397=VECTOR('',#4058,1000.);
#2398=VECTOR('',#4063,1000.);
#2399=VECTOR('',#4066,1000.);
#2400=VECTOR('',#4069,1000.);
#2401=VECTOR('',#4088,1000.);
#2402=VECTOR('',#4091,1000.);
#2403=VECTOR('',#4094,1000.);
#2404=VECTOR('',#4095,1000.);
#2405=VECTOR('',#4104,1000.);
#2406=VECTOR('',#4105,1000.);
#2407=VECTOR('',#4186,1000.);
#2408=VECTOR('',#4197,1000.);
#2409=EDGE_LOOP('',(#364,#365,#366,#367,#368,#369));
#2410=EDGE_LOOP('',(#370,#371,#372,#373));
#2411=EDGE_LOOP('',(#374,#375,#376,#377));
#2412=EDGE_LOOP('',(#378,#379,#380,#381));
#2413=EDGE_LOOP('',(#382,#383,#384,#385));
#2414=EDGE_LOOP('',(#386,#387,#388,#389,#390,#391));
#2415=EDGE_LOOP('',(#392,#393,#394,#395,#396,#397));
#2416=EDGE_LOOP('',(#398,#399,#400,#401));
#2417=EDGE_LOOP('',(#402,#403,#404,#405,#406,#407,#408,#409,#410,#411,#412,
#413,#414,#415,#416,#417,#418,#419,#420,#421));
#2418=EDGE_LOOP('',(#422,#423,#424,#425));
#2419=EDGE_LOOP('',(#426,#427,#428,#429));
#2420=EDGE_LOOP('',(#430,#431,#432,#433));
#2421=EDGE_LOOP('',(#434,#435,#436,#437));
#2422=EDGE_LOOP('',(#438,#439,#440,#441,#442));
#2423=EDGE_LOOP('',(#443,#444,#445));
#2424=EDGE_LOOP('',(#446,#447,#448));
#2425=EDGE_LOOP('',(#449,#450,#451,#452));
#2426=EDGE_LOOP('',(#453,#454,#455,#456));
#2427=EDGE_LOOP('',(#457,#458,#459,#460));
#2428=EDGE_LOOP('',(#461,#462,#463,#464));
#2429=EDGE_LOOP('',(#465,#466,#467,#468));
#2430=EDGE_LOOP('',(#469,#470,#471,#472));
#2431=EDGE_LOOP('',(#473,#474,#475,#476,#477,#478,#479));
#2432=EDGE_LOOP('',(#480,#481,#482,#483,#484,#485,#486));
#2433=EDGE_LOOP('',(#487,#488,#489,#490,#491,#492,#493,#494));
#2434=EDGE_LOOP('',(#495,#496,#497,#498,#499,#500,#501));
#2435=EDGE_LOOP('',(#502,#503,#504,#505));
#2436=EDGE_LOOP('',(#506,#507,#508,#509));
#2437=EDGE_LOOP('',(#510,#511,#512,#513));
#2438=EDGE_LOOP('',(#514,#515,#516,#517));
#2439=EDGE_LOOP('',(#518,#519,#520,#521));
#2440=EDGE_LOOP('',(#522,#523,#524,#525));
#2441=EDGE_LOOP('',(#526,#527,#528,#529));
#2442=EDGE_LOOP('',(#530,#531,#532,#533));
#2443=EDGE_LOOP('',(#534,#535,#536,#537));
#2444=EDGE_LOOP('',(#538,#539,#540,#541));
#2445=EDGE_LOOP('',(#542,#543,#544,#545));
#2446=EDGE_LOOP('',(#546,#547,#548,#549,#550,#551,#552,#553,#554,#555,#556));
#2447=EDGE_LOOP('',(#557,#558,#559,#560,#561,#562,#563,#564,#565,#566,#567));
#2448=EDGE_LOOP('',(#568,#569,#570,#571,#572,#573,#574,#575,#576));
#2449=EDGE_LOOP('',(#577,#578,#579,#580,#581,#582,#583,#584,#585));
#2450=EDGE_LOOP('',(#586,#587,#588,#589));
#2451=EDGE_LOOP('',(#590,#591,#592,#593));
#2452=EDGE_LOOP('',(#594,#595,#596,#597));
#2453=EDGE_LOOP('',(#598,#599,#600,#601));
#2454=EDGE_LOOP('',(#602,#603,#604,#605));
#2455=EDGE_LOOP('',(#606,#607,#608,#609));
#2456=EDGE_LOOP('',(#610,#611,#612,#613));
#2457=EDGE_LOOP('',(#614,#615,#616,#617));
#2458=EDGE_LOOP('',(#618,#619,#620,#621));
#2459=EDGE_LOOP('',(#622,#623,#624,#625));
#2460=EDGE_LOOP('',(#626,#627,#628,#629,#630,#631,#632,#633,#634,#635,#636,
#637,#638,#639));
#2461=EDGE_LOOP('',(#640,#641,#642,#643,#644,#645,#646,#647,#648,#649,#650,
#651,#652));
#2462=EDGE_LOOP('',(#653,#654,#655,#656));
#2463=EDGE_LOOP('',(#657,#658,#659,#660,#661,#662,#663,#664,#665,#666,#667,
#668,#669,#670,#671,#672,#673,#674,#675,#676,#677,#678));
#2464=EDGE_LOOP('',(#679,#680,#681,#682));
#2465=EDGE_LOOP('',(#683,#684,#685,#686));
#2466=EDGE_LOOP('',(#687,#688,#689,#690));
#2467=EDGE_LOOP('',(#691,#692,#693,#694));
#2468=EDGE_LOOP('',(#695,#696,#697,#698));
#2469=EDGE_LOOP('',(#699,#700,#701,#702));
#2470=EDGE_LOOP('',(#703,#704,#705,#706));
#2471=EDGE_LOOP('',(#707,#708,#709,#710));
#2472=EDGE_LOOP('',(#711,#712,#713,#714));
#2473=EDGE_LOOP('',(#715,#716,#717,#718));
#2474=EDGE_LOOP('',(#719,#720,#721,#722));
#2475=EDGE_LOOP('',(#723,#724,#725,#726));
#2476=EDGE_LOOP('',(#727,#728,#729,#730));
#2477=EDGE_LOOP('',(#731,#732,#733,#734));
#2478=EDGE_LOOP('',(#735,#736,#737,#738));
#2479=EDGE_LOOP('',(#739,#740,#741,#742));
#2480=EDGE_LOOP('',(#743,#744,#745,#746));
#2481=EDGE_LOOP('',(#747,#748,#749,#750));
#2482=EDGE_LOOP('',(#751,#752,#753,#754));
#2483=EDGE_LOOP('',(#755,#756,#757,#758));
#2484=EDGE_LOOP('',(#759,#760,#761,#762));
#2485=EDGE_LOOP('',(#763,#764,#765,#766));
#2486=EDGE_LOOP('',(#767,#768,#769,#770));
#2487=EDGE_LOOP('',(#771,#772,#773,#774));
#2488=EDGE_LOOP('',(#775,#776,#777,#778));
#2489=EDGE_LOOP('',(#779,#780,#781,#782));
#2490=EDGE_LOOP('',(#783,#784,#785,#786));
#2491=EDGE_LOOP('',(#787,#788,#789,#790));
#2492=EDGE_LOOP('',(#791,#792,#793,#794));
#2493=EDGE_LOOP('',(#795,#796,#797,#798));
#2494=EDGE_LOOP('',(#799,#800,#801,#802));
#2495=EDGE_LOOP('',(#803,#804,#805,#806));
#2496=EDGE_LOOP('',(#807,#808,#809,#810));
#2497=EDGE_LOOP('',(#811,#812,#813,#814));
#2498=EDGE_LOOP('',(#815,#816,#817));
#2499=EDGE_LOOP('',(#818,#819,#820,#821,#822,#823));
#2500=EDGE_LOOP('',(#824,#825,#826));
#2501=EDGE_LOOP('',(#827,#828,#829));
#2502=EDGE_LOOP('',(#830,#831,#832,#833,#834,#835));
#2503=EDGE_LOOP('',(#836,#837,#838));
#2504=EDGE_LOOP('',(#839,#840,#841,#842));
#2505=EDGE_LOOP('',(#843,#844,#845,#846));
#2506=EDGE_LOOP('',(#847,#848,#849,#850));
#2507=EDGE_LOOP('',(#851,#852,#853,#854));
#2508=EDGE_LOOP('',(#855,#856,#857,#858));
#2509=EDGE_LOOP('',(#859,#860,#861,#862));
#2510=EDGE_LOOP('',(#863,#864,#865,#866));
#2511=EDGE_LOOP('',(#867,#868,#869,#870));
#2512=EDGE_LOOP('',(#871,#872,#873,#874));
#2513=EDGE_LOOP('',(#875,#876,#877,#878));
#2514=EDGE_LOOP('',(#879,#880,#881,#882));
#2515=EDGE_LOOP('',(#883,#884,#885,#886,#887,#888));
#2516=EDGE_LOOP('',(#889,#890,#891,#892,#893,#894));
#2517=EDGE_LOOP('',(#895,#896,#897,#898,#899,#900));
#2518=EDGE_LOOP('',(#901,#902,#903,#904));
#2519=EDGE_LOOP('',(#905,#906,#907,#908,#909,#910));
#2520=EDGE_LOOP('',(#911,#912,#913,#914,#915,#916));
#2521=EDGE_LOOP('',(#917,#918,#919,#920,#921,#922));
#2522=EDGE_LOOP('',(#923,#924,#925,#926,#927,#928));
#2523=EDGE_LOOP('',(#929,#930,#931,#932));
#2524=EDGE_LOOP('',(#933,#934,#935,#936,#937,#938));
#2525=EDGE_LOOP('',(#939,#940,#941,#942,#943));
#2526=EDGE_LOOP('',(#944,#945,#946,#947));
#2527=EDGE_LOOP('',(#948,#949,#950,#951,#952,#953,#954,#955,#956,#957,#958,
#959,#960,#961));
#2528=EDGE_LOOP('',(#962,#963,#964,#965));
#2529=EDGE_LOOP('',(#966,#967,#968,#969,#970,#971,#972));
#2530=EDGE_LOOP('',(#973,#974,#975,#976));
#2531=EDGE_LOOP('',(#977,#978,#979,#980,#981,#982,#983));
#2532=EDGE_LOOP('',(#984,#985,#986,#987));
#2533=EDGE_LOOP('',(#988,#989,#990,#991));
#2534=EDGE_LOOP('',(#992,#993,#994,#995));
#2535=EDGE_LOOP('',(#996,#997,#998,#999,#1000,#1001,#1002));
#2536=EDGE_LOOP('',(#1003,#1004,#1005,#1006));
#2537=EDGE_LOOP('',(#1007,#1008,#1009,#1010,#1011,#1012,#1013));
#2538=EDGE_LOOP('',(#1014,#1015,#1016,#1017));
#2539=EDGE_LOOP('',(#1018,#1019,#1020,#1021));
#2540=EDGE_LOOP('',(#1022,#1023,#1024,#1025));
#2541=EDGE_LOOP('',(#1026,#1027,#1028,#1029));
#2542=EDGE_LOOP('',(#1030,#1031,#1032,#1033));
#2543=EDGE_LOOP('',(#1034,#1035,#1036,#1037));
#2544=EDGE_LOOP('',(#1038,#1039,#1040,#1041));
#2545=EDGE_LOOP('',(#1042,#1043,#1044,#1045));
#2546=EDGE_LOOP('',(#1046,#1047,#1048,#1049));
#2547=EDGE_LOOP('',(#1050,#1051,#1052,#1053));
#2548=EDGE_LOOP('',(#1054,#1055,#1056,#1057));
#2549=EDGE_LOOP('',(#1058,#1059,#1060,#1061));
#2550=EDGE_LOOP('',(#1062,#1063,#1064,#1065));
#2551=EDGE_LOOP('',(#1066,#1067,#1068,#1069));
#2552=EDGE_LOOP('',(#1070,#1071,#1072,#1073));
#2553=EDGE_LOOP('',(#1074,#1075,#1076,#1077,#1078,#1079,#1080,#1081,#1082,
#1083,#1084,#1085,#1086,#1087,#1088,#1089));
#2554=EDGE_LOOP('',(#1090,#1091,#1092,#1093));
#2555=EDGE_LOOP('',(#1094,#1095,#1096,#1097));
#2556=EDGE_LOOP('',(#1098,#1099,#1100,#1101));
#2557=EDGE_LOOP('',(#1102,#1103,#1104,#1105));
#2558=EDGE_LOOP('',(#1106,#1107,#1108,#1109));
#2559=EDGE_LOOP('',(#1110,#1111,#1112,#1113));
#2560=EDGE_LOOP('',(#1114,#1115,#1116,#1117));
#2561=EDGE_LOOP('',(#1118,#1119,#1120,#1121));
#2562=EDGE_LOOP('',(#1122,#1123,#1124,#1125));
#2563=EDGE_LOOP('',(#1126,#1127,#1128,#1129));
#2564=EDGE_LOOP('',(#1130,#1131,#1132,#1133));
#2565=EDGE_LOOP('',(#1134,#1135,#1136,#1137));
#2566=EDGE_LOOP('',(#1138,#1139,#1140,#1141));
#2567=EDGE_LOOP('',(#1142,#1143,#1144,#1145));
#2568=EDGE_LOOP('',(#1146,#1147,#1148,#1149,#1150));
#2569=EDGE_LOOP('',(#1151,#1152,#1153,#1154));
#2570=EDGE_LOOP('',(#1155,#1156,#1157,#1158));
#2571=EDGE_LOOP('',(#1159,#1160,#1161,#1162,#1163));
#2572=EDGE_LOOP('',(#1164,#1165,#1166,#1167));
#2573=EDGE_LOOP('',(#1168,#1169,#1170,#1171,#1172));
#2574=EDGE_LOOP('',(#1173,#1174,#1175,#1176));
#2575=EDGE_LOOP('',(#1177,#1178,#1179,#1180));
#2576=EDGE_LOOP('',(#1181,#1182,#1183,#1184));
#2577=EDGE_LOOP('',(#1185,#1186,#1187,#1188,#1189));
#2578=EDGE_LOOP('',(#1190,#1191,#1192,#1193,#1194));
#2579=EDGE_LOOP('',(#1195,#1196,#1197,#1198));
#2580=EDGE_LOOP('',(#1199,#1200,#1201,#1202));
#2581=EDGE_LOOP('',(#1203,#1204,#1205,#1206,#1207,#1208));
#2582=EDGE_LOOP('',(#1209,#1210,#1211,#1212));
#2583=EDGE_LOOP('',(#1213,#1214,#1215,#1216,#1217,#1218));
#2584=EDGE_LOOP('',(#1219,#1220,#1221,#1222,#1223,#1224));
#2585=EDGE_LOOP('',(#1225,#1226,#1227,#1228));
#2586=EDGE_LOOP('',(#1229,#1230,#1231,#1232,#1233,#1234));
#2587=EDGE_LOOP('',(#1235,#1236,#1237,#1238));
#2588=EDGE_LOOP('',(#1239,#1240,#1241,#1242));
#2589=EDGE_LOOP('',(#1243,#1244,#1245,#1246,#1247));
#2590=EDGE_LOOP('',(#1248,#1249,#1250,#1251));
#2591=EDGE_LOOP('',(#1252,#1253,#1254,#1255));
#2592=FACE_BOUND('',#2409,.T.);
#2593=FACE_BOUND('',#2410,.T.);
#2594=FACE_BOUND('',#2411,.T.);
#2595=FACE_BOUND('',#2412,.T.);
#2596=FACE_BOUND('',#2413,.T.);
#2597=FACE_BOUND('',#2414,.T.);
#2598=FACE_BOUND('',#2415,.T.);
#2599=FACE_BOUND('',#2416,.T.);
#2600=FACE_BOUND('',#2417,.T.);
#2601=FACE_BOUND('',#2418,.T.);
#2602=FACE_BOUND('',#2419,.T.);
#2603=FACE_BOUND('',#2420,.T.);
#2604=FACE_BOUND('',#2421,.T.);
#2605=FACE_BOUND('',#2422,.T.);
#2606=FACE_BOUND('',#2423,.T.);
#2607=FACE_BOUND('',#2424,.T.);
#2608=FACE_BOUND('',#2425,.T.);
#2609=FACE_BOUND('',#2426,.T.);
#2610=FACE_BOUND('',#2427,.T.);
#2611=FACE_BOUND('',#2428,.T.);
#2612=FACE_BOUND('',#2429,.T.);
#2613=FACE_BOUND('',#2430,.T.);
#2614=FACE_BOUND('',#2431,.T.);
#2615=FACE_BOUND('',#2432,.T.);
#2616=FACE_BOUND('',#2433,.T.);
#2617=FACE_BOUND('',#2434,.T.);
#2618=FACE_BOUND('',#2435,.T.);
#2619=FACE_BOUND('',#2436,.T.);
#2620=FACE_BOUND('',#2437,.T.);
#2621=FACE_BOUND('',#2438,.T.);
#2622=FACE_BOUND('',#2439,.T.);
#2623=FACE_BOUND('',#2440,.T.);
#2624=FACE_BOUND('',#2441,.T.);
#2625=FACE_BOUND('',#2442,.T.);
#2626=FACE_BOUND('',#2443,.T.);
#2627=FACE_BOUND('',#2444,.T.);
#2628=FACE_BOUND('',#2445,.T.);
#2629=FACE_BOUND('',#2446,.T.);
#2630=FACE_BOUND('',#2447,.T.);
#2631=FACE_BOUND('',#2448,.T.);
#2632=FACE_BOUND('',#2449,.T.);
#2633=FACE_BOUND('',#2450,.T.);
#2634=FACE_BOUND('',#2451,.T.);
#2635=FACE_BOUND('',#2452,.T.);
#2636=FACE_BOUND('',#2453,.T.);
#2637=FACE_BOUND('',#2454,.T.);
#2638=FACE_BOUND('',#2455,.T.);
#2639=FACE_BOUND('',#2456,.T.);
#2640=FACE_BOUND('',#2457,.T.);
#2641=FACE_BOUND('',#2458,.T.);
#2642=FACE_BOUND('',#2459,.T.);
#2643=FACE_BOUND('',#2460,.T.);
#2644=FACE_BOUND('',#2461,.T.);
#2645=FACE_BOUND('',#2462,.T.);
#2646=FACE_BOUND('',#2463,.T.);
#2647=FACE_BOUND('',#2464,.T.);
#2648=FACE_BOUND('',#2465,.T.);
#2649=FACE_BOUND('',#2466,.T.);
#2650=FACE_BOUND('',#2467,.T.);
#2651=FACE_BOUND('',#2468,.T.);
#2652=FACE_BOUND('',#2469,.T.);
#2653=FACE_BOUND('',#2470,.T.);
#2654=FACE_BOUND('',#2471,.T.);
#2655=FACE_BOUND('',#2472,.T.);
#2656=FACE_BOUND('',#2473,.T.);
#2657=FACE_BOUND('',#2474,.T.);
#2658=FACE_BOUND('',#2475,.T.);
#2659=FACE_BOUND('',#2476,.T.);
#2660=FACE_BOUND('',#2477,.T.);
#2661=FACE_BOUND('',#2478,.T.);
#2662=FACE_BOUND('',#2479,.T.);
#2663=FACE_BOUND('',#2480,.T.);
#2664=FACE_BOUND('',#2481,.T.);
#2665=FACE_BOUND('',#2482,.T.);
#2666=FACE_BOUND('',#2483,.T.);
#2667=FACE_BOUND('',#2484,.T.);
#2668=FACE_BOUND('',#2485,.T.);
#2669=FACE_BOUND('',#2486,.T.);
#2670=FACE_BOUND('',#2487,.T.);
#2671=FACE_BOUND('',#2488,.T.);
#2672=FACE_BOUND('',#2489,.T.);
#2673=FACE_BOUND('',#2490,.T.);
#2674=FACE_BOUND('',#2491,.T.);
#2675=FACE_BOUND('',#2492,.T.);
#2676=FACE_BOUND('',#2493,.T.);
#2677=FACE_BOUND('',#2494,.T.);
#2678=FACE_BOUND('',#2495,.T.);
#2679=FACE_BOUND('',#2496,.T.);
#2680=FACE_BOUND('',#2497,.T.);
#2681=FACE_BOUND('',#2498,.T.);
#2682=FACE_BOUND('',#2499,.T.);
#2683=FACE_BOUND('',#2500,.T.);
#2684=FACE_BOUND('',#2501,.T.);
#2685=FACE_BOUND('',#2502,.T.);
#2686=FACE_BOUND('',#2503,.T.);
#2687=FACE_BOUND('',#2504,.T.);
#2688=FACE_BOUND('',#2505,.T.);
#2689=FACE_BOUND('',#2506,.T.);
#2690=FACE_BOUND('',#2507,.T.);
#2691=FACE_BOUND('',#2508,.T.);
#2692=FACE_BOUND('',#2509,.T.);
#2693=FACE_BOUND('',#2510,.T.);
#2694=FACE_BOUND('',#2511,.T.);
#2695=FACE_BOUND('',#2512,.T.);
#2696=FACE_BOUND('',#2513,.T.);
#2697=FACE_BOUND('',#2514,.T.);
#2698=FACE_BOUND('',#2515,.T.);
#2699=FACE_BOUND('',#2516,.T.);
#2700=FACE_BOUND('',#2517,.T.);
#2701=FACE_BOUND('',#2518,.T.);
#2702=FACE_BOUND('',#2519,.T.);
#2703=FACE_BOUND('',#2520,.T.);
#2704=FACE_BOUND('',#2521,.T.);
#2705=FACE_BOUND('',#2522,.T.);
#2706=FACE_BOUND('',#2523,.T.);
#2707=FACE_BOUND('',#2524,.T.);
#2708=FACE_BOUND('',#2525,.T.);
#2709=FACE_BOUND('',#2526,.T.);
#2710=FACE_BOUND('',#2527,.T.);
#2711=FACE_BOUND('',#2528,.T.);
#2712=FACE_BOUND('',#2529,.T.);
#2713=FACE_BOUND('',#2530,.T.);
#2714=FACE_BOUND('',#2531,.T.);
#2715=FACE_BOUND('',#2532,.T.);
#2716=FACE_BOUND('',#2533,.T.);
#2717=FACE_BOUND('',#2534,.T.);
#2718=FACE_BOUND('',#2535,.T.);
#2719=FACE_BOUND('',#2536,.T.);
#2720=FACE_BOUND('',#2537,.T.);
#2721=FACE_BOUND('',#2538,.T.);
#2722=FACE_BOUND('',#2539,.T.);
#2723=FACE_BOUND('',#2540,.T.);
#2724=FACE_BOUND('',#2541,.T.);
#2725=FACE_BOUND('',#2542,.T.);
#2726=FACE_BOUND('',#2543,.T.);
#2727=FACE_BOUND('',#2544,.T.);
#2728=FACE_BOUND('',#2545,.T.);
#2729=FACE_BOUND('',#2546,.T.);
#2730=FACE_BOUND('',#2547,.T.);
#2731=FACE_BOUND('',#2548,.T.);
#2732=FACE_BOUND('',#2549,.T.);
#2733=FACE_BOUND('',#2550,.T.);
#2734=FACE_BOUND('',#2551,.T.);
#2735=FACE_BOUND('',#2552,.T.);
#2736=FACE_BOUND('',#2553,.T.);
#2737=FACE_BOUND('',#2554,.T.);
#2738=FACE_BOUND('',#2555,.T.);
#2739=FACE_BOUND('',#2556,.T.);
#2740=FACE_BOUND('',#2557,.T.);
#2741=FACE_BOUND('',#2558,.T.);
#2742=FACE_BOUND('',#2559,.T.);
#2743=FACE_BOUND('',#2560,.T.);
#2744=FACE_BOUND('',#2561,.T.);
#2745=FACE_BOUND('',#2562,.T.);
#2746=FACE_BOUND('',#2563,.T.);
#2747=FACE_BOUND('',#2564,.T.);
#2748=FACE_BOUND('',#2565,.T.);
#2749=FACE_BOUND('',#2566,.T.);
#2750=FACE_BOUND('',#2567,.T.);
#2751=FACE_BOUND('',#2568,.T.);
#2752=FACE_BOUND('',#2569,.T.);
#2753=FACE_BOUND('',#2570,.T.);
#2754=FACE_BOUND('',#2571,.T.);
#2755=FACE_BOUND('',#2572,.T.);
#2756=FACE_BOUND('',#2573,.T.);
#2757=FACE_BOUND('',#2574,.T.);
#2758=FACE_BOUND('',#2575,.T.);
#2759=FACE_BOUND('',#2576,.T.);
#2760=FACE_BOUND('',#2577,.T.);
#2761=FACE_BOUND('',#2578,.T.);
#2762=FACE_BOUND('',#2579,.T.);
#2763=FACE_BOUND('',#2580,.T.);
#2764=FACE_BOUND('',#2581,.T.);
#2765=FACE_BOUND('',#2582,.T.);
#2766=FACE_BOUND('',#2583,.T.);
#2767=FACE_BOUND('',#2584,.T.);
#2768=FACE_BOUND('',#2585,.T.);
#2769=FACE_BOUND('',#2586,.T.);
#2770=FACE_BOUND('',#2587,.T.);
#2771=FACE_BOUND('',#2588,.T.);
#2772=FACE_BOUND('',#2589,.T.);
#2773=FACE_BOUND('',#2590,.T.);
#2774=FACE_BOUND('',#2591,.T.);
#2775=PLANE('',#3032);
#2776=PLANE('',#3035);
#2777=PLANE('',#3036);
#2778=PLANE('',#3053);
#2779=PLANE('',#3064);
#2780=PLANE('',#3072);
#2781=PLANE('',#3073);
#2782=PLANE('',#3074);
#2783=PLANE('',#3075);
#2784=PLANE('',#3088);
#2785=PLANE('',#3091);
#2786=PLANE('',#3094);
#2787=PLANE('',#3098);
#2788=PLANE('',#3101);
#2789=PLANE('',#3105);
#2790=PLANE('',#3109);
#2791=PLANE('',#3113);
#2792=PLANE('',#3117);
#2793=PLANE('',#3118);
#2794=PLANE('',#3119);
#2795=PLANE('',#3120);
#2796=PLANE('',#3124);
#2797=PLANE('',#3126);
#2798=PLANE('',#3128);
#2799=PLANE('',#3130);
#2800=PLANE('',#3131);
#2801=PLANE('',#3132);
#2802=PLANE('',#3133);
#2803=PLANE('',#3134);
#2804=PLANE('',#3138);
#2805=PLANE('',#3142);
#2806=PLANE('',#3143);
#2807=PLANE('',#3144);
#2808=PLANE('',#3147);
#2809=PLANE('',#3150);
#2810=PLANE('',#3151);
#2811=PLANE('',#3160);
#2812=PLANE('',#3163);
#2813=PLANE('',#3166);
#2814=PLANE('',#3168);
#2815=PLANE('',#3171);
#2816=PLANE('',#3208);
#2817=PLANE('',#3209);
#2818=PLANE('',#3210);
#2819=PLANE('',#3211);
#2820=PLANE('',#3214);
#2821=PLANE('',#3215);
#2822=PLANE('',#3261);
#2823=PLANE('',#3262);
#2824=PLANE('',#3263);
#2825=PLANE('',#3265);
#2826=PLANE('',#3267);
#2827=PLANE('',#3269);
#2828=PLANE('',#3272);
#2829=PLANE('',#3273);
#2830=PLANE('',#3275);
#2831=PLANE('',#3276);
#2832=PLANE('',#3277);
#2833=PLANE('',#3278);
#2834=PLANE('',#3279);
#2835=PLANE('',#3294);
#2836=PLANE('',#3298);
#2837=PLANE('',#3352);
#2838=PLANE('',#3353);
#2839=ADVANCED_FACE('',(#2592),#2775,.F.);
#2840=ADVANCED_FACE('',(#2593),#2776,.T.);
#2841=ADVANCED_FACE('',(#2594),#2777,.T.);
#2842=ADVANCED_FACE('',(#2595),#286,.F.);
#2843=ADVANCED_FACE('',(#2596),#287,.F.);
#2844=ADVANCED_FACE('',(#2597),#288,.F.);
#2845=ADVANCED_FACE('',(#2598),#289,.F.);
#2846=ADVANCED_FACE('',(#2599,#2600),#2778,.F.);
#2847=ADVANCED_FACE('',(#2601),#2779,.T.);
#2848=ADVANCED_FACE('',(#2602),#290,.F.);
#2849=ADVANCED_FACE('',(#2603,#2604,#2605),#291,.F.);
#2850=ADVANCED_FACE('',(#2606),#2780,.F.);
#2851=ADVANCED_FACE('',(#2607),#2781,.F.);
#2852=ADVANCED_FACE('',(#2608),#2782,.T.);
#2853=ADVANCED_FACE('',(#2609),#2783,.T.);
#2854=ADVANCED_FACE('',(#2610),#292,.T.);
#2855=ADVANCED_FACE('',(#2611),#293,.T.);
#2856=ADVANCED_FACE('',(#2612),#294,.T.);
#2857=ADVANCED_FACE('',(#2613),#295,.T.);
#2858=ADVANCED_FACE('',(#2614),#2784,.F.);
#2859=ADVANCED_FACE('',(#2615),#2785,.F.);
#2860=ADVANCED_FACE('',(#2616),#2786,.F.);
#2861=ADVANCED_FACE('',(#2617),#2787,.F.);
#2862=ADVANCED_FACE('',(#2618),#2788,.T.);
#2863=ADVANCED_FACE('',(#2619),#66,.T.);
#2864=ADVANCED_FACE('',(#2620),#2789,.T.);
#2865=ADVANCED_FACE('',(#2621),#67,.T.);
#2866=ADVANCED_FACE('',(#2622),#2790,.T.);
#2867=ADVANCED_FACE('',(#2623),#68,.T.);
#2868=ADVANCED_FACE('',(#2624),#2791,.T.);
#2869=ADVANCED_FACE('',(#2625),#69,.T.);
#2870=ADVANCED_FACE('',(#2626),#2792,.T.);
#2871=ADVANCED_FACE('',(#2627),#2793,.T.);
#2872=ADVANCED_FACE('',(#2628),#2794,.T.);
#2873=ADVANCED_FACE('',(#2629),#2795,.F.);
#2874=ADVANCED_FACE('',(#2630),#2796,.F.);
#2875=ADVANCED_FACE('',(#2631),#2797,.F.);
#2876=ADVANCED_FACE('',(#2632),#2798,.F.);
#2877=ADVANCED_FACE('',(#2633),#2799,.T.);
#2878=ADVANCED_FACE('',(#2634),#2800,.T.);
#2879=ADVANCED_FACE('',(#2635),#2801,.F.);
#2880=ADVANCED_FACE('',(#2636),#2802,.F.);
#2881=ADVANCED_FACE('',(#2637),#2803,.F.);
#2882=ADVANCED_FACE('',(#2638),#70,.T.);
#2883=ADVANCED_FACE('',(#2639),#2804,.F.);
#2884=ADVANCED_FACE('',(#2640),#71,.T.);
#2885=ADVANCED_FACE('',(#2641),#2805,.F.);
#2886=ADVANCED_FACE('',(#2642),#2806,.F.);
#2887=ADVANCED_FACE('',(#2643),#2807,.F.);
#2888=ADVANCED_FACE('',(#2644),#2808,.F.);
#2889=ADVANCED_FACE('',(#2645),#2809,.F.);
#2890=ADVANCED_FACE('',(#2646),#2810,.T.);
#2891=ADVANCED_FACE('',(#2647),#2811,.T.);
#2892=ADVANCED_FACE('',(#2648),#296,.F.);
#2893=ADVANCED_FACE('',(#2649),#297,.T.);
#2894=ADVANCED_FACE('',(#2650),#2812,.T.);
#2895=ADVANCED_FACE('',(#2651),#298,.T.);
#2896=ADVANCED_FACE('',(#2652),#299,.F.);
#2897=ADVANCED_FACE('',(#2653),#2813,.T.);
#2898=ADVANCED_FACE('',(#2654),#300,.F.);
#2899=ADVANCED_FACE('',(#2655),#2814,.T.);
#2900=ADVANCED_FACE('',(#2656),#301,.F.);
#2901=ADVANCED_FACE('',(#2657),#2815,.T.);
#2902=ADVANCED_FACE('',(#2658),#302,.F.);
#2903=ADVANCED_FACE('',(#2659),#303,.F.);
#2904=ADVANCED_FACE('',(#2660),#304,.F.);
#2905=ADVANCED_FACE('',(#2661),#44,.F.);
#2906=ADVANCED_FACE('',(#2662),#305,.F.);
#2907=ADVANCED_FACE('',(#2663),#45,.F.);
#2908=ADVANCED_FACE('',(#2664),#306,.F.);
#2909=ADVANCED_FACE('',(#2665),#307,.F.);
#2910=ADVANCED_FACE('',(#2666),#46,.F.);
#2911=ADVANCED_FACE('',(#2667),#308,.F.);
#2912=ADVANCED_FACE('',(#2668),#47,.F.);
#2913=ADVANCED_FACE('',(#2669),#48,.F.);
#2914=ADVANCED_FACE('',(#2670),#309,.F.);
#2915=ADVANCED_FACE('',(#2671),#2816,.T.);
#2916=ADVANCED_FACE('',(#2672),#2817,.T.);
#2917=ADVANCED_FACE('',(#2673),#2818,.T.);
#2918=ADVANCED_FACE('',(#2674),#2819,.T.);
#2919=ADVANCED_FACE('',(#2675),#310,.F.);
#2920=ADVANCED_FACE('',(#2676),#311,.F.);
#2921=ADVANCED_FACE('',(#2677),#2820,.T.);
#2922=ADVANCED_FACE('',(#2678),#2821,.T.);
#2923=ADVANCED_FACE('',(#2679),#312,.F.);
#2924=ADVANCED_FACE('',(#2680),#313,.F.);
#2925=ADVANCED_FACE('',(#2681),#36,.F.);
#2926=ADVANCED_FACE('',(#2682),#314,.F.);
#2927=ADVANCED_FACE('',(#2683),#37,.F.);
#2928=ADVANCED_FACE('',(#2684),#38,.F.);
#2929=ADVANCED_FACE('',(#2685),#315,.F.);
#2930=ADVANCED_FACE('',(#2686),#39,.F.);
#2931=ADVANCED_FACE('',(#2687),#316,.F.);
#2932=ADVANCED_FACE('',(#2688),#49,.F.);
#2933=ADVANCED_FACE('',(#2689),#50,.F.);
#2934=ADVANCED_FACE('',(#2690),#40,.F.);
#2935=ADVANCED_FACE('',(#2691),#41,.F.);
#2936=ADVANCED_FACE('',(#2692),#317,.F.);
#2937=ADVANCED_FACE('',(#2693),#318,.F.);
#2938=ADVANCED_FACE('',(#2694),#42,.F.);
#2939=ADVANCED_FACE('',(#2695),#43,.F.);
#2940=ADVANCED_FACE('',(#2696),#51,.F.);
#2941=ADVANCED_FACE('',(#2697),#52,.F.);
#2942=ADVANCED_FACE('',(#2698),#32,.T.);
#2943=ADVANCED_FACE('',(#2699),#33,.T.);
#2944=ADVANCED_FACE('',(#2700),#20,.T.);
#2945=ADVANCED_FACE('',(#2701),#319,.F.);
#2946=ADVANCED_FACE('',(#2702),#34,.T.);
#2947=ADVANCED_FACE('',(#2703),#35,.T.);
#2948=ADVANCED_FACE('',(#2704),#21,.F.);
#2949=ADVANCED_FACE('',(#2705),#22,.F.);
#2950=ADVANCED_FACE('',(#2706),#320,.F.);
#2951=ADVANCED_FACE('',(#2707),#23,.T.);
#2952=ADVANCED_FACE('',(#2708),#321,.F.);
#2953=ADVANCED_FACE('',(#2709),#53,.F.);
#2954=ADVANCED_FACE('',(#2710),#2822,.F.);
#2955=ADVANCED_FACE('',(#2711),#2823,.T.);
#2956=ADVANCED_FACE('',(#2712),#24,.F.);
#2957=ADVANCED_FACE('',(#2713),#2824,.F.);
#2958=ADVANCED_FACE('',(#2714),#25,.F.);
#2959=ADVANCED_FACE('',(#2715),#322,.F.);
#2960=ADVANCED_FACE('',(#2716),#2825,.F.);
#2961=ADVANCED_FACE('',(#2717),#323,.F.);
#2962=ADVANCED_FACE('',(#2718),#26,.F.);
#2963=ADVANCED_FACE('',(#2719),#2826,.F.);
#2964=ADVANCED_FACE('',(#2720),#27,.F.);
#2965=ADVANCED_FACE('',(#2721),#324,.F.);
#2966=ADVANCED_FACE('',(#2722),#2827,.F.);
#2967=ADVANCED_FACE('',(#2723),#325,.F.);
#2968=ADVANCED_FACE('',(#2724),#72,.F.);
#2969=ADVANCED_FACE('',(#2725),#2828,.T.);
#2970=ADVANCED_FACE('',(#2726),#2829,.T.);
#2971=ADVANCED_FACE('',(#2727),#73,.F.);
#2972=ADVANCED_FACE('',(#2728),#28,.T.);
#2973=ADVANCED_FACE('',(#2729),#2830,.F.);
#2974=ADVANCED_FACE('',(#2730),#2831,.T.);
#2975=ADVANCED_FACE('',(#2731),#29,.T.);
#2976=ADVANCED_FACE('',(#2732),#2832,.T.);
#2977=ADVANCED_FACE('',(#2733),#30,.T.);
#2978=ADVANCED_FACE('',(#2734),#31,.T.);
#2979=ADVANCED_FACE('',(#2735),#2833,.F.);
#2980=ADVANCED_FACE('',(#2736),#2834,.T.);
#2981=ADVANCED_FACE('',(#2737),#326,.T.);
#2982=ADVANCED_FACE('',(#2738),#54,.T.);
#2983=ADVANCED_FACE('',(#2739),#74,.T.);
#2984=ADVANCED_FACE('',(#2740),#2835,.T.);
#2985=ADVANCED_FACE('',(#2741),#55,.T.);
#2986=ADVANCED_FACE('',(#2742),#2836,.T.);
#2987=ADVANCED_FACE('',(#2743),#327,.T.);
#2988=ADVANCED_FACE('',(#2744),#328,.T.);
#2989=ADVANCED_FACE('',(#2745),#75,.T.);
#2990=ADVANCED_FACE('',(#2746),#329,.T.);
#2991=ADVANCED_FACE('',(#2747),#330,.T.);
#2992=ADVANCED_FACE('',(#2748),#56,.T.);
#2993=ADVANCED_FACE('',(#2749),#331,.T.);
#2994=ADVANCED_FACE('',(#2750),#57,.T.);
#2995=ADVANCED_FACE('',(#2751),#332,.T.);
#2996=ADVANCED_FACE('',(#2752),#58,.T.);
#2997=ADVANCED_FACE('',(#2753),#333,.T.);
#2998=ADVANCED_FACE('',(#2754),#59,.T.);
#2999=ADVANCED_FACE('',(#2755),#334,.T.);
#3000=ADVANCED_FACE('',(#2756),#335,.T.);
#3001=ADVANCED_FACE('',(#2757),#60,.T.);
#3002=ADVANCED_FACE('',(#2758),#336,.T.);
#3003=ADVANCED_FACE('',(#2759),#61,.T.);
#3004=ADVANCED_FACE('',(#2760),#337,.T.);
#3005=ADVANCED_FACE('',(#2761),#338,.T.);
#3006=ADVANCED_FACE('',(#2762),#62,.T.);
#3007=ADVANCED_FACE('',(#2763),#339,.T.);
#3008=ADVANCED_FACE('',(#2764),#340,.T.);
#3009=ADVANCED_FACE('',(#2765),#63,.T.);
#3010=ADVANCED_FACE('',(#2766),#341,.T.);
#3011=ADVANCED_FACE('',(#2767),#342,.T.);
#3012=ADVANCED_FACE('',(#2768),#64,.T.);
#3013=ADVANCED_FACE('',(#2769),#343,.T.);
#3014=ADVANCED_FACE('',(#2770),#344,.T.);
#3015=ADVANCED_FACE('',(#2771),#65,.T.);
#3016=ADVANCED_FACE('',(#2772),#345,.T.);
#3017=ADVANCED_FACE('',(#2773),#2837,.T.);
#3018=ADVANCED_FACE('',(#2774),#2838,.T.);
#3019=CLOSED_SHELL('',(#2839,#2840,#2841,#2842,#2843,#2844,#2845,#2846,
#2847,#2848,#2849,#2850,#2851,#2852,#2853,#2854,#2855,#2856,#2857,#2858,
#2859,#2860,#2861,#2862,#2863,#2864,#2865,#2866,#2867,#2868,#2869,#2870,
#2871,#2872,#2873,#2874,#2875,#2876,#2877,#2878,#2879,#2880,#2881,#2882,
#2883,#2884,#2885,#2886,#2887,#2888,#2889,#2890,#2891,#2892,#2893,#2894,
#2895,#2896,#2897,#2898,#2899,#2900,#2901,#2902,#2903,#2904,#2905,#2906,
#2907,#2908,#2909,#2910,#2911,#2912,#2913,#2914,#2915,#2916,#2917,#2918,
#2919,#2920,#2921,#2922,#2923,#2924,#2925,#2926,#2927,#2928,#2929,#2930,
#2931,#2932,#2933,#2934,#2935,#2936,#2937,#2938,#2939,#2940,#2941,#2942,
#2943,#2944,#2945,#2946,#2947,#2948,#2949,#2950,#2951,#2952,#2953,#2954,
#2955,#2956,#2957,#2958,#2959,#2960,#2961,#2962,#2963,#2964,#2965,#2966,
#2967,#2968,#2969,#2970,#2971,#2972,#2973,#2974,#2975,#2976,#2977,#2978,
#2979,#2980,#2981,#2982,#2983,#2984,#2985,#2986,#2987,#2988,#2989,#2990,
#2991,#2992,#2993,#2994,#2995,#2996,#2997,#2998,#2999,#3000,#3001,#3002,
#3003,#3004,#3005,#3006,#3007,#3008,#3009,#3010,#3011,#3012,#3013,#3014,
#3015,#3016,#3017,#3018));
#3020=STYLED_ITEM('',(#3021),#3028);
#3021=PRESENTATION_STYLE_ASSIGNMENT((#3022));
#3022=SURFACE_STYLE_USAGE(.BOTH.,#3023);
#3023=SURFACE_SIDE_STYLE('',(#3024));
#3024=SURFACE_STYLE_FILL_AREA(#3025);
#3025=FILL_AREA_STYLE('',(#3026));
#3026=FILL_AREA_STYLE_COLOUR('',#3027);
#3027=COLOUR_RGB('',0.506983280181885,0.531564235687256,0.550000011920929);
#3028=MANIFOLD_SOLID_BREP('',#3019);
#3029=SHAPE_DEFINITION_REPRESENTATION(#5944,#3030);
#3030=SHAPE_REPRESENTATION('x4_travel_case',(#3031),#5939);
#3031=AXIS2_PLACEMENT_3D('',#4218,#3354,#3355);
#3032=AXIS2_PLACEMENT_3D('',#4219,#3356,#3357);
#3033=AXIS2_PLACEMENT_3D('',#4223,#3359,#3360);
#3034=AXIS2_PLACEMENT_3D('',#4227,#3362,#3363);
#3035=AXIS2_PLACEMENT_3D('',#4232,#3366,#3367);
#3036=AXIS2_PLACEMENT_3D('',#4241,#3372,#3373);
#3037=AXIS2_PLACEMENT_3D('',#4250,#3378,#3379);
#3038=AXIS2_PLACEMENT_3D('',#4251,#3380,#3381);
#3039=AXIS2_PLACEMENT_3D('',#4256,#3383,#3384);
#3040=AXIS2_PLACEMENT_3D('',#4259,#3386,#3387);
#3041=AXIS2_PLACEMENT_3D('',#4260,#3388,#3389);
#3042=AXIS2_PLACEMENT_3D('',#4265,#3391,#3392);
#3043=AXIS2_PLACEMENT_3D('',#4268,#3394,#3395);
#3044=AXIS2_PLACEMENT_3D('',#4269,#3396,#3397);
#3045=AXIS2_PLACEMENT_3D('',#4271,#3398,#3399);
#3046=AXIS2_PLACEMENT_3D('',#4275,#3401,#3402);
#3047=AXIS2_PLACEMENT_3D('',#4277,#3403,#3404);
#3048=AXIS2_PLACEMENT_3D('',#4278,#3405,#3406);
#3049=AXIS2_PLACEMENT_3D('',#4279,#3407,#3408);
#3050=AXIS2_PLACEMENT_3D('',#4281,#3409,#3410);
#3051=AXIS2_PLACEMENT_3D('',#4283,#3411,#3412);
#3052=AXIS2_PLACEMENT_3D('',#4287,#3414,#3415);
#3053=AXIS2_PLACEMENT_3D('',#4288,#3416,#3417);
#3054=AXIS2_PLACEMENT_3D('',#4292,#3419,#3420);
#3055=AXIS2_PLACEMENT_3D('',#4296,#3422,#3423);
#3056=AXIS2_PLACEMENT_3D('',#4298,#3425,#3426);
#3057=AXIS2_PLACEMENT_3D('',#4302,#3428,#3429);
#3058=AXIS2_PLACEMENT_3D('',#4304,#3430,#3431);
#3059=AXIS2_PLACEMENT_3D('',#4308,#3433,#3434);
#3060=AXIS2_PLACEMENT_3D('',#4310,#3435,#3436);
#3061=AXIS2_PLACEMENT_3D('',#4314,#3438,#3439);
#3062=AXIS2_PLACEMENT_3D('',#4322,#3443,#3444);
#3063=AXIS2_PLACEMENT_3D('',#4340,#3446,#3447);
#3064=AXIS2_PLACEMENT_3D('',#4341,#3448,#3449);
#3065=AXIS2_PLACEMENT_3D('',#4350,#3454,#3455);
#3066=AXIS2_PLACEMENT_3D('',#4354,#3457,#3458);
#3067=AXIS2_PLACEMENT_3D('',#4358,#3460,#3461);
#3068=AXIS2_PLACEMENT_3D('',#4359,#3462,#3463);
#3069=AXIS2_PLACEMENT_3D('',#4416,#3468,#3469);
#3070=AXIS2_PLACEMENT_3D('',#4418,#3470,#3471);
#3071=AXIS2_PLACEMENT_3D('',#4422,#3473,#3474);
#3072=AXIS2_PLACEMENT_3D('',#4423,#3475,#3476);
#3073=AXIS2_PLACEMENT_3D('',#4427,#3479,#3480);
#3074=AXIS2_PLACEMENT_3D('',#4431,#3483,#3484);
#3075=AXIS2_PLACEMENT_3D('',#4440,#3489,#3490);
#3076=AXIS2_PLACEMENT_3D('',#4449,#3495,#3496);
#3077=AXIS2_PLACEMENT_3D('',#4453,#3498,#3499);
#3078=AXIS2_PLACEMENT_3D('',#4457,#3501,#3502);
#3079=AXIS2_PLACEMENT_3D('',#4458,#3503,#3504);
#3080=AXIS2_PLACEMENT_3D('',#4462,#3506,#3507);
#3081=AXIS2_PLACEMENT_3D('',#4463,#3508,#3509);
#3082=AXIS2_PLACEMENT_3D('',#4464,#3510,#3511);
#3083=AXIS2_PLACEMENT_3D('',#4465,#3512,#3513);
#3084=AXIS2_PLACEMENT_3D('',#4469,#3515,#3516);
#3085=AXIS2_PLACEMENT_3D('',#4470,#3517,#3518);
#3086=AXIS2_PLACEMENT_3D('',#4474,#3520,#3521);
#3087=AXIS2_PLACEMENT_3D('',#4478,#3523,#3524);
#3088=AXIS2_PLACEMENT_3D('',#4479,#3525,#3526);
#3089=AXIS2_PLACEMENT_3D('',#4480,#3527,#3528);
#3090=AXIS2_PLACEMENT_3D('',#4482,#3529,#3530);
#3091=AXIS2_PLACEMENT_3D('',#4489,#3534,#3535);
#3092=AXIS2_PLACEMENT_3D('',#4490,#3536,#3537);
#3093=AXIS2_PLACEMENT_3D('',#4493,#3538,#3539);
#3094=AXIS2_PLACEMENT_3D('',#4499,#3543,#3544);
#3095=AXIS2_PLACEMENT_3D('',#4503,#3546,#3547);
#3096=AXIS2_PLACEMENT_3D('',#4505,#3548,#3549);
#3097=AXIS2_PLACEMENT_3D('',#4521,#3552,#3553);
#3098=AXIS2_PLACEMENT_3D('',#4522,#3554,#3555);
#3099=AXIS2_PLACEMENT_3D('',#4523,#3556,#3557);
#3100=AXIS2_PLACEMENT_3D('',#4526,#3558,#3559);
#3101=AXIS2_PLACEMENT_3D('',#4534,#3564,#3565);
#3102=AXIS2_PLACEMENT_3D('',#4540,#3569,#3570);
#3103=AXIS2_PLACEMENT_3D('',#4544,#3572,#3573);
#3104=AXIS2_PLACEMENT_3D('',#4545,#3574,#3575);
#3105=AXIS2_PLACEMENT_3D('',#4546,#3576,#3577);
#3106=AXIS2_PLACEMENT_3D('',#4552,#3581,#3582);
#3107=AXIS2_PLACEMENT_3D('',#4556,#3584,#3585);
#3108=AXIS2_PLACEMENT_3D('',#4557,#3586,#3587);
#3109=AXIS2_PLACEMENT_3D('',#4558,#3588,#3589);
#3110=AXIS2_PLACEMENT_3D('',#4561,#3592,#3593);
#3111=AXIS2_PLACEMENT_3D('',#4562,#3594,#3595);
#3112=AXIS2_PLACEMENT_3D('',#4566,#3597,#3598);
#3113=AXIS2_PLACEMENT_3D('',#4567,#3599,#3600);
#3114=AXIS2_PLACEMENT_3D('',#4573,#3604,#3605);
#3115=AXIS2_PLACEMENT_3D('',#4574,#3606,#3607);
#3116=AXIS2_PLACEMENT_3D('',#4578,#3609,#3610);
#3117=AXIS2_PLACEMENT_3D('',#4579,#3611,#3612);
#3118=AXIS2_PLACEMENT_3D('',#4582,#3615,#3616);
#3119=AXIS2_PLACEMENT_3D('',#4588,#3620,#3621);
#3120=AXIS2_PLACEMENT_3D('',#4591,#3624,#3625);
#3121=AXIS2_PLACEMENT_3D('',#4599,#3629,#3630);
#3122=AXIS2_PLACEMENT_3D('',#4602,#3632,#3633);
#3123=AXIS2_PLACEMENT_3D('',#4604,#3634,#3635);
#3124=AXIS2_PLACEMENT_3D('',#4608,#3638,#3639);
#3125=AXIS2_PLACEMENT_3D('',#4611,#3641,#3642);
#3126=AXIS2_PLACEMENT_3D('',#4621,#3648,#3649);
#3127=AXIS2_PLACEMENT_3D('',#4622,#3650,#3651);
#3128=AXIS2_PLACEMENT_3D('',#4629,#3656,#3657);
#3129=AXIS2_PLACEMENT_3D('',#4632,#3659,#3660);
#3130=AXIS2_PLACEMENT_3D('',#4636,#3663,#3664);
#3131=AXIS2_PLACEMENT_3D('',#4639,#3667,#3668);
#3132=AXIS2_PLACEMENT_3D('',#4645,#3672,#3673);
#3133=AXIS2_PLACEMENT_3D('',#4648,#3676,#3677);
#3134=AXIS2_PLACEMENT_3D('',#4657,#3682,#3683);
#3135=AXIS2_PLACEMENT_3D('',#4666,#3688,#3689);
#3136=AXIS2_PLACEMENT_3D('',#4667,#3690,#3691);
#3137=AXIS2_PLACEMENT_3D('',#4671,#3693,#3694);
#3138=AXIS2_PLACEMENT_3D('',#4672,#3695,#3696);
#3139=AXIS2_PLACEMENT_3D('',#4678,#3700,#3701);
#3140=AXIS2_PLACEMENT_3D('',#4679,#3702,#3703);
#3141=AXIS2_PLACEMENT_3D('',#4683,#3705,#3706);
#3142=AXIS2_PLACEMENT_3D('',#4684,#3707,#3708);
#3143=AXIS2_PLACEMENT_3D('',#4690,#3712,#3713);
#3144=AXIS2_PLACEMENT_3D('',#4694,#3716,#3717);
#3145=AXIS2_PLACEMENT_3D('',#4697,#3719,#3720);
#3146=AXIS2_PLACEMENT_3D('',#4771,#3722,#3723);
#3147=AXIS2_PLACEMENT_3D('',#4774,#3725,#3726);
#3148=AXIS2_PLACEMENT_3D('',#4775,#3727,#3728);
#3149=AXIS2_PLACEMENT_3D('',#4849,#3730,#3731);
#3150=AXIS2_PLACEMENT_3D('',#4852,#3733,#3734);
#3151=AXIS2_PLACEMENT_3D('',#4854,#3736,#3737);
#3152=AXIS2_PLACEMENT_3D('',#4857,#3739,#3740);
#3153=AXIS2_PLACEMENT_3D('',#4861,#3742,#3743);
#3154=AXIS2_PLACEMENT_3D('',#4863,#3744,#3745);
#3155=AXIS2_PLACEMENT_3D('',#4867,#3747,#3748);
#3156=AXIS2_PLACEMENT_3D('',#4869,#3749,#3750);
#3157=AXIS2_PLACEMENT_3D('',#4873,#3752,#3753);
#3158=AXIS2_PLACEMENT_3D('',#4874,#3754,#3755);
#3159=AXIS2_PLACEMENT_3D('',#4878,#3757,#3758);
#3160=AXIS2_PLACEMENT_3D('',#4879,#3759,#3760);
#3161=AXIS2_PLACEMENT_3D('',#4882,#3763,#3764);
#3162=AXIS2_PLACEMENT_3D('',#4884,#3766,#3767);
#3163=AXIS2_PLACEMENT_3D('',#4886,#3769,#3770);
#3164=AXIS2_PLACEMENT_3D('',#4888,#3772,#3773);
#3165=AXIS2_PLACEMENT_3D('',#4890,#3775,#3776);
#3166=AXIS2_PLACEMENT_3D('',#4892,#3778,#3779);
#3167=AXIS2_PLACEMENT_3D('',#4894,#3781,#3782);
#3168=AXIS2_PLACEMENT_3D('',#4896,#3784,#3785);
#3169=AXIS2_PLACEMENT_3D('',#4897,#3786,#3787);
#3170=AXIS2_PLACEMENT_3D('',#4898,#3788,#3789);
#3171=AXIS2_PLACEMENT_3D('',#4901,#3791,#3792);
#3172=AXIS2_PLACEMENT_3D('',#4905,#3795,#3796);
#3173=AXIS2_PLACEMENT_3D('',#4906,#3797,#3798);
#3174=AXIS2_PLACEMENT_3D('',#4907,#3799,#3800);
#3175=AXIS2_PLACEMENT_3D('',#4908,#3801,#3802);
#3176=AXIS2_PLACEMENT_3D('',#4909,#3803,#3804);
#3177=AXIS2_PLACEMENT_3D('',#4914,#3806,#3807);
#3178=AXIS2_PLACEMENT_3D('',#4917,#3809,#3810);
#3179=AXIS2_PLACEMENT_3D('',#4918,#3811,#3812);
#3180=AXIS2_PLACEMENT_3D('',#4920,#3813,#3814);
#3181=AXIS2_PLACEMENT_3D('',#4922,#3815,#3816);
#3182=AXIS2_PLACEMENT_3D('',#4923,#3817,#3818);
#3183=AXIS2_PLACEMENT_3D('',#4926,#3820,#3821);
#3184=AXIS2_PLACEMENT_3D('',#4929,#3823,#3824);
#3185=AXIS2_PLACEMENT_3D('',#4930,#3825,#3826);
#3186=AXIS2_PLACEMENT_3D('',#4933,#3827,#3828);
#3187=AXIS2_PLACEMENT_3D('',#4935,#3829,#3830);
#3188=AXIS2_PLACEMENT_3D('',#4937,#3831,#3832);
#3189=AXIS2_PLACEMENT_3D('',#4938,#3833,#3834);
#3190=AXIS2_PLACEMENT_3D('',#4939,#3835,#3836);
#3191=AXIS2_PLACEMENT_3D('',#4944,#3839,#3840);
#3192=AXIS2_PLACEMENT_3D('',#4945,#3841,#3842);
#3193=AXIS2_PLACEMENT_3D('',#4950,#3845,#3846);
#3194=AXIS2_PLACEMENT_3D('',#4951,#3847,#3848);
#3195=AXIS2_PLACEMENT_3D('',#4952,#3849,#3850);
#3196=AXIS2_PLACEMENT_3D('',#4953,#3851,#3852);
#3197=AXIS2_PLACEMENT_3D('',#4954,#3853,#3854);
#3198=AXIS2_PLACEMENT_3D('',#4959,#3856,#3857);
#3199=AXIS2_PLACEMENT_3D('',#4962,#3859,#3860);
#3200=AXIS2_PLACEMENT_3D('',#4963,#3861,#3862);
#3201=AXIS2_PLACEMENT_3D('',#4965,#3863,#3864);
#3202=AXIS2_PLACEMENT_3D('',#4967,#3865,#3866);
#3203=AXIS2_PLACEMENT_3D('',#4968,#3867,#3868);
#3204=AXIS2_PLACEMENT_3D('',#4969,#3869,#3870);
#3205=AXIS2_PLACEMENT_3D('',#4971,#3871,#3872);
#3206=AXIS2_PLACEMENT_3D('',#4973,#3873,#3874);
#3207=AXIS2_PLACEMENT_3D('',#4974,#3875,#3876);
#3208=AXIS2_PLACEMENT_3D('',#4977,#3879,#3880);
#3209=AXIS2_PLACEMENT_3D('',#4978,#3881,#3882);
#3210=AXIS2_PLACEMENT_3D('',#4979,#3883,#3884);
#3211=AXIS2_PLACEMENT_3D('',#4985,#3888,#3889);
#3212=AXIS2_PLACEMENT_3D('',#4991,#3893,#3894);
#3213=AXIS2_PLACEMENT_3D('',#5003,#3895,#3896);
#3214=AXIS2_PLACEMENT_3D('',#5015,#3897,#3898);
#3215=AXIS2_PLACEMENT_3D('',#5021,#3902,#3903);
#3216=AXIS2_PLACEMENT_3D('',#5027,#3907,#3908);
#3217=AXIS2_PLACEMENT_3D('',#5039,#3909,#3910);
#3218=AXIS2_PLACEMENT_3D('',#5078,#3911,#3912);
#3219=AXIS2_PLACEMENT_3D('',#5079,#3913,#3914);
#3220=AXIS2_PLACEMENT_3D('',#5092,#3916,#3917);
#3221=AXIS2_PLACEMENT_3D('',#5136,#3919,#3920);
#3222=AXIS2_PLACEMENT_3D('',#5150,#3921,#3922);
#3223=AXIS2_PLACEMENT_3D('',#5151,#3923,#3924);
#3224=AXIS2_PLACEMENT_3D('',#5191,#3927,#3928);
#3225=AXIS2_PLACEMENT_3D('',#5194,#3930,#3931);
#3226=AXIS2_PLACEMENT_3D('',#5195,#3932,#3933);
#3227=AXIS2_PLACEMENT_3D('',#5201,#3934,#3935);
#3228=AXIS2_PLACEMENT_3D('',#5202,#3936,#3937);
#3229=AXIS2_PLACEMENT_3D('',#5209,#3938,#3939);
#3230=AXIS2_PLACEMENT_3D('',#5210,#3940,#3941);
#3231=AXIS2_PLACEMENT_3D('',#5229,#3942,#3943);
#3232=AXIS2_PLACEMENT_3D('',#5255,#3944,#3945);
#3233=AXIS2_PLACEMENT_3D('',#5269,#3946,#3947);
#3234=AXIS2_PLACEMENT_3D('',#5270,#3948,#3949);
#3235=AXIS2_PLACEMENT_3D('',#5273,#3951,#3952);
#3236=AXIS2_PLACEMENT_3D('',#5274,#3953,#3954);
#3237=AXIS2_PLACEMENT_3D('',#5344,#3957,#3958);
#3238=AXIS2_PLACEMENT_3D('',#5345,#3959,#3960);
#3239=AXIS2_PLACEMENT_3D('',#5346,#3961,#3962);
#3240=AXIS2_PLACEMENT_3D('',#5347,#3963,#3964);
#3241=AXIS2_PLACEMENT_3D('',#5348,#3965,#3966);
#3242=AXIS2_PLACEMENT_3D('',#5349,#3967,#3968);
#3243=AXIS2_PLACEMENT_3D('',#5361,#3969,#3970);
#3244=AXIS2_PLACEMENT_3D('',#5366,#3971,#3972);
#3245=AXIS2_PLACEMENT_3D('',#5367,#3973,#3974);
#3246=AXIS2_PLACEMENT_3D('',#5369,#3975,#3976);
#3247=AXIS2_PLACEMENT_3D('',#5440,#3977,#3978);
#3248=AXIS2_PLACEMENT_3D('',#5441,#3979,#3980);
#3249=AXIS2_PLACEMENT_3D('',#5442,#3981,#3982);
#3250=AXIS2_PLACEMENT_3D('',#5443,#3983,#3984);
#3251=AXIS2_PLACEMENT_3D('',#5459,#3985,#3986);
#3252=AXIS2_PLACEMENT_3D('',#5460,#3987,#3988);
#3253=AXIS2_PLACEMENT_3D('',#5466,#3989,#3990);
#3254=AXIS2_PLACEMENT_3D('',#5556,#3991,#3992);
#3255=AXIS2_PLACEMENT_3D('',#5557,#3993,#3994);
#3256=AXIS2_PLACEMENT_3D('',#5558,#3995,#3996);
#3257=AXIS2_PLACEMENT_3D('',#5604,#3997,#3998);
#3258=AXIS2_PLACEMENT_3D('',#5606,#4000,#4001);
#3259=AXIS2_PLACEMENT_3D('',#5607,#4002,#4003);
#3260=AXIS2_PLACEMENT_3D('',#5608,#4004,#4005);
#3261=AXIS2_PLACEMENT_3D('',#5609,#4006,#4007);
#3262=AXIS2_PLACEMENT_3D('',#5610,#4008,#4009);
#3263=AXIS2_PLACEMENT_3D('',#5631,#4012,#4013);
#3264=AXIS2_PLACEMENT_3D('',#5652,#4016,#4017);
#3265=AXIS2_PLACEMENT_3D('',#5653,#4018,#4019);
#3266=AXIS2_PLACEMENT_3D('',#5655,#4021,#4022);
#3267=AXIS2_PLACEMENT_3D('',#5676,#4025,#4026);
#3268=AXIS2_PLACEMENT_3D('',#5697,#4029,#4030);
#3269=AXIS2_PLACEMENT_3D('',#5698,#4031,#4032);
#3270=AXIS2_PLACEMENT_3D('',#5700,#4034,#4035);
#3271=AXIS2_PLACEMENT_3D('',#5701,#4036,#4037);
#3272=AXIS2_PLACEMENT_3D('',#5704,#4040,#4041);
#3273=AXIS2_PLACEMENT_3D('',#5706,#4043,#4044);
#3274=AXIS2_PLACEMENT_3D('',#5708,#4046,#4047);
#3275=AXIS2_PLACEMENT_3D('',#5737,#4048,#4049);
#3276=AXIS2_PLACEMENT_3D('',#5742,#4050,#4051);
#3277=AXIS2_PLACEMENT_3D('',#5767,#4052,#4053);
#3278=AXIS2_PLACEMENT_3D('',#5824,#4054,#4055);
#3279=AXIS2_PLACEMENT_3D('',#5825,#4056,#4057);
#3280=AXIS2_PLACEMENT_3D('',#5829,#4059,#4060);
#3281=AXIS2_PLACEMENT_3D('',#5830,#4061,#4062);
#3282=AXIS2_PLACEMENT_3D('',#5832,#4064,#4065);
#3283=AXIS2_PLACEMENT_3D('',#5836,#4067,#4068);
#3284=AXIS2_PLACEMENT_3D('',#5840,#4070,#4071);
#3285=AXIS2_PLACEMENT_3D('',#5841,#4072,#4073);
#3286=AXIS2_PLACEMENT_3D('',#5842,#4074,#4075);
#3287=AXIS2_PLACEMENT_3D('',#5843,#4076,#4077);
#3288=AXIS2_PLACEMENT_3D('',#5844,#4078,#4079);
#3289=AXIS2_PLACEMENT_3D('',#5845,#4080,#4081);
#3290=AXIS2_PLACEMENT_3D('',#5846,#4082,#4083);
#3291=AXIS2_PLACEMENT_3D('',#5848,#4084,#4085);
#3292=AXIS2_PLACEMENT_3D('',#5849,#4086,#4087);
#3293=AXIS2_PLACEMENT_3D('',#5852,#4089,#4090);
#3294=AXIS2_PLACEMENT_3D('',#5855,#4092,#4093);
#3295=AXIS2_PLACEMENT_3D('',#5858,#4096,#4097);
#3296=AXIS2_PLACEMENT_3D('',#5859,#4098,#4099);
#3297=AXIS2_PLACEMENT_3D('',#5860,#4100,#4101);
#3298=AXIS2_PLACEMENT_3D('',#5861,#4102,#4103);
#3299=AXIS2_PLACEMENT_3D('',#5865,#4106,#4107);
#3300=AXIS2_PLACEMENT_3D('',#5866,#4108,#4109);
#3301=AXIS2_PLACEMENT_3D('',#5867,#4110,#4111);
#3302=AXIS2_PLACEMENT_3D('',#5868,#4112,#4113);
#3303=AXIS2_PLACEMENT_3D('',#5869,#4114,#4115);
#3304=AXIS2_PLACEMENT_3D('',#5870,#4116,#4117);
#3305=AXIS2_PLACEMENT_3D('',#5871,#4118,#4119);
#3306=AXIS2_PLACEMENT_3D('',#5872,#4120,#4121);
#3307=AXIS2_PLACEMENT_3D('',#5873,#4122,#4123);
#3308=AXIS2_PLACEMENT_3D('',#5874,#4124,#4125);
#3309=AXIS2_PLACEMENT_3D('',#5875,#4126,#4127);
#3310=AXIS2_PLACEMENT_3D('',#5876,#4128,#4129);
#3311=AXIS2_PLACEMENT_3D('',#5877,#4130,#4131);
#3312=AXIS2_PLACEMENT_3D('',#5878,#4132,#4133);
#3313=AXIS2_PLACEMENT_3D('',#5879,#4134,#4135);
#3314=AXIS2_PLACEMENT_3D('',#5880,#4136,#4137);
#3315=AXIS2_PLACEMENT_3D('',#5885,#4138,#4139);
#3316=AXIS2_PLACEMENT_3D('',#5886,#4140,#4141);
#3317=AXIS2_PLACEMENT_3D('',#5887,#4142,#4143);
#3318=AXIS2_PLACEMENT_3D('',#5888,#4144,#4145);
#3319=AXIS2_PLACEMENT_3D('',#5889,#4146,#4147);
#3320=AXIS2_PLACEMENT_3D('',#5890,#4148,#4149);
#3321=AXIS2_PLACEMENT_3D('',#5891,#4150,#4151);
#3322=AXIS2_PLACEMENT_3D('',#5892,#4152,#4153);
#3323=AXIS2_PLACEMENT_3D('',#5897,#4154,#4155);
#3324=AXIS2_PLACEMENT_3D('',#5902,#4156,#4157);
#3325=AXIS2_PLACEMENT_3D('',#5903,#4158,#4159);
#3326=AXIS2_PLACEMENT_3D('',#5904,#4160,#4161);
#3327=AXIS2_PLACEMENT_3D('',#5905,#4162,#4163);
#3328=AXIS2_PLACEMENT_3D('',#5906,#4164,#4165);
#3329=AXIS2_PLACEMENT_3D('',#5907,#4166,#4167);
#3330=AXIS2_PLACEMENT_3D('',#5908,#4168,#4169);
#3331=AXIS2_PLACEMENT_3D('',#5909,#4170,#4171);
#3332=AXIS2_PLACEMENT_3D('',#5914,#4172,#4173);
#3333=AXIS2_PLACEMENT_3D('',#5915,#4174,#4175);
#3334=AXIS2_PLACEMENT_3D('',#5916,#4176,#4177);
#3335=AXIS2_PLACEMENT_3D('',#5917,#4178,#4179);
#3336=AXIS2_PLACEMENT_3D('',#5918,#4180,#4181);
#3337=AXIS2_PLACEMENT_3D('',#5919,#4182,#4183);
#3338=AXIS2_PLACEMENT_3D('',#5920,#4184,#4185);
#3339=AXIS2_PLACEMENT_3D('',#5922,#4187,#4188);
#3340=AXIS2_PLACEMENT_3D('',#5923,#4189,#4190);
#3341=AXIS2_PLACEMENT_3D('',#5924,#4191,#4192);
#3342=AXIS2_PLACEMENT_3D('',#5925,#4193,#4194);
#3343=AXIS2_PLACEMENT_3D('',#5926,#4195,#4196);
#3344=AXIS2_PLACEMENT_3D('',#5928,#4198,#4199);
#3345=AXIS2_PLACEMENT_3D('',#5929,#4200,#4201);
#3346=AXIS2_PLACEMENT_3D('',#5930,#4202,#4203);
#3347=AXIS2_PLACEMENT_3D('',#5931,#4204,#4205);
#3348=AXIS2_PLACEMENT_3D('',#5932,#4206,#4207);
#3349=AXIS2_PLACEMENT_3D('',#5933,#4208,#4209);
#3350=AXIS2_PLACEMENT_3D('',#5934,#4210,#4211);
#3351=AXIS2_PLACEMENT_3D('',#5935,#4212,#4213);
#3352=AXIS2_PLACEMENT_3D('',#5936,#4214,#4215);
#3353=AXIS2_PLACEMENT_3D('',#5937,#4216,#4217);
#3354=DIRECTION('',(0.,0.,1.));
#3355=DIRECTION('',(1.,0.,0.));
#3356=DIRECTION('',(1.,1.40275458877117E-15,0.));
#3357=DIRECTION('',(-1.40275458877117E-15,1.,0.));
#3358=DIRECTION('',(0.,0.,-1.));
#3359=DIRECTION('',(1.,1.40275458877117E-15,0.));
#3360=DIRECTION('',(1.96772043631857E-30,-1.40275458877117E-15,1.));
#3361=DIRECTION('',(-1.40275458877117E-15,1.,0.));
#3362=DIRECTION('',(1.,1.40275458877117E-15,0.));
#3363=DIRECTION('',(4.52132307348329E-30,-3.22317468050062E-15,-1.));
#3364=DIRECTION('',(0.,0.,1.));
#3365=DIRECTION('',(1.40275458877117E-15,-1.,1.22467051011858E-16));
#3366=DIRECTION('',(1.,0.,0.));
#3367=DIRECTION('',(0.,0.,-1.));
#3368=DIRECTION('',(0.,1.,0.));
#3369=DIRECTION('',(0.,0.,1.));
#3370=DIRECTION('',(0.,1.,0.));
#3371=DIRECTION('',(0.,0.,1.));
#3372=DIRECTION('',(1.,0.,0.));
#3373=DIRECTION('',(0.,0.,-1.));
#3374=DIRECTION('',(0.,1.,0.));
#3375=DIRECTION('',(0.,0.,-1.));
#3376=DIRECTION('',(0.,1.,0.));
#3377=DIRECTION('',(0.,0.,1.));
#3378=DIRECTION('',(0.,1.,0.));
#3379=DIRECTION('',(0.,0.,1.));
#3380=DIRECTION('',(-1.40275458877117E-15,1.,0.));
#3381=DIRECTION('',(-1.,-1.40275458877117E-15,0.));
#3382=DIRECTION('',(0.,-1.,0.));
#3383=DIRECTION('',(0.,-1.,0.));
#3384=DIRECTION('',(0.,0.,-1.));
#3385=DIRECTION('',(0.,1.,0.));
#3386=DIRECTION('',(0.,1.,0.));
#3387=DIRECTION('',(0.,0.,1.));
#3388=DIRECTION('',(1.40275458877117E-15,-1.,0.));
#3389=DIRECTION('',(1.,1.40275458877117E-15,0.));
#3390=DIRECTION('',(0.,1.,0.));
#3391=DIRECTION('',(0.,1.,0.));
#3392=DIRECTION('',(0.,0.,1.));
#3393=DIRECTION('',(0.,-1.,0.));
#3394=DIRECTION('',(0.,1.,0.));
#3395=DIRECTION('',(0.,0.,1.));
#3396=DIRECTION('',(0.,-1.,0.));
#3397=DIRECTION('',(0.,0.,-1.));
#3398=DIRECTION('',(0.,1.,0.));
#3399=DIRECTION('',(1.,0.,0.));
#3400=DIRECTION('',(0.,1.,0.));
#3401=DIRECTION('',(-8.47238116034147E-17,-0.707106781186546,0.707106781186549));
#3402=DIRECTION('',(-8.47238116034144E-17,0.707106781186549,0.707106781186546));
#3403=DIRECTION('',(0.,-1.,0.));
#3404=DIRECTION('',(0.,0.,-1.));
#3405=DIRECTION('',(0.,1.,0.));
#3406=DIRECTION('',(0.,0.,1.));
#3407=DIRECTION('',(-4.62592926927178E-15,1.,0.));
#3408=DIRECTION('',(-1.,-4.62592926927178E-15,0.));
#3409=DIRECTION('',(-4.62592926927178E-15,1.,0.));
#3410=DIRECTION('',(-1.,-4.62592926927178E-15,0.));
#3411=DIRECTION('',(-3.35574976719482E-15,0.707106781186548,0.707106781186548));
#3412=DIRECTION('',(3.35574976719482E-15,0.707106781186548,-0.707106781186548));
#3413=DIRECTION('',(0.,1.,0.));
#3414=DIRECTION('',(0.,1.,0.));
#3415=DIRECTION('',(1.,0.,0.));
#3416=DIRECTION('',(0.,0.,1.));
#3417=DIRECTION('',(1.,0.,0.));
#3418=DIRECTION('',(1.,0.,0.));
#3419=DIRECTION('',(0.,0.,1.));
#3420=DIRECTION('',(1.,0.,0.));
#3421=DIRECTION('',(-1.,-7.09498354182744E-16,0.));
#3422=DIRECTION('',(0.,0.,1.));
#3423=DIRECTION('',(1.,0.,0.));
#3424=DIRECTION('',(-1.,-1.40275458877117E-15,0.));
#3425=DIRECTION('',(0.,0.,-1.));
#3426=DIRECTION('',(1.,0.,0.));
#3427=DIRECTION('',(-1.,-1.05738737804888E-8,0.));
#3428=DIRECTION('',(0.,0.,-1.));
#3429=DIRECTION('',(1.,0.,0.));
#3430=DIRECTION('',(0.,0.,1.));
#3431=DIRECTION('',(1.,0.,0.));
#3432=DIRECTION('',(-1.,0.,0.));
#3433=DIRECTION('',(0.,0.,1.));
#3434=DIRECTION('',(1.,0.,0.));
#3435=DIRECTION('',(0.,0.,-1.));
#3436=DIRECTION('',(1.,0.,0.));
#3437=DIRECTION('',(-1.,1.05738737804888E-8,0.));
#3438=DIRECTION('',(0.,0.,-1.));
#3439=DIRECTION('',(1.,0.,0.));
#3440=DIRECTION('',(0.,-1.,0.));
#3441=DIRECTION('',(1.,0.,0.));
#3442=DIRECTION('',(0.,-1.,0.));
#3443=DIRECTION('',(0.,0.,1.));
#3444=DIRECTION('',(1.,0.,0.));
#3445=DIRECTION('',(1.,1.15225737361462E-16,0.));
#3446=DIRECTION('',(0.,0.,1.));
#3447=DIRECTION('',(1.,0.,0.));
#3448=DIRECTION('',(-1.,-6.47937964549125E-17,0.));
#3449=DIRECTION('',(6.47937964549125E-17,-1.,0.));
#3450=DIRECTION('',(0.,-1.,0.));
#3451=DIRECTION('',(0.,0.,-1.));
#3452=DIRECTION('',(6.47937964549125E-17,-1.,0.));
#3453=DIRECTION('',(0.,0.,1.));
#3454=DIRECTION('',(0.,-1.,0.));
#3455=DIRECTION('',(0.,0.,-1.));
#3456=DIRECTION('',(0.,-1.,0.));
#3457=DIRECTION('',(0.,1.,0.));
#3458=DIRECTION('',(0.,0.,1.));
#3459=DIRECTION('',(0.,-1.,0.));
#3460=DIRECTION('',(0.,-1.,0.));
#3461=DIRECTION('',(0.,0.,-1.));
#3462=DIRECTION('',(0.,-1.,0.));
#3463=DIRECTION('',(0.,0.,-1.));
#3464=DIRECTION('',(0.,-1.,0.));
#3465=DIRECTION('',(0.,-1.,0.));
#3466=DIRECTION('',(0.,-1.,0.));
#3467=DIRECTION('',(0.,-1.,0.));
#3468=DIRECTION('',(0.,1.,0.));
#3469=DIRECTION('',(0.,0.,1.));
#3470=DIRECTION('',(0.,1.,0.));
#3471=DIRECTION('',(-1.,0.,0.));
#3472=DIRECTION('',(0.,-1.,0.));
#3473=DIRECTION('',(-8.47238116034146E-17,0.707106781186547,0.707106781186548));
#3474=DIRECTION('',(-8.47238116034145E-17,-0.707106781186548,0.707106781186547));
#3475=DIRECTION('',(0.,-1.,0.));
#3476=DIRECTION('',(0.,0.,-1.));
#3477=DIRECTION('',(-1.,0.,-1.19817563425492E-16));
#3478=DIRECTION('',(0.,0.,-1.));
#3479=DIRECTION('',(-4.62592926927178E-15,1.,0.));
#3480=DIRECTION('',(-1.,-4.62592926927178E-15,0.));
#3481=DIRECTION('',(0.,0.,-1.));
#3482=DIRECTION('',(1.,4.62592926927178E-15,1.19817563425492E-16));
#3483=DIRECTION('',(-1.,0.,0.));
#3484=DIRECTION('',(0.,0.,1.));
#3485=DIRECTION('',(0.,1.,0.));
#3486=DIRECTION('',(0.,0.,-1.));
#3487=DIRECTION('',(0.,1.,0.));
#3488=DIRECTION('',(0.,0.,1.));
#3489=DIRECTION('',(-1.,0.,0.));
#3490=DIRECTION('',(0.,0.,1.));
#3491=DIRECTION('',(0.,1.,0.));
#3492=DIRECTION('',(0.,0.,-1.));
#3493=DIRECTION('',(0.,1.,0.));
#3494=DIRECTION('',(0.,0.,1.));
#3495=DIRECTION('',(0.,0.,1.));
#3496=DIRECTION('',(1.,0.,0.));
#3497=DIRECTION('',(0.,0.,1.));
#3498=DIRECTION('',(0.,0.,-1.));
#3499=DIRECTION('',(0.,1.,-7.2280144832367E-17));
#3500=DIRECTION('',(0.,0.,1.));
#3501=DIRECTION('',(0.,0.,-1.));
#3502=DIRECTION('',(0.,1.,0.));
#3503=DIRECTION('',(0.,0.,1.));
#3504=DIRECTION('',(1.,0.,0.));
#3505=DIRECTION('',(0.,0.,1.));
#3506=DIRECTION('',(0.,0.,-1.));
#3507=DIRECTION('',(-1.,0.,-7.2280144832367E-17));
#3508=DIRECTION('',(0.,0.,-1.));
#3509=DIRECTION('',(-1.,0.,0.));
#3510=DIRECTION('',(0.,0.,1.));
#3511=DIRECTION('',(1.,0.,0.));
#3512=DIRECTION('',(0.,0.,-1.));
#3513=DIRECTION('',(0.,-1.,-7.2280144832367E-17));
#3514=DIRECTION('',(0.,0.,1.));
#3515=DIRECTION('',(0.,0.,-1.));
#3516=DIRECTION('',(0.,-1.,0.));
#3517=DIRECTION('',(0.,0.,1.));
#3518=DIRECTION('',(1.,0.,0.));
#3519=DIRECTION('',(0.,0.,1.));
#3520=DIRECTION('',(0.,0.,-1.));
#3521=DIRECTION('',(1.,1.15648231731787E-15,-7.2280144832367E-17));
#3522=DIRECTION('',(0.,0.,1.));
#3523=DIRECTION('',(0.,0.,-1.));
#3524=DIRECTION('',(1.,1.15648231731787E-15,0.));
#3525=DIRECTION('',(-3.35574976719482E-15,0.707106781186548,0.707106781186548));
#3526=DIRECTION('',(1.,4.62592926927178E-15,1.19817563425492E-16));
#3527=DIRECTION('',(-3.35574976719482E-15,0.707106781186548,0.707106781186548));
#3528=DIRECTION('',(3.35574976719482E-15,-0.707106781186548,0.707106781186548));
#3529=DIRECTION('',(-3.35574976719482E-15,0.707106781186548,0.707106781186548));
#3530=DIRECTION('',(3.35574976719482E-15,0.707106781186548,-0.707106781186548));
#3531=DIRECTION('',(-0.577350269189625,-0.577350269189627,0.577350269189625));
#3532=DIRECTION('',(-1.,-4.62592926927178E-15,-1.19817563425492E-16));
#3533=DIRECTION('',(7.41120044315319E-16,-0.707106781186548,0.707106781186548));
#3534=DIRECTION('',(-8.47238116034147E-17,-0.707106781186546,0.707106781186549));
#3535=DIRECTION('',(-1.,0.,-1.19817563425492E-16));
#3536=DIRECTION('',(-8.47238116034147E-17,-0.707106781186546,0.707106781186549));
#3537=DIRECTION('',(-8.47238116034144E-17,0.707106781186549,0.707106781186546));
#3538=DIRECTION('',(-8.47238116034147E-17,-0.707106781186546,0.707106781186549));
#3539=DIRECTION('',(8.4723811603415E-17,0.707106781186549,0.707106781186546));
#3540=DIRECTION('',(7.4112004431532E-16,-0.707106781186549,-0.707106781186546));
#3541=DIRECTION('',(1.,0.,1.19817563425492E-16));
#3542=DIRECTION('',(0.577350269189625,-0.577350269189627,-0.577350269189625));
#3543=DIRECTION('',(-8.47238116034143E-17,-0.70710678118655,0.707106781186545));
#3544=DIRECTION('',(-1.,0.,-1.19817563425492E-16));
#3545=DIRECTION('',(-1.,0.,-1.19817563425492E-16));
#3546=DIRECTION('',(-8.47238116034143E-17,-0.70710678118655,0.707106781186545));
#3547=DIRECTION('',(8.47238116034138E-17,0.707106781186545,0.70710678118655));
#3548=DIRECTION('',(-8.47238116034143E-17,-0.70710678118655,0.707106781186545));
#3549=DIRECTION('',(8.47238116034148E-17,-0.707106781186545,-0.70710678118655));
#3550=DIRECTION('',(1.,0.,1.19817563425492E-16));
#3551=DIRECTION('',(-6.29488837640325E-14,0.707106781186545,0.70710678118655));
#3552=DIRECTION('',(-8.47238116034143E-17,-0.70710678118655,0.707106781186545));
#3553=DIRECTION('',(8.47238116034148E-17,-0.707106781186545,-0.70710678118655));
#3554=DIRECTION('',(-8.47238116034146E-17,0.707106781186547,0.707106781186548));
#3555=DIRECTION('',(1.,0.,1.19817563425492E-16));
#3556=DIRECTION('',(-8.47238116034146E-17,0.707106781186547,0.707106781186548));
#3557=DIRECTION('',(-8.47238116034145E-17,-0.707106781186548,0.707106781186547));
#3558=DIRECTION('',(-8.47238116034146E-17,0.707106781186547,0.707106781186548));
#3559=DIRECTION('',(8.47238116034146E-17,-0.707106781186548,0.707106781186547));
#3560=DIRECTION('',(1.,0.,1.19817563425492E-16));
#3561=DIRECTION('',(-6.29488837640327E-14,0.707106781186548,-0.707106781186547));
#3562=DIRECTION('',(-1.,0.,-1.19817563425492E-16));
#3563=DIRECTION('',(-0.577350269189626,0.577350269189626,-0.577350269189626));
#3564=DIRECTION('',(0.707106781186547,0.,-0.707106781186548));
#3565=DIRECTION('',(0.,1.,0.));
#3566=DIRECTION('',(-0.707106781186548,0.,-0.707106781186547));
#3567=DIRECTION('',(0.,-1.,0.));
#3568=DIRECTION('',(0.,-1.,0.));
#3569=DIRECTION('',(0.,0.,1.));
#3570=DIRECTION('',(1.,0.,0.));
#3571=DIRECTION('',(0.,-0.707106781186548,-0.707106781186547));
#3572=DIRECTION('',(0.,0.,-1.));
#3573=DIRECTION('',(0.,1.,-4.00502181894092E-17));
#3574=DIRECTION('',(-1.19817563425492E-16,0.,1.));
#3575=DIRECTION('',(1.,0.,1.19817563425492E-16));
#3576=DIRECTION('',(8.47238116034146E-17,0.707106781186547,-0.707106781186548));
#3577=DIRECTION('',(-1.,0.,-1.19817563425492E-16));
#3578=DIRECTION('',(0.,-0.707106781186548,-0.707106781186547));
#3579=DIRECTION('',(1.,0.,0.));
#3580=DIRECTION('',(1.,0.,1.19817563425492E-16));
#3581=DIRECTION('',(0.,0.,1.));
#3582=DIRECTION('',(1.,0.,0.));
#3583=DIRECTION('',(0.707106781186548,0.,-0.707106781186547));
#3584=DIRECTION('',(0.,0.,-1.));
#3585=DIRECTION('',(-1.,0.,-4.00502181894092E-17));
#3586=DIRECTION('',(-1.19817563425492E-16,0.,1.));
#3587=DIRECTION('',(1.,0.,1.19817563425492E-16));
#3588=DIRECTION('',(-0.707106781186547,0.,-0.707106781186548));
#3589=DIRECTION('',(0.,1.,0.));
#3590=DIRECTION('',(0.,1.,0.));
#3591=DIRECTION('',(0.,1.,0.));
#3592=DIRECTION('',(0.,0.,1.));
#3593=DIRECTION('',(1.,0.,0.));
#3594=DIRECTION('',(0.,0.,-1.));
#3595=DIRECTION('',(1.,1.28160698206109E-15,-4.00502181894092E-17));
#3596=DIRECTION('',(0.,-0.707106781186548,0.707106781186547));
#3597=DIRECTION('',(-1.19817563425492E-16,0.,1.));
#3598=DIRECTION('',(1.,0.,1.19817563425492E-16));
#3599=DIRECTION('',(8.47238116034146E-17,-0.707106781186547,-0.707106781186548));
#3600=DIRECTION('',(1.,0.,1.19817563425492E-16));
#3601=DIRECTION('',(-1.,0.,0.));
#3602=DIRECTION('',(0.,-0.707106781186548,0.707106781186547));
#3603=DIRECTION('',(-1.,0.,-1.19817563425492E-16));
#3604=DIRECTION('',(0.,0.,1.));
#3605=DIRECTION('',(1.,0.,0.));
#3606=DIRECTION('',(0.,0.,-1.));
#3607=DIRECTION('',(0.,-1.,-4.00502181894092E-17));
#3608=DIRECTION('',(-0.707106781186548,0.,0.707106781186547));
#3609=DIRECTION('',(-1.19817563425492E-16,0.,1.));
#3610=DIRECTION('',(1.,0.,1.19817563425492E-16));
#3611=DIRECTION('',(-0.707106781186547,0.,-0.707106781186548));
#3612=DIRECTION('',(0.,1.,0.));
#3613=DIRECTION('',(0.,1.,0.));
#3614=DIRECTION('',(0.,1.,0.));
#3615=DIRECTION('',(1.,0.,0.));
#3616=DIRECTION('',(0.,0.,-1.));
#3617=DIRECTION('',(0.,-1.,0.));
#3618=DIRECTION('',(0.,0.,-1.));
#3619=DIRECTION('',(0.,-1.,0.));
#3620=DIRECTION('',(0.,1.,0.));
#3621=DIRECTION('',(0.,0.,1.));
#3622=DIRECTION('',(1.,0.,0.));
#3623=DIRECTION('',(1.,0.,0.));
#3624=DIRECTION('',(0.,-1.,0.));
#3625=DIRECTION('',(0.,0.,-1.));
#3626=DIRECTION('',(0.,0.,-1.));
#3627=DIRECTION('',(-0.707106781186548,0.,0.707106781186548));
#3628=DIRECTION('',(-0.707106781186548,0.,0.707106781186547));
#3629=DIRECTION('',(0.,-1.,0.));
#3630=DIRECTION('',(0.,0.,-1.));
#3631=DIRECTION('',(0.,0.,-1.));
#3632=DIRECTION('',(0.,-1.,0.));
#3633=DIRECTION('',(0.,0.,-1.));
#3634=DIRECTION('',(0.,-1.,0.));
#3635=DIRECTION('',(0.,0.,-1.));
#3636=DIRECTION('',(0.,0.,1.));
#3637=DIRECTION('',(1.,0.,0.));
#3638=DIRECTION('',(0.,1.,0.));
#3639=DIRECTION('',(0.,0.,1.));
#3640=DIRECTION('',(0.,0.,-1.));
#3641=DIRECTION('',(0.,1.,0.));
#3642=DIRECTION('',(0.,0.,1.));
#3643=DIRECTION('',(0.707106781186547,0.,-0.707106781186548));
#3644=DIRECTION('',(0.707106781186548,0.,-0.707106781186548));
#3645=DIRECTION('',(0.,0.,-1.));
#3646=DIRECTION('',(1.,0.,0.));
#3647=DIRECTION('',(-1.,0.,0.));
#3648=DIRECTION('',(-4.62592926927178E-15,1.,0.));
#3649=DIRECTION('',(-1.,-4.62592926927178E-15,0.));
#3650=DIRECTION('',(-4.62592926927178E-15,1.,0.));
#3651=DIRECTION('',(-1.,-4.62592926927178E-15,0.));
#3652=DIRECTION('',(0.,0.,-1.));
#3653=DIRECTION('',(1.,1.40275458877117E-15,0.));
#3654=DIRECTION('',(-1.,-1.40275458877117E-15,0.));
#3655=DIRECTION('',(0.707106781186548,3.27102595559141E-15,0.707106781186547));
#3656=DIRECTION('',(0.,-1.,0.));
#3657=DIRECTION('',(0.,0.,-1.));
#3658=DIRECTION('',(0.,0.,-1.));
#3659=DIRECTION('',(0.,-1.,0.));
#3660=DIRECTION('',(0.,0.,-1.));
#3661=DIRECTION('',(-0.707106781186548,0.,-0.707106781186547));
#3662=DIRECTION('',(-1.,-1.40275458877117E-15,0.));
#3663=DIRECTION('',(0.,-1.,0.));
#3664=DIRECTION('',(0.,0.,-1.));
#3665=DIRECTION('',(-1.,0.,0.));
#3666=DIRECTION('',(-1.,0.,0.));
#3667=DIRECTION('',(1.,0.,0.));
#3668=DIRECTION('',(0.,0.,-1.));
#3669=DIRECTION('',(0.,-1.,0.));
#3670=DIRECTION('',(0.,0.,-1.));
#3671=DIRECTION('',(0.,-1.,0.));
#3672=DIRECTION('',(-1.,0.,0.));
#3673=DIRECTION('',(0.,0.,1.));
#3674=DIRECTION('',(0.,-1.,0.));
#3675=DIRECTION('',(0.,-1.,0.));
#3676=DIRECTION('',(0.707106781186547,0.,-0.707106781186548));
#3677=DIRECTION('',(0.,1.,0.));
#3678=DIRECTION('',(0.,-1.,0.));
#3679=DIRECTION('',(0.707106781186548,0.,0.707106781186547));
#3680=DIRECTION('',(0.,1.,0.));
#3681=DIRECTION('',(-0.707106781186548,0.,-0.707106781186547));
#3682=DIRECTION('',(0.707106781186547,0.,-0.707106781186548));
#3683=DIRECTION('',(0.,1.,0.));
#3684=DIRECTION('',(0.,1.,0.));
#3685=DIRECTION('',(-0.707106781186548,-3.27102595559141E-15,-0.707106781186547));
#3686=DIRECTION('',(0.,-1.,0.));
#3687=DIRECTION('',(-0.707106781186547,0.,-0.707106781186548));
#3688=DIRECTION('',(0.,0.,-1.));
#3689=DIRECTION('',(-1.,0.,0.));
#3690=DIRECTION('',(0.,0.,-1.));
#3691=DIRECTION('',(0.,-1.,0.));
#3692=DIRECTION('',(0.,-0.707106781186548,-0.707106781186547));
#3693=DIRECTION('',(0.,0.,1.));
#3694=DIRECTION('',(1.,0.,0.));
#3695=DIRECTION('',(0.,0.707106781186547,-0.707106781186548));
#3696=DIRECTION('',(-1.,0.,0.));
#3697=DIRECTION('',(-1.,0.,0.));
#3698=DIRECTION('',(0.,-0.707106781186548,-0.707106781186547));
#3699=DIRECTION('',(1.,0.,0.));
#3700=DIRECTION('',(0.,0.,-1.));
#3701=DIRECTION('',(-1.,0.,0.));
#3702=DIRECTION('',(0.,0.,-1.));
#3703=DIRECTION('',(1.,1.28160698206109E-15,0.));
#3704=DIRECTION('',(0.707106781186548,0.,-0.707106781186547));
#3705=DIRECTION('',(0.,0.,1.));
#3706=DIRECTION('',(1.,0.,0.));
#3707=DIRECTION('',(-0.707106781186547,0.,-0.707106781186548));
#3708=DIRECTION('',(0.,-1.,0.));
#3709=DIRECTION('',(0.,-1.,0.));
#3710=DIRECTION('',(0.707106781186548,0.,-0.707106781186547));
#3711=DIRECTION('',(0.,1.,0.));
#3712=DIRECTION('',(-1.,-1.04810201801727E-15,0.));
#3713=DIRECTION('',(1.04810201801727E-15,-1.,0.));
#3714=DIRECTION('',(0.,0.,-1.));
#3715=DIRECTION('',(-1.04810201801727E-15,1.,0.));
#3716=DIRECTION('',(-1.19817563425492E-16,0.,1.));
#3717=DIRECTION('',(1.,0.,1.19817563425492E-16));
#3718=DIRECTION('',(8.90231651553425E-14,-1.,0.));
#3719=DIRECTION('',(0.,0.,-1.));
#3720=DIRECTION('',(-1.,0.,0.));
#3721=DIRECTION('',(1.,0.,0.));
#3722=DIRECTION('',(0.,0.,-1.));
#3723=DIRECTION('',(-1.,0.,0.));
#3724=DIRECTION('',(-1.04810201801727E-15,1.,0.));
#3725=DIRECTION('',(-1.19817563425492E-16,0.,1.));
#3726=DIRECTION('',(1.,0.,1.19817563425492E-16));
#3727=DIRECTION('',(0.,0.,-1.));
#3728=DIRECTION('',(1.,0.,0.));
#3729=DIRECTION('',(-1.,0.,0.));
#3730=DIRECTION('',(0.,0.,-1.));
#3731=DIRECTION('',(-1.,0.,0.));
#3732=DIRECTION('',(8.90231651553425E-14,-1.,0.));
#3733=DIRECTION('',(1.,8.90231651553425E-14,0.));
#3734=DIRECTION('',(-8.90231651553425E-14,1.,0.));
#3735=DIRECTION('',(0.,0.,-1.));
#3736=DIRECTION('',(0.,0.,-1.));
#3737=DIRECTION('',(-1.,0.,0.));
#3738=DIRECTION('',(6.47937964549125E-17,-1.,0.));
#3739=DIRECTION('',(0.,0.,-1.));
#3740=DIRECTION('',(1.,0.,0.));
#3741=DIRECTION('',(-1.,1.05738718614881E-8,0.));
#3742=DIRECTION('',(0.,0.,-1.));
#3743=DIRECTION('',(1.,0.,0.));
#3744=DIRECTION('',(0.,0.,1.));
#3745=DIRECTION('',(1.,0.,0.));
#3746=DIRECTION('',(-1.,-3.23693016581753E-16,0.));
#3747=DIRECTION('',(0.,0.,1.));
#3748=DIRECTION('',(1.,0.,0.));
#3749=DIRECTION('',(0.,0.,-1.));
#3750=DIRECTION('',(1.,0.,0.));
#3751=DIRECTION('',(-1.,-1.05738733490855E-8,0.));
#3752=DIRECTION('',(0.,0.,-1.));
#3753=DIRECTION('',(1.,0.,0.));
#3754=DIRECTION('',(0.,0.,-1.));
#3755=DIRECTION('',(1.,0.,0.));
#3756=DIRECTION('',(1.,-1.1541912476912E-16,0.));
#3757=DIRECTION('',(0.,0.,-1.));
#3758=DIRECTION('',(-1.,0.,0.));
#3759=DIRECTION('',(-1.05738733490855E-8,1.,0.));
#3760=DIRECTION('',(-1.,-1.05738733490855E-8,0.));
#3761=DIRECTION('',(0.,0.,1.));
#3762=DIRECTION('',(0.,0.,1.));
#3763=DIRECTION('',(0.,0.,1.));
#3764=DIRECTION('',(1.,0.,0.));
#3765=DIRECTION('',(0.,0.,1.));
#3766=DIRECTION('',(0.,0.,1.));
#3767=DIRECTION('',(1.,0.,0.));
#3768=DIRECTION('',(0.,0.,1.));
#3769=DIRECTION('',(-3.23693016581753E-16,1.,0.));
#3770=DIRECTION('',(-1.,-3.23693016581753E-16,0.));
#3771=DIRECTION('',(0.,0.,1.));
#3772=DIRECTION('',(0.,0.,1.));
#3773=DIRECTION('',(1.,0.,0.));
#3774=DIRECTION('',(0.,0.,1.));
#3775=DIRECTION('',(0.,0.,1.));
#3776=DIRECTION('',(1.,0.,0.));
#3777=DIRECTION('',(0.,0.,1.));
#3778=DIRECTION('',(1.05738718614881E-8,1.,0.));
#3779=DIRECTION('',(-1.,1.05738718614881E-8,0.));
#3780=DIRECTION('',(0.,0.,1.));
#3781=DIRECTION('',(0.,0.,1.));
#3782=DIRECTION('',(1.,0.,0.));
#3783=DIRECTION('',(0.,0.,1.));
#3784=DIRECTION('',(-1.,-6.47937964549125E-17,0.));
#3785=DIRECTION('',(6.47937964549125E-17,-1.,0.));
#3786=DIRECTION('',(0.,0.,1.));
#3787=DIRECTION('',(1.,0.,0.));
#3788=DIRECTION('',(0.,0.,-1.));
#3789=DIRECTION('',(-1.,0.,0.));
#3790=DIRECTION('',(0.,0.,1.));
#3791=DIRECTION('',(-1.1541912476912E-16,-1.,0.));
#3792=DIRECTION('',(1.,-1.1541912476912E-16,0.));
#3793=DIRECTION('',(1.,0.,0.));
#3794=DIRECTION('',(0.,0.,1.));
#3795=DIRECTION('',(0.,0.,1.));
#3796=DIRECTION('',(1.,0.,0.));
#3797=DIRECTION('',(0.,0.,-1.));
#3798=DIRECTION('',(1.,0.,0.));
#3799=DIRECTION('',(0.,0.,1.));
#3800=DIRECTION('',(1.,0.,0.));
#3801=DIRECTION('',(1.,0.,0.));
#3802=DIRECTION('',(0.,0.,-1.));
#3803=DIRECTION('',(1.,0.,0.));
#3804=DIRECTION('',(0.,0.,-1.));
#3805=DIRECTION('',(1.,0.,0.));
#3806=DIRECTION('',(1.,0.,0.));
#3807=DIRECTION('',(0.,0.,-1.));
#3808=DIRECTION('',(-1.,0.,0.));
#3809=DIRECTION('',(0.,0.,-1.));
#3810=DIRECTION('',(-1.,0.,0.));
#3811=DIRECTION('',(0.,0.,-1.));
#3812=DIRECTION('',(-1.,0.,0.));
#3813=DIRECTION('',(-1.,0.,0.));
#3814=DIRECTION('',(0.,0.,1.));
#3815=DIRECTION('',(0.,0.,-1.));
#3816=DIRECTION('',(-1.,0.,0.));
#3817=DIRECTION('',(-1.,-7.09498354182743E-16,0.));
#3818=DIRECTION('',(7.09498354182743E-16,-1.,0.));
#3819=DIRECTION('',(-1.,-7.09498354182743E-16,0.));
#3820=DIRECTION('',(-1.,0.,0.));
#3821=DIRECTION('',(0.,0.,1.));
#3822=DIRECTION('',(1.,7.09498354182743E-16,0.));
#3823=DIRECTION('',(-1.,0.,0.));
#3824=DIRECTION('',(0.,0.,1.));
#3825=DIRECTION('',(-1.,0.,0.));
#3826=DIRECTION('',(0.,0.,1.));
#3827=DIRECTION('',(0.,1.,0.));
#3828=DIRECTION('',(0.,0.,1.));
#3829=DIRECTION('',(-1.,0.,0.));
#3830=DIRECTION('',(0.,0.,1.));
#3831=DIRECTION('',(0.,1.,0.));
#3832=DIRECTION('',(0.,0.,1.));
#3833=DIRECTION('',(0.,-1.,-1.19537174474697E-16));
#3834=DIRECTION('',(0.,1.19537174474697E-16,-1.));
#3835=DIRECTION('',(0.,1.,0.));
#3836=DIRECTION('',(0.,0.,1.));
#3837=DIRECTION('',(0.,-1.,-1.19537174474697E-16));
#3838=DIRECTION('',(0.,-1.,-1.19537174474697E-16));
#3839=DIRECTION('',(0.,1.,-1.31490891922167E-16));
#3840=DIRECTION('',(0.,1.31490891922167E-16,1.));
#3841=DIRECTION('',(0.,1.,0.));
#3842=DIRECTION('',(0.,0.,1.));
#3843=DIRECTION('',(0.,1.,-1.31490891922167E-16));
#3844=DIRECTION('',(0.,1.,-1.31490891922167E-16));
#3845=DIRECTION('',(-1.,0.,0.));
#3846=DIRECTION('',(0.,0.,1.));
#3847=DIRECTION('',(-1.,0.,0.));
#3848=DIRECTION('',(0.,0.,1.));
#3849=DIRECTION('',(-1.,0.,0.));
#3850=DIRECTION('',(0.,0.,1.));
#3851=DIRECTION('',(0.,-1.,-1.68966572335404E-16));
#3852=DIRECTION('',(0.,1.68966572335404E-16,-1.));
#3853=DIRECTION('',(0.,-1.,0.));
#3854=DIRECTION('',(0.,0.,-1.));
#3855=DIRECTION('',(0.,-1.,-1.68966572335404E-16));
#3856=DIRECTION('',(0.,1.,0.));
#3857=DIRECTION('',(0.,0.,1.));
#3858=DIRECTION('',(0.,-1.,-1.68966572335404E-16));
#3859=DIRECTION('',(-1.,0.,0.));
#3860=DIRECTION('',(0.,0.,1.));
#3861=DIRECTION('',(-1.,0.,0.));
#3862=DIRECTION('',(0.,0.,1.));
#3863=DIRECTION('',(-1.,0.,0.));
#3864=DIRECTION('',(0.,0.,1.));
#3865=DIRECTION('',(0.,-1.,0.));
#3866=DIRECTION('',(0.,0.,-1.));
#3867=DIRECTION('',(-1.,0.,0.));
#3868=DIRECTION('',(0.,0.,1.));
#3869=DIRECTION('',(-1.,0.,0.));
#3870=DIRECTION('',(0.,0.,1.));
#3871=DIRECTION('',(-1.,0.,0.));
#3872=DIRECTION('',(0.,0.,1.));
#3873=DIRECTION('',(0.,1.,0.));
#3874=DIRECTION('',(0.,0.,1.));
#3875=DIRECTION('',(0.,1.,-2.11208215419255E-16));
#3876=DIRECTION('',(0.,2.11208215419255E-16,1.));
#3877=DIRECTION('',(0.,1.,-2.11208215419255E-16));
#3878=DIRECTION('',(0.,1.,-2.11208215419255E-16));
#3879=DIRECTION('',(-1.,0.,0.));
#3880=DIRECTION('',(0.,0.,1.));
#3881=DIRECTION('',(-1.,0.,0.));
#3882=DIRECTION('',(0.,0.,1.));
#3883=DIRECTION('',(0.,-1.68966572335404E-16,1.));
#3884=DIRECTION('',(0.,-1.,-1.68966572335404E-16));
#3885=DIRECTION('',(1.,0.,0.));
#3886=DIRECTION('',(-4.14440788547913E-17,-1.,-1.68966572335404E-16));
#3887=DIRECTION('',(1.,0.,0.));
#3888=DIRECTION('',(0.,-2.11208215419255E-16,-1.));
#3889=DIRECTION('',(0.,1.,-2.11208215419255E-16));
#3890=DIRECTION('',(1.,0.,0.));
#3891=DIRECTION('',(5.18050985684892E-17,1.,-2.11208215419255E-16));
#3892=DIRECTION('',(1.,0.,0.));
#3893=DIRECTION('',(1.,0.,0.));
#3894=DIRECTION('',(0.,0.,-1.));
#3895=DIRECTION('',(1.,0.,0.));
#3896=DIRECTION('',(0.,0.,-1.));
#3897=DIRECTION('',(0.,-1.19537174474697E-16,1.));
#3898=DIRECTION('',(0.,-1.,-1.19537174474697E-16));
#3899=DIRECTION('',(1.,0.,0.));
#3900=DIRECTION('',(-2.93200484364105E-17,-1.,-1.19537174474697E-16));
#3901=DIRECTION('',(1.,0.,0.));
#3902=DIRECTION('',(0.,-1.31490891922167E-16,-1.));
#3903=DIRECTION('',(0.,1.,-1.31490891922167E-16));
#3904=DIRECTION('',(1.,0.,0.));
#3905=DIRECTION('',(3.22520532800516E-17,1.,-1.31490891922167E-16));
#3906=DIRECTION('',(1.,0.,0.));
#3907=DIRECTION('',(1.,0.,0.));
#3908=DIRECTION('',(0.,0.,-1.));
#3909=DIRECTION('',(1.,0.,0.));
#3910=DIRECTION('',(0.,0.,-1.));
#3911=DIRECTION('',(1.,-1.23503544493248E-15,6.93889390390721E-15));
#3912=DIRECTION('',(6.93889390390721E-15,0.,-1.));
#3913=DIRECTION('',(1.,1.15225737361462E-16,0.));
#3914=DIRECTION('',(-1.15225737361462E-16,1.,0.));
#3915=DIRECTION('',(1.,1.15225737361462E-16,0.));
#3916=DIRECTION('',(1.,2.46995348541231E-15,-1.38777878078114E-14));
#3917=DIRECTION('',(-1.38777878078114E-14,0.,-1.));
#3918=DIRECTION('',(1.,1.15225737361462E-16,0.));
#3919=DIRECTION('',(1.,0.,0.));
#3920=DIRECTION('',(0.,0.,-1.));
#3921=DIRECTION('',(1.,-1.15225737361462E-16,0.));
#3922=DIRECTION('',(1.15225737361462E-16,1.,0.));
#3923=DIRECTION('',(1.,-1.40958740296169E-14,0.));
#3924=DIRECTION('',(1.40958740296169E-14,1.,0.));
#3925=DIRECTION('',(1.,-1.15225737361462E-16,0.));
#3926=DIRECTION('',(1.,-1.15225737361462E-16,0.));
#3927=DIRECTION('',(0.,-1.,0.));
#3928=DIRECTION('',(0.,0.,-1.));
#3929=DIRECTION('',(0.,-1.,0.));
#3930=DIRECTION('',(0.,1.,0.));
#3931=DIRECTION('',(0.,0.,1.));
#3932=DIRECTION('',(0.,0.,1.));
#3933=DIRECTION('',(1.,0.,0.));
#3934=DIRECTION('',(0.,0.,-1.));
#3935=DIRECTION('',(-1.,0.,0.));
#3936=DIRECTION('',(0.,0.,1.));
#3937=DIRECTION('',(1.,0.,0.));
#3938=DIRECTION('',(0.,0.,-1.));
#3939=DIRECTION('',(-1.,0.,0.));
#3940=DIRECTION('',(0.,0.,1.));
#3941=DIRECTION('',(1.,0.,0.));
#3942=DIRECTION('',(1.,-1.40958946023067E-14,0.));
#3943=DIRECTION('',(1.40958946023067E-14,1.,0.));
#3944=DIRECTION('',(1.,0.,0.));
#3945=DIRECTION('',(0.,0.,-1.));
#3946=DIRECTION('',(1.,1.15225737361462E-16,0.));
#3947=DIRECTION('',(-1.15225737361462E-16,1.,0.));
#3948=DIRECTION('',(1.,1.40958740296169E-14,0.));
#3949=DIRECTION('',(-1.40958740296169E-14,1.,0.));
#3950=DIRECTION('',(1.,1.15225737361462E-16,0.));
#3951=DIRECTION('',(1.,-1.15225737361462E-16,0.));
#3952=DIRECTION('',(1.15225737361462E-16,1.,0.));
#3953=DIRECTION('',(1.,-2.46995348541227E-15,1.38777878078112E-14));
#3954=DIRECTION('',(1.38777878078112E-14,0.,-1.));
#3955=DIRECTION('',(1.,-1.15225737361462E-16,0.));
#3956=DIRECTION('',(1.,-1.15225737361462E-16,0.));
#3957=DIRECTION('',(0.,0.,1.));
#3958=DIRECTION('',(1.,0.,0.));
#3959=DIRECTION('',(0.,0.,-1.));
#3960=DIRECTION('',(-1.,0.,0.));
#3961=DIRECTION('',(0.,0.,1.));
#3962=DIRECTION('',(1.,0.,0.));
#3963=DIRECTION('',(0.,0.,-1.));
#3964=DIRECTION('',(-1.,0.,0.));
#3965=DIRECTION('',(0.,0.,1.));
#3966=DIRECTION('',(1.,0.,0.));
#3967=DIRECTION('',(0.,0.,-1.));
#3968=DIRECTION('',(-1.,0.,0.));
#3969=DIRECTION('',(0.,0.,1.));
#3970=DIRECTION('',(1.,0.,0.));
#3971=DIRECTION('',(0.,0.,-1.));
#3972=DIRECTION('',(-1.,0.,0.));
#3973=DIRECTION('',(0.,1.,0.));
#3974=DIRECTION('',(-1.,0.,0.));
#3975=DIRECTION('',(0.,0.,1.));
#3976=DIRECTION('',(1.,0.,0.));
#3977=DIRECTION('',(-1.,0.,0.));
#3978=DIRECTION('',(0.,1.,0.));
#3979=DIRECTION('',(1.,1.15225737361462E-16,0.));
#3980=DIRECTION('',(-1.15225737361462E-16,1.,0.));
#3981=DIRECTION('',(-1.,0.,0.));
#3982=DIRECTION('',(0.,1.,0.));
#3983=DIRECTION('',(0.,0.,-1.));
#3984=DIRECTION('',(-1.,0.,0.));
#3985=DIRECTION('',(0.,0.,1.));
#3986=DIRECTION('',(1.,0.,0.));
#3987=DIRECTION('',(0.,0.,-1.));
#3988=DIRECTION('',(-1.,0.,0.));
#3989=DIRECTION('',(0.,0.,1.));
#3990=DIRECTION('',(1.,0.,0.));
#3991=DIRECTION('',(1.,0.,0.));
#3992=DIRECTION('',(0.,-1.,0.));
#3993=DIRECTION('',(1.,-1.15225737361462E-16,0.));
#3994=DIRECTION('',(-1.15225737361462E-16,-1.,0.));
#3995=DIRECTION('',(1.,0.,0.));
#3996=DIRECTION('',(0.,-1.,0.));
#3997=DIRECTION('',(0.,-1.,0.));
#3998=DIRECTION('',(0.,0.,-1.));
#3999=DIRECTION('',(0.,-1.,0.));
#4000=DIRECTION('',(0.,0.,-1.));
#4001=DIRECTION('',(1.,0.,0.));
#4002=DIRECTION('',(0.,0.,-1.));
#4003=DIRECTION('',(-1.,0.,0.));
#4004=DIRECTION('',(0.,0.,1.));
#4005=DIRECTION('',(1.,0.,0.));
#4006=DIRECTION('',(0.,0.,1.));
#4007=DIRECTION('',(1.,0.,0.));
#4008=DIRECTION('',(0.,0.,-1.));
#4009=DIRECTION('',(-1.,0.,0.));
#4010=DIRECTION('',(0.,0.,-1.));
#4011=DIRECTION('',(0.,0.,-1.));
#4012=DIRECTION('',(0.,1.,0.));
#4013=DIRECTION('',(0.,0.,1.));
#4014=DIRECTION('',(0.,0.,-1.));
#4015=DIRECTION('',(0.,0.,-1.));
#4016=DIRECTION('',(0.,0.,-1.));
#4017=DIRECTION('',(-1.,0.,0.));
#4018=DIRECTION('',(1.,8.90231651553425E-14,0.));
#4019=DIRECTION('',(-8.90231651553425E-14,1.,0.));
#4020=DIRECTION('',(0.,0.,-1.));
#4021=DIRECTION('',(0.,0.,-1.));
#4022=DIRECTION('',(-1.,0.,0.));
#4023=DIRECTION('',(0.,0.,-1.));
#4024=DIRECTION('',(0.,0.,-1.));
#4025=DIRECTION('',(0.,-1.,0.));
#4026=DIRECTION('',(0.,0.,-1.));
#4027=DIRECTION('',(0.,0.,-1.));
#4028=DIRECTION('',(0.,0.,-1.));
#4029=DIRECTION('',(0.,0.,-1.));
#4030=DIRECTION('',(-1.,0.,0.));
#4031=DIRECTION('',(-1.,-1.04810201801727E-15,0.));
#4032=DIRECTION('',(1.04810201801727E-15,-1.,0.));
#4033=DIRECTION('',(0.,0.,-1.));
#4034=DIRECTION('',(0.,0.,-1.));
#4035=DIRECTION('',(-1.,0.,0.));
#4036=DIRECTION('',(0.,0.,-1.));
#4037=DIRECTION('',(-1.,0.,0.));
#4038=DIRECTION('',(0.,0.758582540112242,-0.651576956189259));
#4039=DIRECTION('',(0.,0.758582540112242,0.651576956189259));
#4040=DIRECTION('',(0.,0.651576956189262,-0.758582540112239));
#4041=DIRECTION('',(1.,0.,0.));
#4042=DIRECTION('',(0.,0.75858254011224,0.651576956189261));
#4043=DIRECTION('',(4.62292778039683E-16,-0.651576956189262,-0.758582540112239));
#4044=DIRECTION('',(-1.,-7.09498354182743E-16,0.));
#4045=DIRECTION('',(0.,0.758582540112239,-0.651576956189262));
#4046=DIRECTION('',(0.,0.,-1.));
#4047=DIRECTION('',(-1.,0.,0.));
#4048=DIRECTION('',(0.617163457088544,0.,-0.786834968233185));
#4049=DIRECTION('',(0.,-1.,0.));
#4050=DIRECTION('',(-0.617163457088541,0.,-0.786834968233187));
#4051=DIRECTION('',(0.,-1.,0.));
#4052=DIRECTION('',(-0.617163457088545,0.,-0.786834968233184));
#4053=DIRECTION('',(0.,-1.,0.));
#4054=DIRECTION('',(0.617163457088545,0.,-0.786834968233184));
#4055=DIRECTION('',(0.,-1.,0.));
#4056=DIRECTION('',(0.,0.,1.));
#4057=DIRECTION('',(1.,0.,0.));
#4058=DIRECTION('',(1.40275458877117E-15,-1.,0.));
#4059=DIRECTION('',(0.,0.,1.));
#4060=DIRECTION('',(1.,0.,0.));
#4061=DIRECTION('',(0.,0.,1.));
#4062=DIRECTION('',(1.,0.,0.));
#4063=DIRECTION('',(0.,1.,0.));
#4064=DIRECTION('',(0.,0.,1.));
#4065=DIRECTION('',(-1.,0.,0.));
#4066=DIRECTION('',(0.,-1.,0.));
#4067=DIRECTION('',(0.,0.,-1.));
#4068=DIRECTION('',(0.,1.,0.));
#4069=DIRECTION('',(1.,0.,0.));
#4070=DIRECTION('',(0.,0.,-1.));
#4071=DIRECTION('',(-1.,0.,0.));
#4072=DIRECTION('',(0.,0.,1.));
#4073=DIRECTION('',(-1.,-4.62592926927178E-15,0.));
#4074=DIRECTION('',(0.,1.,0.));
#4075=DIRECTION('',(0.,0.,1.));
#4076=DIRECTION('',(-4.62592926927178E-15,1.,0.));
#4077=DIRECTION('',(-1.,-4.62592926927178E-15,0.));
#4078=DIRECTION('',(0.,-1.,0.));
#4079=DIRECTION('',(1.,0.,0.));
#4080=DIRECTION('',(0.,0.,-1.));
#4081=DIRECTION('',(-1.,0.,0.));
#4082=DIRECTION('',(0.,0.,-1.));
#4083=DIRECTION('',(-1.,0.,0.));
#4084=DIRECTION('',(-1.,0.,0.));
#4085=DIRECTION('',(0.,-1.,0.));
#4086=DIRECTION('',(0.,0.,-1.));
#4087=DIRECTION('',(-1.,0.,0.));
#4088=DIRECTION('',(0.707106781186547,-8.17756488897799E-16,-0.707106781186548));
#4089=DIRECTION('',(0.,0.,-1.));
#4090=DIRECTION('',(0.,1.,0.));
#4091=DIRECTION('',(0.,0.707106781186547,-0.707106781186548));
#4092=DIRECTION('',(0.,0.707106781186548,0.707106781186547));
#4093=DIRECTION('',(0.,-0.707106781186547,0.707106781186548));
#4094=DIRECTION('',(1.,0.,0.));
#4095=DIRECTION('',(0.,0.707106781186547,-0.707106781186548));
#4096=DIRECTION('',(0.,0.,-1.));
#4097=DIRECTION('',(-1.,0.,0.));
#4098=DIRECTION('',(1.15648231731787E-15,1.,0.));
#4099=DIRECTION('',(-1.,1.15648231731787E-15,0.));
#4100=DIRECTION('',(-1.,0.,0.));
#4101=DIRECTION('',(0.,-1.,0.));
#4102=DIRECTION('',(0.707106781186548,0.,0.707106781186547));
#4103=DIRECTION('',(0.707106781186547,0.,-0.707106781186548));
#4104=DIRECTION('',(0.707106781186547,0.,-0.707106781186548));
#4105=DIRECTION('',(0.,-1.,0.));
#4106=DIRECTION('',(0.,-1.,0.));
#4107=DIRECTION('',(0.,0.,-1.));
#4108=DIRECTION('',(0.,1.,0.));
#4109=DIRECTION('',(0.,0.,1.));
#4110=DIRECTION('',(1.,0.,0.));
#4111=DIRECTION('',(0.,0.,-1.));
#4112=DIRECTION('',(0.,0.,-1.));
#4113=DIRECTION('',(-1.,0.,0.));
#4114=DIRECTION('',(0.,1.,0.));
#4115=DIRECTION('',(0.,0.,1.));
#4116=DIRECTION('',(0.,-1.,0.));
#4117=DIRECTION('',(0.,0.,-1.));
#4118=DIRECTION('',(0.,-1.,0.));
#4119=DIRECTION('',(1.,0.,0.));
#4120=DIRECTION('',(0.,-1.,0.));
#4121=DIRECTION('',(0.,0.,-1.));
#4122=DIRECTION('',(0.,-1.,0.));
#4123=DIRECTION('',(0.,0.,-1.));
#4124=DIRECTION('',(0.,1.,0.));
#4125=DIRECTION('',(-1.,0.,0.));
#4126=DIRECTION('',(0.,0.,-1.));
#4127=DIRECTION('',(-1.,0.,0.));
#4128=DIRECTION('',(1.,0.,0.));
#4129=DIRECTION('',(0.,1.,0.));
#4130=DIRECTION('',(-1.,0.,0.));
#4131=DIRECTION('',(0.,0.,1.));
#4132=DIRECTION('',(1.,0.,0.));
#4133=DIRECTION('',(0.,1.,0.));
#4134=DIRECTION('',(0.,0.,-1.));
#4135=DIRECTION('',(-1.,0.,0.));
#4136=DIRECTION('',(0.,1.,0.));
#4137=DIRECTION('',(0.,0.,1.));
#4138=DIRECTION('',(0.,-1.,0.));
#4139=DIRECTION('',(1.,0.,0.));
#4140=DIRECTION('',(0.,0.,-1.));
#4141=DIRECTION('',(-1.,0.,0.));
#4142=DIRECTION('',(1.,0.,0.));
#4143=DIRECTION('',(0.,1.,0.));
#4144=DIRECTION('',(-1.,0.,0.));
#4145=DIRECTION('',(0.,0.,1.));
#4146=DIRECTION('',(1.,0.,0.));
#4147=DIRECTION('',(0.,1.,0.));
#4148=DIRECTION('',(0.,0.,-1.));
#4149=DIRECTION('',(-1.,0.,0.));
#4150=DIRECTION('',(0.,1.,0.));
#4151=DIRECTION('',(-1.,0.,0.));
#4152=DIRECTION('',(0.,-1.,0.));
#4153=DIRECTION('',(0.,0.,-1.));
#4154=DIRECTION('',(0.,1.,0.));
#4155=DIRECTION('',(0.,0.,1.));
#4156=DIRECTION('',(0.,-1.,0.));
#4157=DIRECTION('',(1.,0.,0.));
#4158=DIRECTION('',(0.,0.,-1.));
#4159=DIRECTION('',(-1.,0.,0.));
#4160=DIRECTION('',(-1.,0.,0.));
#4161=DIRECTION('',(0.,-1.,0.));
#4162=DIRECTION('',(1.,0.,0.));
#4163=DIRECTION('',(0.,0.,-1.));
#4164=DIRECTION('',(-1.,0.,0.));
#4165=DIRECTION('',(0.,-1.,0.));
#4166=DIRECTION('',(0.,0.,-1.));
#4167=DIRECTION('',(-1.,0.,0.));
#4168=DIRECTION('',(1.15648231731787E-15,1.,0.));
#4169=DIRECTION('',(-1.,1.15648231731787E-15,0.));
#4170=DIRECTION('',(0.,-1.,0.));
#4171=DIRECTION('',(0.,0.,-1.));
#4172=DIRECTION('',(0.,0.,1.));
#4173=DIRECTION('',(1.,0.,0.));
#4174=DIRECTION('',(0.,0.,1.));
#4175=DIRECTION('',(1.,0.,0.));
#4176=DIRECTION('',(0.,-1.,0.));
#4177=DIRECTION('',(0.,0.,-1.));
#4178=DIRECTION('',(-0.707106781186545,6.13317366673348E-15,0.70710678118655));
#4179=DIRECTION('',(0.70710678118655,0.,0.707106781186545));
#4180=DIRECTION('',(0.707106781186548,0.,-0.707106781186547));
#4181=DIRECTION('',(-0.707106781186547,0.,-0.707106781186548));
#4182=DIRECTION('',(-0.707106781186548,-3.27102595559141E-15,-0.707106781186547));
#4183=DIRECTION('',(-0.707106781186547,0.,0.707106781186548));
#4184=DIRECTION('',(-0.707106781186544,-4.90653893338677E-15,-0.707106781186551));
#4185=DIRECTION('',(-0.707106781186551,0.,0.707106781186544));
#4186=DIRECTION('',(-0.707106781186548,-3.27102595559141E-15,-0.707106781186547));
#4187=DIRECTION('',(-4.62592926927178E-15,1.,0.));
#4188=DIRECTION('',(-1.,-4.62592926927178E-15,0.));
#4189=DIRECTION('',(0.,0.,-1.));
#4190=DIRECTION('',(-1.,0.,0.));
#4191=DIRECTION('',(0.,0.,1.));
#4192=DIRECTION('',(1.,0.,0.));
#4193=DIRECTION('',(0.707106781186548,0.,0.707106781186547));
#4194=DIRECTION('',(0.707106781186547,0.,-0.707106781186548));
#4195=DIRECTION('',(-0.707106781186549,4.90653893338679E-15,-0.707106781186546));
#4196=DIRECTION('',(-0.707106781186546,0.,0.707106781186549));
#4197=DIRECTION('',(0.707106781186548,0.,0.707106781186547));
#4198=DIRECTION('',(0.,-1.,0.));
#4199=DIRECTION('',(0.,0.,-1.));
#4200=DIRECTION('',(0.,0.,-1.));
#4201=DIRECTION('',(-1.,0.,0.));
#4202=DIRECTION('',(0.,0.,1.));
#4203=DIRECTION('',(1.,0.,0.));
#4204=DIRECTION('',(-0.707106781186547,0.,0.707106781186548));
#4205=DIRECTION('',(0.707106781186548,0.,0.707106781186547));
#4206=DIRECTION('',(0.707106781186549,-9.19976050010024E-15,-0.707106781186546));
#4207=DIRECTION('',(-0.707106781186546,0.,-0.707106781186549));
#4208=DIRECTION('',(0.,1.,0.));
#4209=DIRECTION('',(0.,0.,1.));
#4210=DIRECTION('',(0.,0.,-1.));
#4211=DIRECTION('',(-1.,0.,0.));
#4212=DIRECTION('',(0.,0.,1.));
#4213=DIRECTION('',(1.,0.,0.));
#4214=DIRECTION('',(-0.707106781186548,-9.9189728206064E-16,0.707106781186547));
#4215=DIRECTION('',(-1.40275458877117E-15,1.,0.));
#4216=DIRECTION('',(0.707106781186547,0.,0.707106781186547));
#4217=DIRECTION('',(0.,-1.,0.));
#4218=CARTESIAN_POINT('',(0.,0.,0.));
#4219=CARTESIAN_POINT('',(-34.2830500000001,40.0895,9.28));
#4220=CARTESIAN_POINT('',(-34.28305,-9.37670000000001,6.55260000000001));
#4221=CARTESIAN_POINT('',(-34.28305,-9.37670000000001,6.55260000000001));
#4222=CARTESIAN_POINT('',(-34.28305,-9.37670000000001,6.36198643762688));
#4223=CARTESIAN_POINT('',(-34.28305,-10.3767,6.36198643762688));
#4224=CARTESIAN_POINT('',(-34.28305,-9.55906430030005,7.1762));
#4225=CARTESIAN_POINT('',(-34.2830500000001,40.7201473822521,7.1762));
#4226=CARTESIAN_POINT('',(-34.2830500000001,40.2718643003,7.1762));
#4227=CARTESIAN_POINT('',(-34.2830500000001,41.0895,6.36198643762681));
#4228=CARTESIAN_POINT('',(-34.2830500000001,40.0895,6.3619864376268));
#4229=CARTESIAN_POINT('',(-34.2830500000001,40.0895,3.7238864376269));
#4230=CARTESIAN_POINT('',(-34.2830500000001,40.0895,6.5526));
#4231=CARTESIAN_POINT('',(-34.2830500000001,40.0895,6.5526));
#4232=CARTESIAN_POINT('',(-33.07455,-53.4651483586015,6.2913));
#4233=CARTESIAN_POINT('',(-33.07455,53.6268,6.5124));
#4234=CARTESIAN_POINT('',(-33.07455,-53.4651483586015,6.5124));
#4235=CARTESIAN_POINT('',(-33.07455,-9.37670000000001,6.5124));
#4236=CARTESIAN_POINT('',(-33.07455,-9.37670000000001,6.2913));
#4237=CARTESIAN_POINT('',(-33.07455,-9.37670000000001,6.55260000000001));
#4238=CARTESIAN_POINT('',(-33.07455,-53.4651483586015,6.5526));
#4239=CARTESIAN_POINT('',(-33.07455,-53.4651483586015,6.5526));
#4240=CARTESIAN_POINT('',(-33.07455,-53.4651483586015,6.2913));
#4241=CARTESIAN_POINT('',(-33.07455,-53.4651483586015,6.2913));
#4242=CARTESIAN_POINT('',(-33.07455,-53.4651483586015,6.5526));
#4243=CARTESIAN_POINT('',(-33.07455,40.0895,6.5526));
#4244=CARTESIAN_POINT('',(-33.07455,53.6268,6.5526));
#4245=CARTESIAN_POINT('',(-33.07455,40.0895,6.2913));
#4246=CARTESIAN_POINT('',(-33.07455,40.0895,6.5124));
#4247=CARTESIAN_POINT('',(-33.07455,53.6268,6.5124));
#4248=CARTESIAN_POINT('',(-33.07455,53.6268,6.5124));
#4249=CARTESIAN_POINT('',(-33.07455,53.6268,6.2913));
#4250=CARTESIAN_POINT('',(-33.6564281658916,-52.9635,6.0099));
#4251=CARTESIAN_POINT('',(-33.6564281658916,-9.37670000000001,6.0099));
#4252=CARTESIAN_POINT('',(-33.6564281658916,-9.37670000000001,6.5124));
#4253=CARTESIAN_POINT('',(-34.1062325415126,-9.37670000000001,6.23391400329489));
#4254=CARTESIAN_POINT('',(-33.6564281658916,-52.9635,6.5124));
#4255=CARTESIAN_POINT('',(-33.6564281658916,-52.9635,6.5124));
#4256=CARTESIAN_POINT('',(-33.6564281658916,-52.9635,6.0099));
#4257=CARTESIAN_POINT('',(-34.1062325415126,-52.9635,6.23391400329489));
#4258=CARTESIAN_POINT('',(-34.1062325415126,-52.9635,6.23391400329489));
#4259=CARTESIAN_POINT('',(-33.6564281658916,-52.9635,6.0099));
#4260=CARTESIAN_POINT('',(-33.6564281658916,40.0895,6.0099));
#4261=CARTESIAN_POINT('',(-34.1062325415126,40.0895,6.23391400329489));
#4262=CARTESIAN_POINT('',(-33.6564281658916,40.0895,6.5124));
#4263=CARTESIAN_POINT('',(-34.1062325415126,-52.9635,6.23391400329489));
#4264=CARTESIAN_POINT('',(-34.1062325415126,52.9635,6.23391400329489));
#4265=CARTESIAN_POINT('',(-33.6564281658916,52.9635,6.0099));
#4266=CARTESIAN_POINT('',(-33.6564281658916,52.9635,6.5124));
#4267=CARTESIAN_POINT('',(-33.6564281658916,-52.9635,6.5124));
#4268=CARTESIAN_POINT('',(-28.3289890243902,-52.9635,3.3567));
#4269=CARTESIAN_POINT('',(-28.3289890243902,-9.37670000000001,3.3567));
#4270=CARTESIAN_POINT('',(-34.78305,-9.37670000000001,3.3567));
#4271=CARTESIAN_POINT('',(-28.3289890243902,-52.9635,3.3567));
#4272=CARTESIAN_POINT('',(-34.28305,-52.9635,0.865904750363896));
#4273=CARTESIAN_POINT('',(-34.28305,-52.9635,0.865904750363896));
#4274=CARTESIAN_POINT('',(-34.28305,-10.5107952496361,0.865904750363896));
#4275=CARTESIAN_POINT('',(-28.3289890243902,-8.02,3.3567));
#4276=CARTESIAN_POINT('',(-34.6388438711271,-9.37670000000001,2.));
#4277=CARTESIAN_POINT('',(-28.3289890243902,-9.37670000000001,3.3567));
#4278=CARTESIAN_POINT('',(-28.3289890243902,-52.9635,3.3567));
#4279=CARTESIAN_POINT('',(-28.3289890243902,40.0895,3.3567));
#4280=CARTESIAN_POINT('',(-34.78305,40.0895,3.3567));
#4281=CARTESIAN_POINT('',(-28.3289890243902,40.0895,3.3567));
#4282=CARTESIAN_POINT('',(-34.6388438711271,40.0895,2.));
#4283=CARTESIAN_POINT('',(-28.3289890243902,38.7328,3.3567));
#4284=CARTESIAN_POINT('',(-34.28305,41.2235952496361,0.865904750363896));
#4285=CARTESIAN_POINT('',(-34.28305,-52.9635,0.865904750363896));
#4286=CARTESIAN_POINT('',(-34.2830500000001,52.9635,0.865904750363896));
#4287=CARTESIAN_POINT('',(-28.3289890243902,52.9635,3.3567));
#4288=CARTESIAN_POINT('',(0.,0.,6.5124));
#4289=CARTESIAN_POINT('',(0.,-56.2647354750026,6.5124));
#4290=CARTESIAN_POINT('',(-21.43665,-56.2647354750026,6.5124));
#4291=CARTESIAN_POINT('',(21.43665,-56.2647354750026,6.5124));
#4292=CARTESIAN_POINT('',(21.43665,-54.60165,6.5124));
#4293=CARTESIAN_POINT('',(21.43665,-52.9385645249974,6.5124));
#4294=CARTESIAN_POINT('',(3.75598244032826E-14,-52.9385645249974,6.5124));
#4295=CARTESIAN_POINT('',(-21.43665,-52.9385645249974,6.5124));
#4296=CARTESIAN_POINT('',(-21.43665,-54.60165,6.5124));
#4297=CARTESIAN_POINT('',(1.31532089525306E-14,-9.37669999999996,6.5124));
#4298=CARTESIAN_POINT('',(-30.05955,-53.4651483586015,6.5124));
#4299=CARTESIAN_POINT('',(-30.0595499681198,-56.4801483586016,6.5124));
#4300=CARTESIAN_POINT('',(-25.395052677729,-56.4801483092797,6.5124));
#4301=CARTESIAN_POINT('',(-25.395052677729,-56.4801483092797,6.5124));
#4302=CARTESIAN_POINT('',(-25.3950526986637,-54.5002983092797,6.5124));
#4303=CARTESIAN_POINT('',(-23.4158513493318,-54.5509741546399,6.5124));
#4304=CARTESIAN_POINT('',(-21.43665,-54.60165,6.5124));
#4305=CARTESIAN_POINT('',(-21.43665,-52.6218,6.5124));
#4306=CARTESIAN_POINT('',(-21.43665,-52.6218,6.5124));
#4307=CARTESIAN_POINT('',(21.43665,-52.6218,6.5124));
#4308=CARTESIAN_POINT('',(21.43665,-54.60165,6.5124));
#4309=CARTESIAN_POINT('',(23.4158513493318,-54.5509741546399,6.5124));
#4310=CARTESIAN_POINT('',(25.3950526986637,-54.5002983092797,6.5124));
#4311=CARTESIAN_POINT('',(25.395052677729,-56.4801483092798,6.5124));
#4312=CARTESIAN_POINT('',(25.395052677729,-56.4801483092797,6.5124));
#4313=CARTESIAN_POINT('',(30.0595499681198,-56.4801483586015,6.5124));
#4314=CARTESIAN_POINT('',(30.05955,-53.4651483586015,6.5124));
#4315=CARTESIAN_POINT('',(33.07455,-53.4651483586015,6.5124));
#4316=CARTESIAN_POINT('',(33.07455,53.6268,6.5124));
#4317=CARTESIAN_POINT('',(33.07455,-50.92095,6.5124));
#4318=CARTESIAN_POINT('',(0.,-50.92095,6.5124));
#4319=CARTESIAN_POINT('',(33.6564281658916,-50.92095,6.5124));
#4320=CARTESIAN_POINT('',(33.6564281658916,0.,6.5124));
#4321=CARTESIAN_POINT('',(33.6564281658916,-52.9635,6.5124));
#4322=CARTESIAN_POINT('',(30.26055,-52.9635,6.5124));
#4323=CARTESIAN_POINT('',(32.6617878347206,-55.3647378347793,6.5124));
#4324=CARTESIAN_POINT('',(30.26055,-56.7492202653238,6.5124));
#4325=CARTESIAN_POINT('',(30.5002956963249,-56.7492202653238,6.5124));
#4326=CARTESIAN_POINT('',(30.9593362060954,-56.61507159281,6.51239999999998));
#4327=CARTESIAN_POINT('',(31.7835726112556,-56.1600966678199,6.51240000000004));
#4328=CARTESIAN_POINT('',(32.3275268357887,-55.6989793868796,6.5124));
#4329=CARTESIAN_POINT('',(32.6617771902559,-55.3647271903732,6.5124));
#4330=CARTESIAN_POINT('',(30.26055,-56.7492229395506,6.5124));
#4331=CARTESIAN_POINT('',(6.5389710578997E-15,-56.7492229395506,6.5124));
#4332=CARTESIAN_POINT('',(-30.26055,-56.7492202653238,6.5124));
#4333=CARTESIAN_POINT('',(-32.6617763138518,-55.3647280667822,6.5124));
#4334=CARTESIAN_POINT('',(-32.3275261018918,-55.6989801207806,6.5124));
#4335=CARTESIAN_POINT('',(-31.7835719966132,-56.1600970600961,6.51240000000002));
#4336=CARTESIAN_POINT('',(-30.9593359096492,-56.6150717038362,6.51240000000004));
#4337=CARTESIAN_POINT('',(-30.5002955908868,-56.7492202653238,6.5124));
#4338=CARTESIAN_POINT('',(-30.26055,-56.7492202653238,6.5124));
#4339=CARTESIAN_POINT('',(-32.661786958282,-55.3647387112201,6.5124));
#4340=CARTESIAN_POINT('',(-30.26055,-52.9635,6.5124));
#4341=CARTESIAN_POINT('',(33.07455,53.6268,6.2913));
#4342=CARTESIAN_POINT('',(33.07455,53.6268,6.5124));
#4343=CARTESIAN_POINT('',(33.07455,53.6268,6.5124));
#4344=CARTESIAN_POINT('',(33.07455,-20.07225,6.5124));
#4345=CARTESIAN_POINT('',(33.07455,-20.07225,6.2913));
#4346=CARTESIAN_POINT('',(33.07455,-20.07225,6.5526));
#4347=CARTESIAN_POINT('',(33.07455,53.6268,6.5526));
#4348=CARTESIAN_POINT('',(33.07455,53.6268,6.5526));
#4349=CARTESIAN_POINT('',(33.07455,53.6268,6.2913));
#4350=CARTESIAN_POINT('',(33.6564281658916,52.9635,6.0099));
#4351=CARTESIAN_POINT('',(34.1062325415126,52.9635,6.23391400329489));
#4352=CARTESIAN_POINT('',(34.1062325415125,52.9635,6.23391400329489));
#4353=CARTESIAN_POINT('',(34.1062325415126,-20.07225,6.23391400329491));
#4354=CARTESIAN_POINT('',(33.6564281658916,-20.07225,6.0099));
#4355=CARTESIAN_POINT('',(33.6564281658916,-20.07225,6.5124));
#4356=CARTESIAN_POINT('',(33.6564281658916,0.,6.5124));
#4357=CARTESIAN_POINT('',(33.6564281658915,52.9635,6.5124));
#4358=CARTESIAN_POINT('',(33.6564281658915,52.9635,6.0099));
#4359=CARTESIAN_POINT('',(28.3289890243902,52.9635,3.3567));
#4360=CARTESIAN_POINT('',(34.5972477709947,11.80875,1.81922305301647));
#4361=CARTESIAN_POINT('',(34.5972652426193,12.0302615580459,1.81929428443485));
#4362=CARTESIAN_POINT('',(34.615934571655,12.434050338146,1.89014665955713));
#4363=CARTESIAN_POINT('',(34.6951053562623,12.9640662823046,2.26409457681347));
#4364=CARTESIAN_POINT('',(34.7629869936185,13.2923076545205,2.75542510125917));
#4365=CARTESIAN_POINT('',(34.793111839449,13.3992438232707,3.35835934003141));
#4366=CARTESIAN_POINT('',(34.7628649993379,13.2917143805396,3.95842861748178));
#4367=CARTESIAN_POINT('',(34.6951393978213,12.964176667188,4.44917579624117));
#4368=CARTESIAN_POINT('',(34.6159257884858,12.4342333136981,4.82328616838697));
#4369=CARTESIAN_POINT('',(34.5972654646733,12.0303606232512,4.89410481025561));
#4370=CARTESIAN_POINT('',(34.5972477709947,11.80875,4.89417694698354));
#4371=CARTESIAN_POINT('',(34.5972477709947,11.80875,1.81922305301647));
#4372=CARTESIAN_POINT('',(34.5972477709947,11.80875,4.89417694698353));
#4373=CARTESIAN_POINT('',(34.5972477709947,52.9635,4.89417694698352));
#4374=CARTESIAN_POINT('',(34.5972477709947,-6.42195000000001,4.89417694698353));
#4375=CARTESIAN_POINT('',(34.5972477709947,-6.42195000000001,4.89417694698354));
#4376=CARTESIAN_POINT('',(34.5972652426192,-6.6434615580428,4.89410571556516));
#4377=CARTESIAN_POINT('',(34.615934571655,-7.04725033813875,4.82325334044347));
#4378=CARTESIAN_POINT('',(34.6951053562625,-7.57726628230656,4.44930542318446));
#4379=CARTESIAN_POINT('',(34.7629869936178,-7.90550765452001,3.95797489874852));
#4380=CARTESIAN_POINT('',(34.7931118394493,-8.01244382327092,3.35504065996733));
#4381=CARTESIAN_POINT('',(34.7628649993375,-7.90491438053934,2.75497138251554));
#4382=CARTESIAN_POINT('',(34.6951393978214,-7.57737666718881,2.26422420375956));
#4383=CARTESIAN_POINT('',(34.6159257884858,-7.04743331369513,1.89011383161282));
#4384=CARTESIAN_POINT('',(34.5972654646733,-6.64356062324992,1.81929518974439));
#4385=CARTESIAN_POINT('',(34.5972477709947,-6.42195000000001,1.81922305301646));
#4386=CARTESIAN_POINT('',(34.5972477709947,-6.42195000000001,1.81922305301647));
#4387=CARTESIAN_POINT('',(34.5972477709947,52.9635,1.81922305301647));
#4388=CARTESIAN_POINT('',(34.5972477709947,37.1347499999999,1.81922305301647));
#4389=CARTESIAN_POINT('',(34.5972652426193,37.3562615580396,1.81929428443484));
#4390=CARTESIAN_POINT('',(34.6159345716549,37.7600503381315,1.89014665955595));
#4391=CARTESIAN_POINT('',(34.6951053562627,38.2900662823084,2.26409457681762));
#4392=CARTESIAN_POINT('',(34.762986993617,38.6183076545194,2.7554251012438));
#4393=CARTESIAN_POINT('',(34.7931118394495,38.7252438232711,3.3583593400339));
#4394=CARTESIAN_POINT('',(34.7628649993371,38.6177143805389,3.95842861748725));
#4395=CARTESIAN_POINT('',(34.6951393978216,38.2901766671901,4.44917579623919));
#4396=CARTESIAN_POINT('',(34.6159257884853,37.7602333136901,4.82328616838945));
#4397=CARTESIAN_POINT('',(34.5972654646731,37.3563606232477,4.8941048102565));
#4398=CARTESIAN_POINT('',(34.5972477709947,37.1347499999999,4.89417694698354));
#4399=CARTESIAN_POINT('',(34.5972477709947,37.1347499999999,1.81922305301647));
#4400=CARTESIAN_POINT('',(34.5972477709947,37.1347499999999,4.89417694698353));
#4401=CARTESIAN_POINT('',(34.5972477709947,52.9635,4.89417694698353));
#4402=CARTESIAN_POINT('',(34.5972477709947,29.39625,4.89417694698354));
#4403=CARTESIAN_POINT('',(34.5972477709947,29.39625,4.89417694698354));
#4404=CARTESIAN_POINT('',(34.5972652426194,29.1747384419566,4.89410571556457));
#4405=CARTESIAN_POINT('',(34.6159345716552,28.7709496618601,4.82325334044245));
#4406=CARTESIAN_POINT('',(34.6951053562625,28.2409337176928,4.44930542318357));
#4407=CARTESIAN_POINT('',(34.7629869936175,27.9126923454835,3.95797489875305));
#4408=CARTESIAN_POINT('',(34.7931118394492,27.8057561767291,3.35504065996413));
#4409=CARTESIAN_POINT('',(34.7628649993382,27.9132856194569,2.75497138252382));
#4410=CARTESIAN_POINT('',(34.6951393978213,28.2408233328126,2.26422420375783));
#4411=CARTESIAN_POINT('',(34.6159257884854,28.7707666863029,1.89011383161141));
#4412=CARTESIAN_POINT('',(34.5972654646731,29.1746393767494,1.81929518974351));
#4413=CARTESIAN_POINT('',(34.5972477709947,29.39625,1.81922305301647));
#4414=CARTESIAN_POINT('',(34.5972477709947,29.39625,1.81922305301647));
#4415=CARTESIAN_POINT('',(34.5972477709947,52.9635,1.81922305301647));
#4416=CARTESIAN_POINT('',(28.3289890243902,-20.07225,3.3567));
#4417=CARTESIAN_POINT('',(34.6388438711271,-20.07225,2.));
#4418=CARTESIAN_POINT('',(28.3289890243901,52.9635,3.3567));
#4419=CARTESIAN_POINT('',(34.2830499999999,52.9635,0.865904750363663));
#4420=CARTESIAN_POINT('',(34.2830499999999,52.9635000000005,0.865904750363663));
#4421=CARTESIAN_POINT('',(34.2830499999999,-18.9381547503637,0.865904750363663));
#4422=CARTESIAN_POINT('',(28.3289890243902,-21.42895,3.3567));
#4423=CARTESIAN_POINT('',(-34.28305,-9.37670000000001,9.28));
#4424=CARTESIAN_POINT('',(-34.28305,-9.37670000000001,2.));
#4425=CARTESIAN_POINT('',(-34.78305,-9.37670000000001,2.));
#4426=CARTESIAN_POINT('',(-34.78305,-9.37670000000001,5.44777287525381));
#4427=CARTESIAN_POINT('',(-35.78305,40.0895,9.28));
#4428=CARTESIAN_POINT('',(-34.78305,40.0895,2.));
#4429=CARTESIAN_POINT('',(-34.78305,40.0895,2.));
#4430=CARTESIAN_POINT('',(-35.78305,40.0895,2.));
#4431=CARTESIAN_POINT('',(-35.78305,0.,-1.));
#4432=CARTESIAN_POINT('',(-35.78305,0.,5.44777287525381));
#4433=CARTESIAN_POINT('',(-35.78305,-52.486,5.44777287525381));
#4434=CARTESIAN_POINT('',(-35.78305,-10.3767,5.44777287525381));
#4435=CARTESIAN_POINT('',(-35.78305,-10.3767,2.));
#4436=CARTESIAN_POINT('',(-35.78305,-10.3767,1.82842712474619));
#4437=CARTESIAN_POINT('',(-35.78305,0.,1.82842712474619));
#4438=CARTESIAN_POINT('',(-35.78305,-52.486,1.82842712474619));
#4439=CARTESIAN_POINT('',(-35.78305,-52.486,-1.));
#4440=CARTESIAN_POINT('',(-35.78305,0.,-1.));
#4441=CARTESIAN_POINT('',(-35.78305,0.,1.82842712474619));
#4442=CARTESIAN_POINT('',(-35.78305,41.0895,1.82842712474619));
#4443=CARTESIAN_POINT('',(-35.78305,52.486,1.82842712474619));
#4444=CARTESIAN_POINT('',(-35.78305,41.0895,5.44777287525381));
#4445=CARTESIAN_POINT('',(-35.78305,41.0895,5.44777287525381));
#4446=CARTESIAN_POINT('',(-35.78305,0.,5.44777287525381));
#4447=CARTESIAN_POINT('',(-35.78305,52.486,5.44777287525381));
#4448=CARTESIAN_POINT('',(-35.78305,52.486,-1.));
#4449=CARTESIAN_POINT('',(30.60715,52.486,-1.));
#4450=CARTESIAN_POINT('',(36.60715,52.486,-1.));
#4451=CARTESIAN_POINT('',(36.60715,52.486,1.82842712474619));
#4452=CARTESIAN_POINT('',(36.60715,52.486,5.44777287525381));
#4453=CARTESIAN_POINT('',(30.60715,52.486,1.82842712474619));
#4454=CARTESIAN_POINT('',(30.60715,58.486,1.82842712474619));
#4455=CARTESIAN_POINT('',(30.60715,58.486,-1.));
#4456=CARTESIAN_POINT('',(30.60715,58.486,5.44777287525381));
#4457=CARTESIAN_POINT('',(30.60715,52.486,5.44777287525381));
#4458=CARTESIAN_POINT('',(-29.78305,52.486,-1.));
#4459=CARTESIAN_POINT('',(-29.78305,58.486,-1.));
#4460=CARTESIAN_POINT('',(-29.78305,58.486,1.82842712474619));
#4461=CARTESIAN_POINT('',(-29.78305,58.486,5.44777287525381));
#4462=CARTESIAN_POINT('',(-29.78305,52.486,1.82842712474619));
#4463=CARTESIAN_POINT('',(-29.78305,52.486,5.44777287525381));
#4464=CARTESIAN_POINT('',(-29.78305,-52.486,-1.));
#4465=CARTESIAN_POINT('',(-29.78305,-52.486,1.82842712474619));
#4466=CARTESIAN_POINT('',(-29.78305,-58.486,1.82842712474619));
#4467=CARTESIAN_POINT('',(-29.78305,-58.486,-1.));
#4468=CARTESIAN_POINT('',(-29.78305,-58.486,5.44777287525381));
#4469=CARTESIAN_POINT('',(-29.78305,-52.486,5.44777287525381));
#4470=CARTESIAN_POINT('',(30.60715,-52.486,-1.));
#4471=CARTESIAN_POINT('',(30.60715,-58.486,-1.));
#4472=CARTESIAN_POINT('',(30.60715,-58.486,1.82842712474619));
#4473=CARTESIAN_POINT('',(30.60715,-58.486,5.44777287525381));
#4474=CARTESIAN_POINT('',(30.60715,-52.486,1.82842712474619));
#4475=CARTESIAN_POINT('',(36.60715,-52.486,1.82842712474619));
#4476=CARTESIAN_POINT('',(36.60715,-52.486,-1.));
#4477=CARTESIAN_POINT('',(36.60715,-52.486,5.44777287525381));
#4478=CARTESIAN_POINT('',(30.60715,-52.486,5.44777287525381));
#4479=CARTESIAN_POINT('',(-35.78305,40.0895,2.));
#4480=CARTESIAN_POINT('',(-34.78305,41.0895,0.999999999999992));
#4481=CARTESIAN_POINT('',(-35.7228952880934,40.7478995982897,1.34160040171031));
#4482=CARTESIAN_POINT('',(-33.78305,40.2610728752538,1.82842712474619));
#4483=CARTESIAN_POINT('',(-35.1972635623731,41.6752864376269,0.414213562373095));
#4484=CARTESIAN_POINT('',(-36.4497166666667,40.4228333333333,1.66666666666666));
#4485=CARTESIAN_POINT('',(-34.78305,42.0895,-4.21699112651652E-15));
#4486=CARTESIAN_POINT('',(36.6071500000002,42.0895000000003,4.33680868994204E-15));
#4487=CARTESIAN_POINT('',(-34.2830500000001,42.0895,0.));
#4488=CARTESIAN_POINT('',(-34.2830500000001,40.0895,2.));
#4489=CARTESIAN_POINT('',(-34.28305,-9.37670000000001,2.));
#4490=CARTESIAN_POINT('',(-33.78305,-9.54827287525382,1.82842712474619));
#4491=CARTESIAN_POINT('',(-35.1972635623731,-10.9624864376269,0.414213562373094));
#4492=CARTESIAN_POINT('',(-35.7228952880934,-10.0350995982897,1.3416004017103));
#4493=CARTESIAN_POINT('',(-34.78305,-10.3767,1.));
#4494=CARTESIAN_POINT('',(-34.28305,-9.37670000000001,2.));
#4495=CARTESIAN_POINT('',(-34.28305,-11.3767,0.));
#4496=CARTESIAN_POINT('',(36.60715,-11.3767,4.33680868994202E-15));
#4497=CARTESIAN_POINT('',(-34.78305,-11.3767,-4.21699112651653E-15));
#4498=CARTESIAN_POINT('',(-35.9497166666667,-10.2100333333333,1.16666666666667));
#4499=CARTESIAN_POINT('',(36.60715,-50.92095,2.));
#4500=CARTESIAN_POINT('',(36.60715,-50.92095,2.));
#4501=CARTESIAN_POINT('',(35.60715,-50.92095,2.));
#4502=CARTESIAN_POINT('',(34.6388438711271,-50.92095,2.));
#4503=CARTESIAN_POINT('',(35.60715,-51.92095,0.999999999999997));
#4504=CARTESIAN_POINT('',(36.5469952880934,-51.5793495982897,1.34160040171031));
#4505=CARTESIAN_POINT('',(34.60715,-51.0925228752538,1.82842712474619));
#4506=CARTESIAN_POINT('',(36.0418003068027,-52.486,0.434950000000024));
#4507=CARTESIAN_POINT('',(36.0418003068027,-52.486,0.434950000000026));
#4508=CARTESIAN_POINT('',(36.0350503248991,-52.4929494241685,0.428000575831523));
#4509=CARTESIAN_POINT('',(36.0282250144196,-52.4998616561863,0.421088343813721));
#4510=CARTESIAN_POINT('',(36.02132385195,-52.5067364376269,0.414213562373096));
#4511=CARTESIAN_POINT('',(36.02132385195,-52.5067364376269,0.414213562373095));
#4512=CARTESIAN_POINT('',(36.0213238519501,-52.506736437627,0.414213562373033));
#4513=CARTESIAN_POINT('',(35.8808059805706,-52.6467171522526,0.274232847747351));
#4514=CARTESIAN_POINT('',(35.7366478444459,-52.7848961571857,0.136053842814263));
#4515=CARTESIAN_POINT('',(35.5881959240505,-52.92095,3.40895500913893E-15));
#4516=CARTESIAN_POINT('',(35.5881959240505,-52.92095,4.21472009531927E-15));
#4517=CARTESIAN_POINT('',(36.60715,-52.92095,4.33680868994202E-15));
#4518=CARTESIAN_POINT('',(34.2830500000093,-52.92095,0.));
#4519=CARTESIAN_POINT('',(34.2830500000091,-50.9209500000001,1.9999999999999));
#4520=CARTESIAN_POINT('',(34.2830499999999,-52.0550452496363,0.865904750363663));
#4521=CARTESIAN_POINT('',(28.3289890243902,-49.56425,3.3567));
#4522=CARTESIAN_POINT('',(34.2830499999999,-20.07225,2.));
#4523=CARTESIAN_POINT('',(34.60715,-19.9006771247462,1.82842712474619));
#4524=CARTESIAN_POINT('',(36.0213635623731,-18.4864635623731,0.414213562373095));
#4525=CARTESIAN_POINT('',(36.5469952880934,-19.4138504017103,1.34160040171031));
#4526=CARTESIAN_POINT('',(35.60715,-19.07225,1.));
#4527=CARTESIAN_POINT('',(35.60715,-20.07225,2.00000000000001));
#4528=CARTESIAN_POINT('',(34.2830499999999,-20.07225,2.00000000000001));
#4529=CARTESIAN_POINT('',(34.2830500000064,-20.07225,2.));
#4530=CARTESIAN_POINT('',(34.2830500000062,-18.07225,0.));
#4531=CARTESIAN_POINT('',(36.60715,-18.07225,4.33680868994202E-15));
#4532=CARTESIAN_POINT('',(35.60715,-18.07225,4.21699112651653E-15));
#4533=CARTESIAN_POINT('',(36.4991166666666,-18.9642166666666,0.89196666666664));
#4534=CARTESIAN_POINT('',(35.60715,79.3865415972303,4.21699112651653E-15));
#4535=CARTESIAN_POINT('',(36.60715,52.486,1.));
#4536=CARTESIAN_POINT('',(36.0213635623731,52.486,0.414213562373095));
#4537=CARTESIAN_POINT('',(35.60715,52.486,4.21699112651653E-15));
#4538=CARTESIAN_POINT('',(36.0213635623731,52.486,0.414213562373095));
#4539=CARTESIAN_POINT('',(35.60715,-18.07225,4.21699112651653E-15));
#4540=CARTESIAN_POINT('',(30.60715,52.486,3.68628738645072E-15));
#4541=CARTESIAN_POINT('',(30.60715,58.486,1.));
#4542=CARTESIAN_POINT('',(30.60715,57.9002135623731,0.414213562373095));
#4543=CARTESIAN_POINT('',(30.60715,57.486,3.61790330938907E-15));
#4544=CARTESIAN_POINT('',(30.60715,52.486,0.414213562373095));
#4545=CARTESIAN_POINT('',(30.60715,52.486,3.61790330938907E-15));
#4546=CARTESIAN_POINT('',(36.60715,57.486,4.33680868994202E-15));
#4547=CARTESIAN_POINT('',(-29.78305,58.486,0.999999999999996));
#4548=CARTESIAN_POINT('',(-29.78305,57.9002135623731,0.414213562373095));
#4549=CARTESIAN_POINT('',(-29.78305,57.486,-3.61790330938907E-15));
#4550=CARTESIAN_POINT('',(-29.78305,57.9002135623731,0.414213562373095));
#4551=CARTESIAN_POINT('',(30.60715,57.486,3.61790330938907E-15));
#4552=CARTESIAN_POINT('',(-29.78305,52.486,-3.68628738645072E-15));
#4553=CARTESIAN_POINT('',(-35.78305,52.486,0.999999999999996));
#4554=CARTESIAN_POINT('',(-35.1972635623731,52.486,0.414213562373093));
#4555=CARTESIAN_POINT('',(-34.78305,52.486,-4.21699112651653E-15));
#4556=CARTESIAN_POINT('',(-29.78305,52.486,0.414213562373095));
#4557=CARTESIAN_POINT('',(-29.78305,52.486,-3.61790330938907E-15));
#4558=CARTESIAN_POINT('',(-35.78305,0.,0.999999999999995));
#4559=CARTESIAN_POINT('',(-35.1972635623731,0.,0.414213562373095));
#4560=CARTESIAN_POINT('',(-34.78305,52.486,-4.21699112651653E-15));
#4561=CARTESIAN_POINT('',(30.60715,-52.486,3.68628738645072E-15));
#4562=CARTESIAN_POINT('',(30.60715,-52.486,0.414213562373095));
#4563=CARTESIAN_POINT('',(30.60715,-57.9002135623731,0.414213562373095));
#4564=CARTESIAN_POINT('',(30.60715,-57.486,3.61790330938907E-15));
#4565=CARTESIAN_POINT('',(30.60715,-57.486,3.61790330938907E-15));
#4566=CARTESIAN_POINT('',(30.60715,-52.486,3.61790330938907E-15));
#4567=CARTESIAN_POINT('',(36.60715,-57.486,4.33680868994202E-15));
#4568=CARTESIAN_POINT('',(30.60715,-57.9002135623731,0.414213562373095));
#4569=CARTESIAN_POINT('',(-29.78305,-57.9002135623731,0.414213562373095));
#4570=CARTESIAN_POINT('',(-29.78305,-57.486,-3.61790330938907E-15));
#4571=CARTESIAN_POINT('',(-29.78305,-57.486,-3.61790330938907E-15));
#4572=CARTESIAN_POINT('',(-29.78305,-57.486,-3.61790330938907E-15));
#4573=CARTESIAN_POINT('',(-29.78305,-52.486,-3.68628738645072E-15));
#4574=CARTESIAN_POINT('',(-29.78305,-52.486,0.414213562373095));
#4575=CARTESIAN_POINT('',(-35.1972635623731,-52.486,0.414213562373095));
#4576=CARTESIAN_POINT('',(-34.78305,-52.486,-4.21699112651653E-15));
#4577=CARTESIAN_POINT('',(-34.78305,-52.486,-4.21699112651653E-15));
#4578=CARTESIAN_POINT('',(-29.78305,-52.486,-3.61790330938907E-15));
#4579=CARTESIAN_POINT('',(-35.78305,0.,0.999999999999996));
#4580=CARTESIAN_POINT('',(-35.1972635623731,0.,0.414213562373095));
#4581=CARTESIAN_POINT('',(-34.78305,-11.3767,-4.21699112651653E-15));
#4582=CARTESIAN_POINT('',(36.60715,0.,-1.));
#4583=CARTESIAN_POINT('',(36.60715,52.486,5.44777287525381));
#4584=CARTESIAN_POINT('',(36.60715,-19.07225,5.44777287525381));
#4585=CARTESIAN_POINT('',(36.60715,-19.07225,2.00000000000001));
#4586=CARTESIAN_POINT('',(36.60715,-19.07225,1.82842712474619));
#4587=CARTESIAN_POINT('',(36.60715,52.486,1.82842712474619));
#4588=CARTESIAN_POINT('',(0.412049999999997,58.486,-1.));
#4589=CARTESIAN_POINT('',(-29.78305,58.486,1.82842712474619));
#4590=CARTESIAN_POINT('',(-29.78305,58.486,5.44777287525381));
#4591=CARTESIAN_POINT('',(36.60715,-50.92095,9.57));
#4592=CARTESIAN_POINT('',(34.2830499999999,-50.92095,9.57));
#4593=CARTESIAN_POINT('',(34.2830499999999,-50.92095,7.1762));
#4594=CARTESIAN_POINT('',(34.2830499999999,-50.92095,6.5526));
#4595=CARTESIAN_POINT('',(34.2481999999999,-50.92095,7.21104999999996));
#4596=CARTESIAN_POINT('',(33.7879932188134,-50.92095,7.6762));
#4597=CARTESIAN_POINT('',(35.3142567811865,-50.92095,6.15487965644036));
#4598=CARTESIAN_POINT('',(35.3142567811865,-50.92095,6.15487965644035));
#4599=CARTESIAN_POINT('',(34.60715,-50.92095,5.44777287525381));
#4600=CARTESIAN_POINT('',(35.60715,-50.92095,5.44777287525381));
#4601=CARTESIAN_POINT('',(35.60715,-50.92095,2.));
#4602=CARTESIAN_POINT('',(28.3289890243902,-50.92095,3.3567));
#4603=CARTESIAN_POINT('',(34.1062325415126,-50.92095,6.23391400329491));
#4604=CARTESIAN_POINT('',(33.6564281658916,-50.92095,6.0099));
#4605=CARTESIAN_POINT('',(33.07455,-50.92095,6.2913));
#4606=CARTESIAN_POINT('',(33.07455,-50.92095,6.5526));
#4607=CARTESIAN_POINT('',(-103.492608307809,-50.92095,6.5526));
#4608=CARTESIAN_POINT('',(34.2830499999999,-20.07225,9.57));
#4609=CARTESIAN_POINT('',(35.60715,-20.07225,5.44777287525381));
#4610=CARTESIAN_POINT('',(35.60715,-20.07225,5.44777287525381));
#4611=CARTESIAN_POINT('',(34.60715,-20.07225,5.44777287525381));
#4612=CARTESIAN_POINT('',(35.3142567811865,-20.07225,6.15487965644036));
#4613=CARTESIAN_POINT('',(34.5000432188134,-20.07225,6.96909321881345));
#4614=CARTESIAN_POINT('',(33.7879932188134,-20.07225,7.6762));
#4615=CARTESIAN_POINT('',(33.0861499999999,-20.07225,8.3731));
#4616=CARTESIAN_POINT('',(34.2830499999999,-20.07225,7.1762));
#4617=CARTESIAN_POINT('',(34.2830499999999,-20.07225,9.57));
#4618=CARTESIAN_POINT('',(34.2830499999999,-20.07225,6.5526));
#4619=CARTESIAN_POINT('',(-103.492608307809,-20.07225,6.5526));
#4620=CARTESIAN_POINT('',(0.,-20.07225,6.5124));
#4621=CARTESIAN_POINT('',(-35.78305,40.0895,9.28));
#4622=CARTESIAN_POINT('',(-33.78305,40.0895,5.44777287525381));
#4623=CARTESIAN_POINT('',(-34.4901567811865,40.0895,6.15487965644036));
#4624=CARTESIAN_POINT('',(-34.78305,40.0895,5.44777287525381));
#4625=CARTESIAN_POINT('',(-34.78305,40.0895,2.));
#4626=CARTESIAN_POINT('',(-5.62357300865417E-14,40.0895,6.5124));
#4627=CARTESIAN_POINT('',(103.492608307808,40.0895000000002,6.5526));
#4628=CARTESIAN_POINT('',(-34.4901567811865,40.0895,6.15487965644035));
#4629=CARTESIAN_POINT('',(-34.28305,-9.37670000000001,9.28));
#4630=CARTESIAN_POINT('',(-34.78305,-9.37670000000001,5.44777287525381));
#4631=CARTESIAN_POINT('',(-34.78305,-9.37670000000001,5.44777287525381));
#4632=CARTESIAN_POINT('',(-33.78305,-9.37670000000001,5.44777287525381));
#4633=CARTESIAN_POINT('',(-34.4901567811865,-9.37670000000001,6.15487965644036));
#4634=CARTESIAN_POINT('',(-33.6759432188134,-9.37670000000001,6.96909321881345));
#4635=CARTESIAN_POINT('',(103.492608307809,-9.37669999999982,6.55260000000001));
#4636=CARTESIAN_POINT('',(0.412049999999997,-58.486,-1.));
#4637=CARTESIAN_POINT('',(30.60715,-58.486,1.82842712474619));
#4638=CARTESIAN_POINT('',(30.60715,-58.486,5.44777287525381));
#4639=CARTESIAN_POINT('',(36.60715,0.,-1.));
#4640=CARTESIAN_POINT('',(36.60715,52.486,1.82842712474619));
#4641=CARTESIAN_POINT('',(36.60715,-51.92095,1.82842712474619));
#4642=CARTESIAN_POINT('',(36.60715,-51.92095,5.44777287525381));
#4643=CARTESIAN_POINT('',(36.60715,-51.92095,5.44777287525381));
#4644=CARTESIAN_POINT('',(36.60715,52.486,5.44777287525381));
#4645=CARTESIAN_POINT('',(34.2830499999999,-50.92095,9.57));
#4646=CARTESIAN_POINT('',(34.2830499999999,-20.07225,6.5526));
#4647=CARTESIAN_POINT('',(34.2830499999999,-50.9829231624367,7.1762));
#4648=CARTESIAN_POINT('',(-35.78305,0.,6.2762));
#4649=CARTESIAN_POINT('',(-34.38305,0.,7.6762));
#4650=CARTESIAN_POINT('',(-34.38305,-52.486,7.6762));
#4651=CARTESIAN_POINT('',(-34.38305,-10.3767,7.6762));
#4652=CARTESIAN_POINT('',(-35.1972635623731,-10.3767,6.8619864376269));
#4653=CARTESIAN_POINT('',(-35.1972635623731,-10.3767,6.8619864376269));
#4654=CARTESIAN_POINT('',(-35.1972635623731,0.,6.8619864376269));
#4655=CARTESIAN_POINT('',(-35.1972635623731,-52.486,6.8619864376269));
#4656=CARTESIAN_POINT('',(-33.78305,-52.486,8.2762));
#4657=CARTESIAN_POINT('',(-35.78305,0.,6.2762));
#4658=CARTESIAN_POINT('',(-35.1972635623731,0.,6.8619864376269));
#4659=CARTESIAN_POINT('',(-35.1972635623731,41.0895,6.8619864376269));
#4660=CARTESIAN_POINT('',(-35.1972635623731,52.486,6.8619864376269));
#4661=CARTESIAN_POINT('',(-34.38305,41.0895,7.6762));
#4662=CARTESIAN_POINT('',(-34.38305,41.0895,7.6762));
#4663=CARTESIAN_POINT('',(-34.38305,0.,7.6762));
#4664=CARTESIAN_POINT('',(-34.38305,52.486,7.6762));
#4665=CARTESIAN_POINT('',(-35.1972635623731,52.486,6.8619864376269));
#4666=CARTESIAN_POINT('',(-29.78305,-52.486,8.2762));
#4667=CARTESIAN_POINT('',(-29.78305,-52.486,6.8619864376269));
#4668=CARTESIAN_POINT('',(-29.78305,-57.9002135623731,6.8619864376269));
#4669=CARTESIAN_POINT('',(-29.78305,-56.486,8.2762));
#4670=CARTESIAN_POINT('',(-29.78305,-57.086,7.6762));
#4671=CARTESIAN_POINT('',(-29.78305,-52.486,7.6762));
#4672=CARTESIAN_POINT('',(0.412049999999997,-58.486,6.2762));
#4673=CARTESIAN_POINT('',(30.60715,-57.9002135623731,6.8619864376269));
#4674=CARTESIAN_POINT('',(30.60715,-57.9002135623731,6.8619864376269));
#4675=CARTESIAN_POINT('',(30.60715,-56.486,8.2762));
#4676=CARTESIAN_POINT('',(30.60715,-57.086,7.6762));
#4677=CARTESIAN_POINT('',(0.412049999999997,-57.086,7.6762));
#4678=CARTESIAN_POINT('',(30.60715,-52.486,8.2762));
#4679=CARTESIAN_POINT('',(30.60715,-52.486,6.8619864376269));
#4680=CARTESIAN_POINT('',(36.0213635623731,-52.486,6.8619864376269));
#4681=CARTESIAN_POINT('',(34.60715,-52.486,8.2762));
#4682=CARTESIAN_POINT('',(35.20715,-52.486,7.6762));
#4683=CARTESIAN_POINT('',(30.60715,-52.486,7.6762));
#4684=CARTESIAN_POINT('',(36.60715,0.,6.2762));
#4685=CARTESIAN_POINT('',(36.0213635623731,52.486,6.8619864376269));
#4686=CARTESIAN_POINT('',(36.0213635623731,-51.92095,6.8619864376269));
#4687=CARTESIAN_POINT('',(35.20715,-51.92095,7.6762));
#4688=CARTESIAN_POINT('',(35.20715,-51.92095,7.6762));
#4689=CARTESIAN_POINT('',(35.20715,0.,7.6762));
#4690=CARTESIAN_POINT('',(-34.28305,-52.9635,2.));
#4691=CARTESIAN_POINT('',(-34.28305,-52.9635,2.));
#4692=CARTESIAN_POINT('',(-34.28305,-52.9635,0.));
#4693=CARTESIAN_POINT('',(-34.28305,-52.9635,0.));
#4694=CARTESIAN_POINT('',(36.60715,79.3865415972303,4.33680868994202E-15));
#4695=CARTESIAN_POINT('',(34.2830499999999,52.9634999999999,0.));
#4696=CARTESIAN_POINT('',(34.2830499999999,52.9635,0.));
#4697=CARTESIAN_POINT('',(30.26055,52.9635,0.));
#4698=CARTESIAN_POINT('',(33.1099879058285,55.8027269847313,0.));
#4699=CARTESIAN_POINT('',(30.256414302353,56.986,0.));
#4700=CARTESIAN_POINT('',(30.3119364757546,56.9851304026468,0.));
#4701=CARTESIAN_POINT('',(30.3623501820864,56.9842091303568,0.));
#4702=CARTESIAN_POINT('',(30.4550304095914,56.9797338232362,0.));
#4703=CARTESIAN_POINT('',(30.5044036827592,56.9757839672179,0.));
#4704=CARTESIAN_POINT('',(30.6079678142331,56.9651949004114,0.));
#4705=CARTESIAN_POINT('',(30.6600995157793,56.9587326917867,0.));
#4706=CARTESIAN_POINT('',(30.764855495291,56.9434074652583,0.));
#4707=CARTESIAN_POINT('',(30.8179534238557,56.9344289994306,0.));
#4708=CARTESIAN_POINT('',(30.9253680451652,56.9140237921789,0.));
#4709=CARTESIAN_POINT('',(30.9794870382056,56.9025984105346,0.));
#4710=CARTESIAN_POINT('',(31.0883312623094,56.8774115760321,0.));
#4711=CARTESIAN_POINT('',(31.1430444320945,56.8636231786574,0.));
#4712=CARTESIAN_POINT('',(31.2528302958157,56.8337822929313,0.));
#4713=CARTESIAN_POINT('',(31.3078478562217,56.817722093959,0.));
#4714=CARTESIAN_POINT('',(31.4179076286135,56.7834371146136,0.));
#4715=CARTESIAN_POINT('',(31.4729120012252,56.7652080310498,0.));
#4716=CARTESIAN_POINT('',(31.5826423225191,56.7266877340267,0.));
#4717=CARTESIAN_POINT('',(31.6373297085743,56.7064004742865,0.));
#4718=CARTESIAN_POINT('',(31.7461179160467,56.6638762218024,0.));
#4719=CARTESIAN_POINT('',(31.8001887973247,56.6416478310393,0.));
#4720=CARTESIAN_POINT('',(31.9074540903479,56.5953579318907,0.));
#4721=CARTESIAN_POINT('',(31.9606042093862,56.5713190002619,0.));
#4722=CARTESIAN_POINT('',(32.06569363589,56.5215433475965,0.));
#4723=CARTESIAN_POINT('',(32.117654951283,56.4958066613868,0.));
#4724=CARTESIAN_POINT('',(32.2606830256248,56.4217853021328,0.));
#4725=CARTESIAN_POINT('',(32.3502152476127,56.3717928226023,0.));
#4726=CARTESIAN_POINT('',(32.5223496293707,56.2675850613891,0.));
#4727=CARTESIAN_POINT('',(32.6056711606156,56.21313087525,0.));
#4728=CARTESIAN_POINT('',(32.7659924721743,56.100378514447,0.));
#4729=CARTESIAN_POINT('',(32.8398464006804,56.0444862912248,0.));
#4730=CARTESIAN_POINT('',(32.970520260076,55.9339559728884,0.));
#4731=CARTESIAN_POINT('',(33.0372583381775,55.8714372939335,0.));
#4732=CARTESIAN_POINT('',(33.1099879058285,55.8027269847313,0.));
#4733=CARTESIAN_POINT('',(30.256414302353,56.986,0.));
#4734=CARTESIAN_POINT('',(-30.2564143023697,56.986,0.));
#4735=CARTESIAN_POINT('',(-30.2564143023697,56.986,0.));
#4736=CARTESIAN_POINT('',(-33.1099877939948,55.8027270969672,0.));
#4737=CARTESIAN_POINT('',(-33.0372582677213,55.8714373599352,0.));
#4738=CARTESIAN_POINT('',(-32.9705202267331,55.9339560010915,0.));
#4739=CARTESIAN_POINT('',(-32.8398464006803,56.0444862912249,0.));
#4740=CARTESIAN_POINT('',(-32.7659924721742,56.1003785144471,0.));
#4741=CARTESIAN_POINT('',(-32.6056711606156,56.21313087525,0.));
#4742=CARTESIAN_POINT('',(-32.5223496293707,56.267585061389,0.));
#4743=CARTESIAN_POINT('',(-32.3502152476126,56.3717928226023,0.));
#4744=CARTESIAN_POINT('',(-32.2606830256247,56.4217853021329,0.));
#4745=CARTESIAN_POINT('',(-32.1176549512831,56.4958066613867,0.));
#4746=CARTESIAN_POINT('',(-32.06569363589,56.5215433475965,0.));
#4747=CARTESIAN_POINT('',(-31.9606042093862,56.5713190002618,0.));
#4748=CARTESIAN_POINT('',(-31.9074540903478,56.5953579318907,0.));
#4749=CARTESIAN_POINT('',(-31.8001887973248,56.6416478310394,0.));
#4750=CARTESIAN_POINT('',(-31.7461179160467,56.6638762218024,0.));
#4751=CARTESIAN_POINT('',(-31.6373297085743,56.7064004742866,0.));
#4752=CARTESIAN_POINT('',(-31.582642322519,56.7266877340268,0.));
#4753=CARTESIAN_POINT('',(-31.4729120012252,56.7652080310499,0.));
#4754=CARTESIAN_POINT('',(-31.4179076286136,56.7834371146136,0.));
#4755=CARTESIAN_POINT('',(-31.3078478562218,56.817722093959,0.));
#4756=CARTESIAN_POINT('',(-31.2528302958157,56.8337822929313,0.));
#4757=CARTESIAN_POINT('',(-31.1430444320945,56.8636231786574,0.));
#4758=CARTESIAN_POINT('',(-31.0883312623094,56.8774115760321,0.));
#4759=CARTESIAN_POINT('',(-30.9794870382057,56.9025984105346,0.));
#4760=CARTESIAN_POINT('',(-30.9253680451652,56.9140237921789,0.));
#4761=CARTESIAN_POINT('',(-30.8179534238557,56.9344289994306,0.));
#4762=CARTESIAN_POINT('',(-30.764855495291,56.9434074652583,0.));
#4763=CARTESIAN_POINT('',(-30.6600995157793,56.9587326917867,0.));
#4764=CARTESIAN_POINT('',(-30.6079678142331,56.9651949004114,0.));
#4765=CARTESIAN_POINT('',(-30.5044036827593,56.9757839672179,0.));
#4766=CARTESIAN_POINT('',(-30.4550304095915,56.9797338232362,0.));
#4767=CARTESIAN_POINT('',(-30.3623501820909,56.9842091303566,0.));
#4768=CARTESIAN_POINT('',(-30.3119364757647,56.9851304026466,0.));
#4769=CARTESIAN_POINT('',(-30.2564143023697,56.986,0.));
#4770=CARTESIAN_POINT('',(-33.1099877939948,55.8027270969672,0.));
#4771=CARTESIAN_POINT('',(-30.26055,52.9635,0.));
#4772=CARTESIAN_POINT('',(-34.2830499999999,52.9635,-3.95141310083264E-15));
#4773=CARTESIAN_POINT('',(-34.28305,-52.9635,0.));
#4774=CARTESIAN_POINT('',(36.60715,79.3865415972303,4.33680868994202E-15));
#4775=CARTESIAN_POINT('',(-30.26055,-52.9635,0.));
#4776=CARTESIAN_POINT('',(-33.1099879850441,-55.802726905231,0.));
#4777=CARTESIAN_POINT('',(-30.2564143023523,-56.986,0.));
#4778=CARTESIAN_POINT('',(-30.3119364757542,-56.9851304026468,0.));
#4779=CARTESIAN_POINT('',(-30.3623501820862,-56.9842091303568,0.));
#4780=CARTESIAN_POINT('',(-30.4550304095915,-56.9797338232362,0.));
#4781=CARTESIAN_POINT('',(-30.5044036827593,-56.9757839672179,0.));
#4782=CARTESIAN_POINT('',(-30.6079678142331,-56.9651949004114,0.));
#4783=CARTESIAN_POINT('',(-30.6600995157793,-56.9587326917867,0.));
#4784=CARTESIAN_POINT('',(-30.764855495291,-56.9434074652583,0.));
#4785=CARTESIAN_POINT('',(-30.8179534238557,-56.9344289994306,0.));
#4786=CARTESIAN_POINT('',(-30.9253680451651,-56.9140237921789,0.));
#4787=CARTESIAN_POINT('',(-30.9794870382056,-56.9025984105346,0.));
#4788=CARTESIAN_POINT('',(-31.0883312623094,-56.8774115760321,0.));
#4789=CARTESIAN_POINT('',(-31.1430444320945,-56.8636231786574,0.));
#4790=CARTESIAN_POINT('',(-31.2528302958156,-56.8337822929313,0.));
#4791=CARTESIAN_POINT('',(-31.3078478562217,-56.817722093959,0.));
#4792=CARTESIAN_POINT('',(-31.4179076286136,-56.7834371146136,0.));
#4793=CARTESIAN_POINT('',(-31.4729120012252,-56.7652080310499,0.));
#4794=CARTESIAN_POINT('',(-31.582642322519,-56.7266877340268,0.));
#4795=CARTESIAN_POINT('',(-31.6373297085743,-56.7064004742866,0.));
#4796=CARTESIAN_POINT('',(-31.7461179160466,-56.6638762218025,0.));
#4797=CARTESIAN_POINT('',(-31.8001887973247,-56.6416478310393,0.));
#4798=CARTESIAN_POINT('',(-31.9074540903479,-56.5953579318907,0.));
#4799=CARTESIAN_POINT('',(-31.9606042093863,-56.5713190002618,0.));
#4800=CARTESIAN_POINT('',(-32.0656936358899,-56.5215433475965,0.));
#4801=CARTESIAN_POINT('',(-32.117654951283,-56.4958066613868,0.));
#4802=CARTESIAN_POINT('',(-32.2606830256248,-56.4217853021328,0.));
#4803=CARTESIAN_POINT('',(-32.3502152476127,-56.3717928226023,0.));
#4804=CARTESIAN_POINT('',(-32.5223496293706,-56.2675850613891,0.));
#4805=CARTESIAN_POINT('',(-32.6056711606155,-56.21313087525,0.));
#4806=CARTESIAN_POINT('',(-32.7659924721743,-56.100378514447,0.));
#4807=CARTESIAN_POINT('',(-32.8398464006804,-56.0444862912248,0.));
#4808=CARTESIAN_POINT('',(-32.9705202922245,-55.9339559454517,0.));
#4809=CARTESIAN_POINT('',(-33.037258396294,-55.871437239303,0.));
#4810=CARTESIAN_POINT('',(-33.1099879850441,-55.802726905231,0.));
#4811=CARTESIAN_POINT('',(-30.2564143023523,-56.986,0.));
#4812=CARTESIAN_POINT('',(30.2530827273905,-56.986,0.));
#4813=CARTESIAN_POINT('',(30.2530827273905,-56.986,0.));
#4814=CARTESIAN_POINT('',(33.1077142191012,-55.8050070225973,0.));
#4815=CARTESIAN_POINT('',(33.0682358651001,-55.8432707778127,0.));
#4816=CARTESIAN_POINT('',(33.0323086053745,-55.8779100975474,0.));
#4817=CARTESIAN_POINT('',(32.9642713911493,-55.9397044134714,0.));
#4818=CARTESIAN_POINT('',(32.9268772617294,-55.9715796747014,0.));
#4819=CARTESIAN_POINT('',(32.8467530425669,-56.0368994429143,0.));
#4820=CARTESIAN_POINT('',(32.8056012549678,-56.0690116042079,0.));
#4821=CARTESIAN_POINT('',(32.7212196051703,-56.1319468225508,0.));
#4822=CARTESIAN_POINT('',(32.6775742724491,-56.1630202190032,0.));
#4823=CARTESIAN_POINT('',(32.5876593772923,-56.2243499496775,0.));
#4824=CARTESIAN_POINT('',(32.5415304280129,-56.2544651307283,0.));
#4825=CARTESIAN_POINT('',(32.4471598528661,-56.3135178044717,0.));
#4826=CARTESIAN_POINT('',(32.3989075308971,-56.3424257948553,0.));
#4827=CARTESIAN_POINT('',(32.3005143847011,-56.398934294957,0.));
#4828=CARTESIAN_POINT('',(32.2504067443794,-56.4264886113202,0.));
#4829=CARTESIAN_POINT('',(32.1486085534801,-56.4801172964883,0.));
#4830=CARTESIAN_POINT('',(32.0969412698863,-56.5061602608709,0.));
#4831=CARTESIAN_POINT('',(31.9923087017177,-56.5566185636191,0.));
#4832=CARTESIAN_POINT('',(31.9393729563642,-56.5810079016939,0.));
#4833=CARTESIAN_POINT('',(31.8324987646799,-56.6280148440303,0.));
#4834=CARTESIAN_POINT('',(31.778587017378,-56.6506158771486,0.));
#4835=CARTESIAN_POINT('',(31.6700460678831,-56.6939180741964,0.));
#4836=CARTESIAN_POINT('',(31.6154634507913,-56.7146024301987,0.));
#4837=CARTESIAN_POINT('',(31.5059103928087,-56.7539250332172,0.));
#4838=CARTESIAN_POINT('',(31.4509239507559,-56.772577424776,0.));
#4839=CARTESIAN_POINT('',(31.2972055890332,-56.8216992359201,0.));
#4840=CARTESIAN_POINT('',(31.1983438422475,-56.849860296444,0.));
#4841=CARTESIAN_POINT('',(31.0023716224206,-56.8982845240427,0.));
#4842=CARTESIAN_POINT('',(30.904577119935,-56.918879672606,0.));
#4843=CARTESIAN_POINT('',(30.7105539490052,-56.9528465114897,0.));
#4844=CARTESIAN_POINT('',(30.6182445245934,-56.9656827399194,0.));
#4845=CARTESIAN_POINT('',(30.4463128684183,-56.9801094677289,0.));
#4846=CARTESIAN_POINT('',(30.3540389714077,-56.9831253543109,0.));
#4847=CARTESIAN_POINT('',(30.2530827273905,-56.986,0.));
#4848=CARTESIAN_POINT('',(33.1077142191012,-55.8050070225973,0.));
#4849=CARTESIAN_POINT('',(30.26055,-52.9635,0.));
#4850=CARTESIAN_POINT('',(34.2830500000093,-52.9634999999996,0.));
#4851=CARTESIAN_POINT('',(34.2830499999999,52.9634999999999,0.));
#4852=CARTESIAN_POINT('',(34.2830499999999,52.9634999999999,2.));
#4853=CARTESIAN_POINT('',(34.2830499999999,52.9635,2.));
#4854=CARTESIAN_POINT('',(-30.05955,-53.4651483586015,6.5526));
#4855=CARTESIAN_POINT('',(33.07455,53.6268,6.5526));
#4856=CARTESIAN_POINT('',(33.07455,-53.4651483586015,6.5526));
#4857=CARTESIAN_POINT('',(30.05955,-53.4651483586015,6.5526));
#4858=CARTESIAN_POINT('',(30.0595499681198,-56.4801483586015,6.5526));
#4859=CARTESIAN_POINT('',(30.0595499681198,-56.4801483586016,6.5526));
#4860=CARTESIAN_POINT('',(25.395052677729,-56.4801483092798,6.5526));
#4861=CARTESIAN_POINT('',(25.3950526986637,-54.5002983092797,6.5526));
#4862=CARTESIAN_POINT('',(23.4158513493318,-54.5509741546399,6.5526));
#4863=CARTESIAN_POINT('',(21.43665,-54.60165,6.5526));
#4864=CARTESIAN_POINT('',(21.43665,-52.6218,6.5526));
#4865=CARTESIAN_POINT('',(21.43665,-52.6218,6.5526));
#4866=CARTESIAN_POINT('',(-21.43665,-52.6218,6.5526));
#4867=CARTESIAN_POINT('',(-21.43665,-54.60165,6.5526));
#4868=CARTESIAN_POINT('',(-23.4158513493318,-54.5509741546399,6.5526));
#4869=CARTESIAN_POINT('',(-25.3950526986637,-54.5002983092797,6.5526));
#4870=CARTESIAN_POINT('',(-25.395052677729,-56.4801483092797,6.5526));
#4871=CARTESIAN_POINT('',(-25.395052677729,-56.4801483092798,6.5526));
#4872=CARTESIAN_POINT('',(-30.0595499681198,-56.4801483586016,6.5526));
#4873=CARTESIAN_POINT('',(-30.05955,-53.4651483586015,6.5526));
#4874=CARTESIAN_POINT('',(-30.05955,53.6268,6.5526));
#4875=CARTESIAN_POINT('',(-30.05955,56.6418,6.5526));
#4876=CARTESIAN_POINT('',(-30.05955,56.6418,6.5526));
#4877=CARTESIAN_POINT('',(30.05955,56.6418,6.5526));
#4878=CARTESIAN_POINT('',(30.05955,53.6268,6.5526));
#4879=CARTESIAN_POINT('',(-25.395052677729,-56.4801483092798,6.2913));
#4880=CARTESIAN_POINT('',(-30.0595499681198,-56.4801483586016,6.2913));
#4881=CARTESIAN_POINT('',(-25.395052677729,-56.4801483092797,6.2913));
#4882=CARTESIAN_POINT('',(-25.3950526986637,-54.5002983092797,6.2913));
#4883=CARTESIAN_POINT('',(-23.4158513493318,-54.5509741546399,6.2913));
#4884=CARTESIAN_POINT('',(-21.43665,-54.60165,6.2913));
#4885=CARTESIAN_POINT('',(-21.43665,-52.6218,6.2913));
#4886=CARTESIAN_POINT('',(21.43665,-52.6218,6.2913));
#4887=CARTESIAN_POINT('',(21.43665,-52.6218,6.2913));
#4888=CARTESIAN_POINT('',(21.43665,-54.60165,6.2913));
#4889=CARTESIAN_POINT('',(23.4158513493318,-54.5509741546399,6.2913));
#4890=CARTESIAN_POINT('',(25.3950526986637,-54.5002983092797,6.2913));
#4891=CARTESIAN_POINT('',(25.395052677729,-56.4801483092798,6.2913));
#4892=CARTESIAN_POINT('',(30.0595499681198,-56.4801483586016,6.2913));
#4893=CARTESIAN_POINT('',(30.0595499681198,-56.4801483586015,6.2913));
#4894=CARTESIAN_POINT('',(30.05955,-53.4651483586015,6.2913));
#4895=CARTESIAN_POINT('',(33.07455,-53.4651483586015,6.2913));
#4896=CARTESIAN_POINT('',(33.07455,53.6268,6.2913));
#4897=CARTESIAN_POINT('',(30.05955,53.6268,6.2913));
#4898=CARTESIAN_POINT('',(30.05955,53.6268,6.5124));
#4899=CARTESIAN_POINT('',(30.05955,56.6418,6.5124));
#4900=CARTESIAN_POINT('',(30.05955,56.6418,6.2913));
#4901=CARTESIAN_POINT('',(-30.05955,56.6418,6.2913));
#4902=CARTESIAN_POINT('',(30.05955,56.6418,6.5124));
#4903=CARTESIAN_POINT('',(-30.05955,56.6418,6.5124));
#4904=CARTESIAN_POINT('',(-30.05955,56.6418,6.2913));
#4905=CARTESIAN_POINT('',(-30.05955,53.6268,6.2913));
#4906=CARTESIAN_POINT('',(-30.05955,53.6268,6.5124));
#4907=CARTESIAN_POINT('',(-30.05955,-53.4651483586015,6.2913));
#4908=CARTESIAN_POINT('',(-1.77884999999999,-55.3755,7.0752));
#4909=CARTESIAN_POINT('',(21.43665,-55.3755,7.0752));
#4910=CARTESIAN_POINT('',(21.43665,-55.3755,7.2762));
#4911=CARTESIAN_POINT('',(21.43665,-55.5741985108069,7.10552988300559));
#4912=CARTESIAN_POINT('',(-1.77884999999999,-55.5741985108069,7.10552988300558));
#4913=CARTESIAN_POINT('',(-21.43665,-55.5741985108069,7.10552988300559));
#4914=CARTESIAN_POINT('',(-21.43665,-55.3755,7.0752));
#4915=CARTESIAN_POINT('',(-21.43665,-55.3755,7.2762));
#4916=CARTESIAN_POINT('',(-1.77884999999999,-55.3755,7.2762));
#4917=CARTESIAN_POINT('',(-21.43665,-54.60165,7.0752));
#4918=CARTESIAN_POINT('',(-21.43665,-54.60165,7.10552988300558));
#4919=CARTESIAN_POINT('',(-21.43665,-53.6291014891931,7.10552988300558));
#4920=CARTESIAN_POINT('',(-21.43665,-53.8278,7.0752));
#4921=CARTESIAN_POINT('',(-21.43665,-53.8278,7.2762));
#4922=CARTESIAN_POINT('',(-21.43665,-54.60165,7.2762));
#4923=CARTESIAN_POINT('',(-21.43665,-53.8278,7.0752));
#4924=CARTESIAN_POINT('',(-21.43665,-53.6291014891931,7.10552988300558));
#4925=CARTESIAN_POINT('',(21.43665,-53.6291014891931,7.10552988300558));
#4926=CARTESIAN_POINT('',(21.43665,-53.8278,7.0752));
#4927=CARTESIAN_POINT('',(21.43665,-53.8278,7.2762));
#4928=CARTESIAN_POINT('',(-21.43665,-53.8278,7.2762));
#4929=CARTESIAN_POINT('',(35.40615,11.80875,3.3567));
#4930=CARTESIAN_POINT('',(35.40615,11.80875,3.3567));
#4931=CARTESIAN_POINT('',(35.40615,11.80875,4.31145));
#4932=CARTESIAN_POINT('',(35.40615,11.80875,2.40195));
#4933=CARTESIAN_POINT('',(35.40615,11.80875,2.60295));
#4934=CARTESIAN_POINT('',(35.60715,11.80875,2.60295));
#4935=CARTESIAN_POINT('',(35.60715,11.80875,3.3567));
#4936=CARTESIAN_POINT('',(35.60715,11.80875,4.11045));
#4937=CARTESIAN_POINT('',(35.40615,11.80875,4.11045));
#4938=CARTESIAN_POINT('',(35.40615,11.80875,2.60295));
#4939=CARTESIAN_POINT('',(35.40615,-6.42195000000001,2.60295));
#4940=CARTESIAN_POINT('',(35.60715,-6.42195000000001,2.60295));
#4941=CARTESIAN_POINT('',(35.40615,-6.42195000000001,2.40195));
#4942=CARTESIAN_POINT('',(35.60715,-6.42195000000001,2.60295));
#4943=CARTESIAN_POINT('',(35.40615,11.80875,2.40195));
#4944=CARTESIAN_POINT('',(35.40615,-6.42195000000001,4.11045));
#4945=CARTESIAN_POINT('',(35.40615,-6.42195000000001,4.11045));
#4946=CARTESIAN_POINT('',(35.40615,-6.42195000000001,4.31145));
#4947=CARTESIAN_POINT('',(35.60715,-6.42195000000001,4.11045));
#4948=CARTESIAN_POINT('',(35.40615,-6.42195000000001,4.31145));
#4949=CARTESIAN_POINT('',(35.60715,-6.42195000000001,4.11045));
#4950=CARTESIAN_POINT('',(35.40615,-6.42195000000001,3.3567));
#4951=CARTESIAN_POINT('',(35.60715,-6.42195000000001,3.3567));
#4952=CARTESIAN_POINT('',(35.40615,-6.42195000000001,3.3567));
#4953=CARTESIAN_POINT('',(35.40615,37.1347499999999,2.60295));
#4954=CARTESIAN_POINT('',(35.40615,37.1347499999999,2.60295));
#4955=CARTESIAN_POINT('',(35.40615,37.1347499999999,2.40195));
#4956=CARTESIAN_POINT('',(35.60715,37.1347499999999,2.60295));
#4957=CARTESIAN_POINT('',(35.40615,37.1347499999999,2.40195));
#4958=CARTESIAN_POINT('',(35.40615,29.39625,2.40195));
#4959=CARTESIAN_POINT('',(35.40615,29.39625,2.60295));
#4960=CARTESIAN_POINT('',(35.60715,29.39625,2.60295));
#4961=CARTESIAN_POINT('',(35.60715,29.39625,2.60295));
#4962=CARTESIAN_POINT('',(35.40615,29.39625,3.3567));
#4963=CARTESIAN_POINT('',(35.60715,29.39625,3.3567));
#4964=CARTESIAN_POINT('',(35.60715,29.39625,4.11045));
#4965=CARTESIAN_POINT('',(35.40615,29.39625,3.3567));
#4966=CARTESIAN_POINT('',(35.40615,29.39625,4.31145));
#4967=CARTESIAN_POINT('',(35.40615,29.39625,4.11045));
#4968=CARTESIAN_POINT('',(35.40615,37.1347499999999,3.3567));
#4969=CARTESIAN_POINT('',(35.40615,37.1347499999999,3.3567));
#4970=CARTESIAN_POINT('',(35.40615,37.1347499999999,4.31145));
#4971=CARTESIAN_POINT('',(35.60715,37.1347499999999,3.3567));
#4972=CARTESIAN_POINT('',(35.60715,37.1347499999999,4.11045));
#4973=CARTESIAN_POINT('',(35.40615,37.1347499999999,4.11045));
#4974=CARTESIAN_POINT('',(35.40615,29.39625,4.11045));
#4975=CARTESIAN_POINT('',(35.40615,29.39625,4.31145));
#4976=CARTESIAN_POINT('',(35.60715,29.39625,4.11045));
#4977=CARTESIAN_POINT('',(35.60715,-6.42195000000001,3.3567));
#4978=CARTESIAN_POINT('',(35.60715,29.39625,3.3567));
#4979=CARTESIAN_POINT('',(33.77805,37.1347499999999,2.40195));
#4980=CARTESIAN_POINT('',(33.77805,37.1347499999999,2.40195));
#4981=CARTESIAN_POINT('',(35.3401788916761,37.1347499999999,2.40195));
#4982=CARTESIAN_POINT('',(35.3401788916761,29.39625,2.40195));
#4983=CARTESIAN_POINT('',(35.3401788916761,29.39625,2.40195));
#4984=CARTESIAN_POINT('',(33.77805,29.39625,2.40195));
#4985=CARTESIAN_POINT('',(33.77805,29.39625,4.31145));
#4986=CARTESIAN_POINT('',(33.77805,29.39625,4.31145));
#4987=CARTESIAN_POINT('',(35.3401788916761,29.39625,4.31145));
#4988=CARTESIAN_POINT('',(35.3401788916761,37.1347499999999,4.31145));
#4989=CARTESIAN_POINT('',(35.3401788916761,37.1347499999999,4.31145));
#4990=CARTESIAN_POINT('',(33.77805,37.1347499999999,4.31145));
#4991=CARTESIAN_POINT('',(33.77805,29.39625,3.3567));
#4992=CARTESIAN_POINT('',(35.3401788916761,29.39625,2.40195));
#4993=CARTESIAN_POINT('',(35.3401788916761,29.3096592013165,2.40195));
#4994=CARTESIAN_POINT('',(35.3432395857054,29.1039482786181,2.42272326327666));
#4995=CARTESIAN_POINT('',(35.3610285114794,28.7175226862227,2.62997249285128));
#4996=CARTESIAN_POINT('',(35.3799679140577,28.4666158837391,3.03622124836636));
#4997=CARTESIAN_POINT('',(35.3845810735363,28.42907567127,3.35573657214663));
#4998=CARTESIAN_POINT('',(35.3800076298851,28.4660834082606,3.67627311415617));
#4999=CARTESIAN_POINT('',(35.3610175034315,28.7176696810442,4.08367577429478));
#5000=CARTESIAN_POINT('',(35.3432426407691,29.1039129627505,4.2906084042527));
#5001=CARTESIAN_POINT('',(35.3401788916761,29.3096615928222,4.31145));
#5002=CARTESIAN_POINT('',(35.3401788916761,29.39625,4.31145));
#5003=CARTESIAN_POINT('',(33.77805,37.1347499999999,3.3567));
#5004=CARTESIAN_POINT('',(35.3401788916761,37.1347499999999,4.31145000000001));
#5005=CARTESIAN_POINT('',(35.3401788916761,37.2213407986717,4.31145000000001));
#5006=CARTESIAN_POINT('',(35.3432395857054,37.4270517213571,4.29067673673155));
#5007=CARTESIAN_POINT('',(35.3610285114794,37.8134773137811,4.08342750715386));
#5008=CARTESIAN_POINT('',(35.3799679140577,38.0643841162701,3.67717875160488));
#5009=CARTESIAN_POINT('',(35.3845810735363,38.1019243287271,3.35766342786038));
#5010=CARTESIAN_POINT('',(35.3800076298851,38.0649165917409,3.03712688584457));
#5011=CARTESIAN_POINT('',(35.3610175034315,37.8133303189559,2.62972422570528));
#5012=CARTESIAN_POINT('',(35.3432426407691,37.4270870372471,2.42279159574635));
#5013=CARTESIAN_POINT('',(35.3401788916761,37.2213384071766,2.40195));
#5014=CARTESIAN_POINT('',(35.3401788916761,37.1347499999999,2.40195));
#5015=CARTESIAN_POINT('',(33.77805,11.80875,2.40195));
#5016=CARTESIAN_POINT('',(33.77805,11.80875,2.40195));
#5017=CARTESIAN_POINT('',(35.3401788916761,11.80875,2.40195));
#5018=CARTESIAN_POINT('',(35.3401788916761,-6.42195000000001,2.40195));
#5019=CARTESIAN_POINT('',(35.3401788916761,-6.42195000000001,2.40195));
#5020=CARTESIAN_POINT('',(33.77805,-6.42195000000001,2.40195));
#5021=CARTESIAN_POINT('',(33.77805,-6.42195000000001,4.31145));
#5022=CARTESIAN_POINT('',(33.77805,-6.42195000000001,4.31145));
#5023=CARTESIAN_POINT('',(35.3401788916761,-6.42195000000001,4.31145));
#5024=CARTESIAN_POINT('',(35.3401788916761,11.80875,4.31145));
#5025=CARTESIAN_POINT('',(35.3401788916761,11.80875,4.31145));
#5026=CARTESIAN_POINT('',(33.77805,11.80875,4.31145));
#5027=CARTESIAN_POINT('',(33.77805,11.80875,3.3567));
#5028=CARTESIAN_POINT('',(35.3401788916761,11.80875,4.31145));
#5029=CARTESIAN_POINT('',(35.3401788916761,11.8953407986835,4.31145));
#5030=CARTESIAN_POINT('',(35.3432395857062,12.1010517213877,4.29067673670346));
#5031=CARTESIAN_POINT('',(35.3610285114766,12.487477313757,4.0834275072183));
#5032=CARTESIAN_POINT('',(35.379967914068,12.7383841163359,3.67717875137518));
#5033=CARTESIAN_POINT('',(35.3845810735363,12.775924328746,3.35766342802648));
#5034=CARTESIAN_POINT('',(35.3800076298748,12.7389165915998,3.03712688540982));
#5035=CARTESIAN_POINT('',(35.3610175034343,12.4873303189517,2.62972422580502));
#5036=CARTESIAN_POINT('',(35.3432426407683,12.1010870374053,2.42279159578212));
#5037=CARTESIAN_POINT('',(35.3401788916761,11.8953384072548,2.40195));
#5038=CARTESIAN_POINT('',(35.3401788916761,11.80875,2.40195));
#5039=CARTESIAN_POINT('',(33.77805,-6.42195000000001,3.3567));
#5040=CARTESIAN_POINT('',(35.3401788916761,-6.42195000000001,2.40195));
#5041=CARTESIAN_POINT('',(35.3401788916761,-6.50854079867652,2.40195));
#5042=CARTESIAN_POINT('',(35.3432395857058,-6.71425172136998,2.42272326328225));
#5043=CARTESIAN_POINT('',(35.361028511478,-7.10067731377004,2.62997249281165));
#5044=CARTESIAN_POINT('',(35.3799679140628,-7.35158411630178,3.03622124851932));
#5045=CARTESIAN_POINT('',(35.3845810735363,-7.38912432874443,3.3557365720308));
#5046=CARTESIAN_POINT('',(35.3800076298799,-7.35211659164055,3.67627311446657));
#5047=CARTESIAN_POINT('',(35.3610175034329,-7.10053031894132,4.08367577422804));
#5048=CARTESIAN_POINT('',(35.3432426407687,-6.71428703740619,4.29060840420929));
#5049=CARTESIAN_POINT('',(35.3401788916761,-6.50853840725382,4.31145));
#5050=CARTESIAN_POINT('',(35.3401788916761,-6.42195000000001,4.31145));
#5051=CARTESIAN_POINT('',(31.9439220337538,-56.5764648750274,0.526772189516376));
#5052=CARTESIAN_POINT('',(31.9007353911391,-56.5130633366654,0.32258560294578));
#5053=CARTESIAN_POINT('',(31.7872713475091,-56.3464888015917,0.239183934074706));
#5054=CARTESIAN_POINT('',(31.7160652845878,-56.7389510025429,0.542784959951713));
#5055=CARTESIAN_POINT('',(31.676766006266,-56.6784393266751,0.329511391621628));
#5056=CARTESIAN_POINT('',(31.5687245036081,-56.5013883010281,0.241247567443358));
#5057=CARTESIAN_POINT('',(31.2281655905132,-57.0342400072041,0.579578320892609));
#5058=CARTESIAN_POINT('',(31.1959457765556,-56.9824890849358,0.345861412144486));
#5059=CARTESIAN_POINT('',(31.105008143514,-56.782383373423,0.246070500985313));
#5060=CARTESIAN_POINT('',(30.6348954788617,-57.2439457509817,0.615449197388032));
#5061=CARTESIAN_POINT('',(30.6245523407258,-57.1989297586924,0.362521525623052));
#5062=CARTESIAN_POINT('',(30.5713870850981,-56.9675412804172,0.250905137562552));
#5063=CARTESIAN_POINT('',(30.26055,-57.2439457686005,0.61544929638189));
#5064=CARTESIAN_POINT('',(30.26055,-57.198929968299,0.362521567875184));
#5065=CARTESIAN_POINT('',(30.26055,-56.9675414780361,0.250905150184137));
#5066=CARTESIAN_POINT('',(30.26055,-57.2439457686005,0.615449296381895));
#5067=CARTESIAN_POINT('',(30.8742209281501,-57.243934060249,0.615449229424909));
#5068=CARTESIAN_POINT('',(31.4393188054901,-56.9350103021494,0.562307988593564));
#5069=CARTESIAN_POINT('',(31.9357613289682,-56.5822738105473,0.527346298352738));
#5070=CARTESIAN_POINT('',(30.26055,-57.2439477207844,0.615445239576851));
#5071=CARTESIAN_POINT('',(31.9357613290144,-56.5822738105591,0.527346298448139));
#5072=CARTESIAN_POINT('',(31.9357613288484,-56.5822738106324,0.527346298361125));
#5073=CARTESIAN_POINT('',(31.6881100327878,-56.6944203612193,0.403714801868996));
#5074=CARTESIAN_POINT('',(31.1344365138568,-56.8981969674502,0.309028205241121));
#5075=CARTESIAN_POINT('',(30.5567802163011,-56.9772882249974,0.255633900683237));
#5076=CARTESIAN_POINT('',(30.2605499999999,-56.9857866062558,0.260168728445568));
#5077=CARTESIAN_POINT('',(30.2605499999999,-56.985786606255,0.260168728444463));
#5078=CARTESIAN_POINT('',(30.26055,-56.7492229395511,0.703499999999925));
#5079=CARTESIAN_POINT('',(-30.26055,-56.7492229395506,0.7035));
#5080=CARTESIAN_POINT('',(30.2605499999999,-56.985786606255,0.260167301458587));
#5081=CARTESIAN_POINT('',(30.2580609189505,-56.9858580140945,0.260205404897378));
#5082=CARTESIAN_POINT('',(30.2555718273337,-56.9859291249343,0.260243372008978));
#5083=CARTESIAN_POINT('',(30.2530827273905,-56.986,0.260281235003568));
#5084=CARTESIAN_POINT('',(30.2530827273905,-56.986,0.260281235003564));
#5085=CARTESIAN_POINT('',(-30.26055,-56.986,0.260281235003564));
#5086=CARTESIAN_POINT('',(-30.2564143023523,-56.986,0.260281235003564));
#5087=CARTESIAN_POINT('',(-30.2564143023523,-56.986,0.26028123500356));
#5088=CARTESIAN_POINT('',(-30.2577928699915,-56.9859784086483,0.260269700436032));
#5089=CARTESIAN_POINT('',(-30.2591714360082,-56.9859567361855,0.260258124563879));
#5090=CARTESIAN_POINT('',(-30.2605499999999,-56.9859349626733,0.260246496788589));
#5091=CARTESIAN_POINT('',(-30.2605499999998,-56.9859349626727,0.260247924923611));
#5092=CARTESIAN_POINT('',(-30.26055,-56.7492202653238,0.70350000000011));
#5093=CARTESIAN_POINT('',(-30.26055,-57.2439483607269,0.615448835016884));
#5094=CARTESIAN_POINT('',(-30.26055,-57.2439477207844,0.615445239576851));
#5095=CARTESIAN_POINT('',(-30.26055,-57.2439457686005,0.615449296381891));
#5096=CARTESIAN_POINT('',(-30.26055,-57.1998369506314,0.367617578155904));
#5097=CARTESIAN_POINT('',(-30.26055,-56.974934597737,0.254546449904595));
#5098=CARTESIAN_POINT('',(-30.6369505249422,-57.243945749212,0.615449187444626));
#5099=CARTESIAN_POINT('',(-30.6267601445823,-57.1998367248943,0.367617530231133));
#5100=CARTESIAN_POINT('',(-30.5748015086399,-56.9749343778828,0.254546434973858));
#5101=CARTESIAN_POINT('',(-31.2300922145977,-57.0328629776996,0.579385216194261));
#5102=CARTESIAN_POINT('',(-31.1984835284708,-56.9820877025019,0.350396359583002));
#5103=CARTESIAN_POINT('',(-31.1098209164144,-56.7875330806419,0.249320985189504));
#5104=CARTESIAN_POINT('',(-31.7157997563528,-56.7391407059568,0.542803599167546));
#5105=CARTESIAN_POINT('',(-31.6772674050972,-56.6798108789557,0.333668421424469));
#5106=CARTESIAN_POINT('',(-31.5719702668428,-56.5073079535629,0.244168526808681));
#5107=CARTESIAN_POINT('',(-31.9439269451731,-56.5764613726587,0.526771844363777));
#5108=CARTESIAN_POINT('',(-31.9015741794414,-56.5142841707772,0.326528577465729));
#5109=CARTESIAN_POINT('',(-31.7909638523275,-56.3518994830166,0.241949053622347));
#5110=CARTESIAN_POINT('',(-30.2605499999998,-56.9859349626727,0.260247924923611));
#5111=CARTESIAN_POINT('',(-30.5571089806536,-56.9812510084763,0.257746502228959));
#5112=CARTESIAN_POINT('',(-31.1349523428404,-56.8960010798082,0.30805873267963));
#5113=CARTESIAN_POINT('',(-31.6880124955673,-56.6944645343357,0.403666505967562));
#5114=CARTESIAN_POINT('',(-31.935757184039,-56.5822767556292,0.527346590246022));
#5115=CARTESIAN_POINT('',(-31.935757184059,-56.5822767556201,0.527346590255966));
#5116=CARTESIAN_POINT('',(-31.9357571840588,-56.5822767556202,0.527346590255836));
#5117=CARTESIAN_POINT('',(-31.6876000367431,-56.7585991210117,0.54482293862344));
#5118=CARTESIAN_POINT('',(-31.1705079837338,-57.0717164562485,0.585402923418638));
#5119=CARTESIAN_POINT('',(-30.5655204841726,-57.2439399500418,0.615449263107086));
#5120=CARTESIAN_POINT('',(-30.26055,-57.2439457686005,0.615449296381895));
#5121=CARTESIAN_POINT('',(30.26055,57.2439457686005,0.615449296381879));
#5122=CARTESIAN_POINT('',(30.26055,57.1998369506315,0.367617578156045));
#5123=CARTESIAN_POINT('',(30.26055,56.9749345977372,0.254546449904688));
#5124=CARTESIAN_POINT('',(30.6369505249508,57.2439457492136,0.615449187453902));
#5125=CARTESIAN_POINT('',(30.6267601445886,57.1998367248906,0.36761753024385));
#5126=CARTESIAN_POINT('',(30.5748015086441,56.9749343778803,0.254546434981036));
#5127=CARTESIAN_POINT('',(31.2300922145927,57.0328629777035,0.579385216198877));
#5128=CARTESIAN_POINT('',(31.198483528473,56.9820877025179,0.350396359580887));
#5129=CARTESIAN_POINT('',(31.1098209164198,56.7875330806565,0.249320985187271));
#5130=CARTESIAN_POINT('',(31.7157997563543,56.7391407059474,0.542803599148976));
#5131=CARTESIAN_POINT('',(31.6772674050864,56.6798108789288,0.333668421416819));
#5132=CARTESIAN_POINT('',(31.571970266828,56.5073079535378,0.244168526806322));
#5133=CARTESIAN_POINT('',(31.9439269451732,56.5764613726587,0.52677184436378));
#5134=CARTESIAN_POINT('',(31.9015741794415,56.5142841707772,0.326528577465845));
#5135=CARTESIAN_POINT('',(31.7909638523277,56.3518994830168,0.241949053622423));
#5136=CARTESIAN_POINT('',(30.26055,56.7492229395506,0.7035));
#5137=CARTESIAN_POINT('',(30.2605499999998,56.9859349626727,0.260247924923595));
#5138=CARTESIAN_POINT('',(30.26055,57.2439477207844,0.61544523957685));
#5139=CARTESIAN_POINT('',(30.2605499999998,56.9859349626727,0.260247924923595));
#5140=CARTESIAN_POINT('',(30.5571089806536,56.9812510084764,0.257746502229005));
#5141=CARTESIAN_POINT('',(31.1349523428382,56.896001079809,0.308058732681012));
#5142=CARTESIAN_POINT('',(31.688012495572,56.6944645343338,0.403666505964806));
#5143=CARTESIAN_POINT('',(31.9357571840426,56.5822767556276,0.527346590247735));
#5144=CARTESIAN_POINT('',(31.9357571840591,56.5822767556201,0.527346590255992));
#5145=CARTESIAN_POINT('',(31.9357571840589,56.5822767556202,0.527346590255805));
#5146=CARTESIAN_POINT('',(31.6876000367431,56.7585991210116,0.544822938623408));
#5147=CARTESIAN_POINT('',(31.1705079837339,57.071716456249,0.585402923418675));
#5148=CARTESIAN_POINT('',(30.5655204841726,57.2439399500408,0.615449263107081));
#5149=CARTESIAN_POINT('',(30.26055,57.2439457686005,0.615449296381895));
#5150=CARTESIAN_POINT('',(-30.26055,56.7492229395506,0.7035));
#5151=CARTESIAN_POINT('',(-30.26055,56.7492202653238,0.7035));
#5152=CARTESIAN_POINT('',(-30.2605499999998,56.9859349626726,0.260247924923226));
#5153=CARTESIAN_POINT('',(-30.26055,57.2439483607269,0.615448835016873));
#5154=CARTESIAN_POINT('',(-30.2605499999998,56.9859349626727,0.260246496787427));
#5155=CARTESIAN_POINT('',(-30.259171436014,56.9859567361848,0.260258124562671));
#5156=CARTESIAN_POINT('',(-30.2577928700031,56.9859784086484,0.260269700436081));
#5157=CARTESIAN_POINT('',(-30.2564143023697,56.986,0.260281235003564));
#5158=CARTESIAN_POINT('',(-30.2564143023697,56.986,0.260281235003564));
#5159=CARTESIAN_POINT('',(-30.26055,56.986,0.260281235003564));
#5160=CARTESIAN_POINT('',(30.256414302353,56.986,0.260281235003567));
#5161=CARTESIAN_POINT('',(30.256414302353,56.986,0.260281235003567));
#5162=CARTESIAN_POINT('',(30.2577928699919,56.9859784086483,0.260269700436042));
#5163=CARTESIAN_POINT('',(30.2591714360084,56.9859567361856,0.260258124563905));
#5164=CARTESIAN_POINT('',(30.2605499999998,56.9859349626733,0.260246496788617));
#5165=CARTESIAN_POINT('',(-30.26055,57.2439477207844,0.61544523957685));
#5166=CARTESIAN_POINT('',(-31.9439178710393,56.5764678434833,0.526772482053666));
#5167=CARTESIAN_POINT('',(-31.9015315138529,56.514241073881,0.326369013903044));
#5168=CARTESIAN_POINT('',(-31.7908056833942,56.3516861576692,0.241834915090387));
#5169=CARTESIAN_POINT('',(-31.7160616226003,56.7389533146001,0.542785234889012));
#5170=CARTESIAN_POINT('',(-31.6774959218609,56.6795710566636,0.333492029038555));
#5171=CARTESIAN_POINT('',(-31.5720810232907,56.5068954594805,0.244045414844121));
#5172=CARTESIAN_POINT('',(-31.2281630556845,57.0342410928694,0.579578504830756));
#5173=CARTESIAN_POINT('',(-31.196555132692,56.9834728081155,0.350299191916969));
#5174=CARTESIAN_POINT('',(-31.1078162931639,56.7885630315637,0.24921315778524));
#5175=CARTESIAN_POINT('',(-30.6348943390391,57.2439457509824,0.615449197391903));
#5176=CARTESIAN_POINT('',(-30.6247511853228,57.1998000078221,0.367411123221474));
#5177=CARTESIAN_POINT('',(-30.5730160133689,56.9746349241412,0.254395998102487));
#5178=CARTESIAN_POINT('',(-30.26055,57.2439457686005,0.61544929638189));
#5179=CARTESIAN_POINT('',(-30.26055,57.1998002137411,0.367411166670393));
#5180=CARTESIAN_POINT('',(-30.26055,56.9746351220142,0.254396011615038));
#5181=CARTESIAN_POINT('',(-30.26055,57.2439457686005,0.615449296381895));
#5182=CARTESIAN_POINT('',(-30.8742192203108,57.2439340602816,0.615449229425096));
#5183=CARTESIAN_POINT('',(-31.4393157381235,56.9350118308635,0.562308241559656));
#5184=CARTESIAN_POINT('',(-31.9357571841851,56.5822767555305,0.527346590246936));
#5185=CARTESIAN_POINT('',(-31.935757184231,56.5822767555422,0.527346590341795));
#5186=CARTESIAN_POINT('',(-31.9357571840515,56.5822767556254,0.527346590256334));
#5187=CARTESIAN_POINT('',(-31.6881086883341,56.6944209752272,0.403714528718362));
#5188=CARTESIAN_POINT('',(-31.134206532155,56.8961864092571,0.307947376605927));
#5189=CARTESIAN_POINT('',(-30.5572289569509,56.9812491135292,0.257745490250466));
#5190=CARTESIAN_POINT('',(-30.2605499999999,56.9859349626735,0.260247924924636));
#5191=CARTESIAN_POINT('',(33.6564281658916,52.9635,6.0099));
#5192=CARTESIAN_POINT('',(34.1062325415126,52.9635,6.23391400329489));
#5193=CARTESIAN_POINT('',(34.1062325415126,-52.9635,6.23391400329489));
#5194=CARTESIAN_POINT('',(33.6564281658916,-52.9635,6.0099));
#5195=CARTESIAN_POINT('',(30.26055,-52.9635,6.0099));
#5196=CARTESIAN_POINT('',(32.6617984791853,-55.3647484791853,6.5124));
#5197=CARTESIAN_POINT('',(32.7931168463275,-55.4960668463276,6.5124));
#5198=CARTESIAN_POINT('',(32.9213166051262,-55.6242666051263,6.40015115209824));
#5199=CARTESIAN_POINT('',(32.9798582033943,-55.6828082033943,6.23391400329489));
#5200=CARTESIAN_POINT('',(32.9798586201702,-55.6828086201702,6.2338825922315));
#5201=CARTESIAN_POINT('',(30.26055,-52.9635,6.23391400329489));
#5202=CARTESIAN_POINT('',(30.26055,52.9635,6.0099));
#5203=CARTESIAN_POINT('',(32.9798582033942,55.6828082033942,6.23391400329489));
#5204=CARTESIAN_POINT('',(32.9213166051262,55.6242666051262,6.40015115209825));
#5205=CARTESIAN_POINT('',(32.7931168463275,55.4960668463275,6.5124));
#5206=CARTESIAN_POINT('',(32.6617984791852,55.3647484791852,6.5124));
#5207=CARTESIAN_POINT('',(32.9798586201702,55.6828086201702,6.23388259223155));
#5208=CARTESIAN_POINT('',(32.6617878347205,55.3647378347792,6.5124));
#5209=CARTESIAN_POINT('',(30.26055,52.9635,6.23391400329489));
#5210=CARTESIAN_POINT('',(30.26055,52.9635,6.5124));
#5211=CARTESIAN_POINT('',(30.26055,-57.2439457686005,6.09795070361811));
#5212=CARTESIAN_POINT('',(30.26055,-57.1701825364268,6.5124));
#5213=CARTESIAN_POINT('',(30.26055,-56.7492202653238,6.5124));
#5214=CARTESIAN_POINT('',(30.6048499264793,-57.2439457508787,6.09795080319032));
#5215=CARTESIAN_POINT('',(30.5892609193724,-57.1701822041418,6.51240000000633));
#5216=CARTESIAN_POINT('',(30.5002956716921,-56.7492201132627,6.5124));
#5217=CARTESIAN_POINT('',(31.1573705414273,-57.0636223380031,6.12891141884975));
#5218=CARTESIAN_POINT('',(31.1106673438438,-56.98029977377,6.51239999999686));
#5219=CARTESIAN_POINT('',(30.9593362380746,-56.6150716586031,6.51239999999992));
#5220=CARTESIAN_POINT('',(32.0670115471898,-56.5395831003954,6.1966720561842));
#5221=CARTESIAN_POINT('',(31.9737267698472,-56.4467828800072,6.51240000000285));
#5222=CARTESIAN_POINT('',(31.783572624183,-56.1600965922519,6.51240000000006));
#5223=CARTESIAN_POINT('',(32.6255026342917,-56.0371648284057,6.23385481429249));
#5224=CARTESIAN_POINT('',(32.5336421323864,-55.9329067099267,6.51239999999483));
#5225=CARTESIAN_POINT('',(32.3275269266628,-55.6989794052008,6.51240000000001));
#5226=CARTESIAN_POINT('',(32.9798599642065,-55.6828081057507,6.233851178136));
#5227=CARTESIAN_POINT('',(32.8818010687355,-55.5847497506751,6.51240000000001));
#5228=CARTESIAN_POINT('',(32.6617772430771,-55.3647271375517,6.51240000000001));
#5229=CARTESIAN_POINT('',(30.26055,-56.7492229395506,6.0099));
#5230=CARTESIAN_POINT('',(30.26055,-57.2439477207844,6.09795476042315));
#5231=CARTESIAN_POINT('',(32.9798590349778,-55.6828090349778,6.23385117814544));
#5232=CARTESIAN_POINT('',(32.6016509395192,-56.0610145224065,6.2338551027232));
#5233=CARTESIAN_POINT('',(31.9936343744422,-56.5970409112457,6.19138634716892));
#5234=CARTESIAN_POINT('',(31.0608166163393,-57.1102532029219,6.12131996004033));
#5235=CARTESIAN_POINT('',(30.5279825868812,-57.2439406661109,6.09795073279791));
#5236=CARTESIAN_POINT('',(30.26055,-57.2439457686005,6.09795070361811));
#5237=CARTESIAN_POINT('',(32.9798590349778,55.6828090349778,6.23385117814543));
#5238=CARTESIAN_POINT('',(32.881800139505,55.5847506799003,6.51239999999999));
#5239=CARTESIAN_POINT('',(32.6617763138517,55.3647280667822,6.51239999999999));
#5240=CARTESIAN_POINT('',(32.6260648789933,56.0366025914581,6.23385479887849));
#5241=CARTESIAN_POINT('',(32.5342060233532,55.9323427866182,6.5124000000184));
#5242=CARTESIAN_POINT('',(32.3280945703967,55.6984116938192,6.51239999999999));
#5243=CARTESIAN_POINT('',(32.067808850734,56.5389531121224,6.19676653850205));
#5244=CARTESIAN_POINT('',(31.974432806055,56.4461781073064,6.51239999999541));
#5245=CARTESIAN_POINT('',(31.7843611614495,56.1595747925565,6.51239999999998));
#5246=CARTESIAN_POINT('',(31.1567592146989,57.0642486156951,6.12881909676233));
#5247=CARTESIAN_POINT('',(31.1100532431527,56.9809634129202,6.51240000000138));
#5248=CARTESIAN_POINT('',(30.9586712495055,56.6155898704817,6.51240000000001));
#5249=CARTESIAN_POINT('',(30.6030506505503,57.2439457524922,6.09795079412505));
#5250=CARTESIAN_POINT('',(30.587543109745,57.1701822334192,6.51239999999894));
#5251=CARTESIAN_POINT('',(30.4990427756774,56.7492201315023,6.5124));
#5252=CARTESIAN_POINT('',(30.26055,57.2439457686005,6.09795070361812));
#5253=CARTESIAN_POINT('',(30.26055,57.1701825364268,6.51240000000001));
#5254=CARTESIAN_POINT('',(30.26055,56.7492202653238,6.5124));
#5255=CARTESIAN_POINT('',(30.26055,56.7492229395511,6.00990000000007));
#5256=CARTESIAN_POINT('',(30.26055,57.2439477207844,6.09795476042315));
#5257=CARTESIAN_POINT('',(30.26055,56.7492229395506,6.5124));
#5258=CARTESIAN_POINT('',(30.26055,57.2439457686005,6.09795070361811));
#5259=CARTESIAN_POINT('',(30.7985581635699,57.2439355036542,6.09795076232064));
#5260=CARTESIAN_POINT('',(31.7993995300669,56.7651233140394,6.17949091820631));
#5261=CARTESIAN_POINT('',(32.6007472697484,56.0619201521339,6.23385506603023));
#5262=CARTESIAN_POINT('',(32.9798590349778,55.6828090349778,6.23385117814542));
#5263=CARTESIAN_POINT('',(32.6617771902559,55.3647271903732,6.5124));
#5264=CARTESIAN_POINT('',(32.3277995964189,55.6987066247462,6.5124));
#5265=CARTESIAN_POINT('',(31.7844286164153,56.1595075051392,6.51240000000006));
#5266=CARTESIAN_POINT('',(30.9586579707624,56.6156031760456,6.51239999999993));
#5267=CARTESIAN_POINT('',(30.4990428446194,56.7492202653238,6.5124));
#5268=CARTESIAN_POINT('',(30.26055,56.7492202653238,6.5124));
#5269=CARTESIAN_POINT('',(-30.26055,-56.7492229395506,6.0099));
#5270=CARTESIAN_POINT('',(-30.26055,-56.7492202653238,6.0099));
#5271=CARTESIAN_POINT('',(-30.26055,-57.2439483607269,6.09795116498312));
#5272=CARTESIAN_POINT('',(-30.26055,-57.2439477207844,6.09795476042315));
#5273=CARTESIAN_POINT('',(-30.26055,56.7492229395506,6.0099));
#5274=CARTESIAN_POINT('',(-30.26055,56.7492202653238,6.00989999999988));
#5275=CARTESIAN_POINT('',(-30.26055,57.2439483607269,6.09795116498311));
#5276=CARTESIAN_POINT('',(-30.26055,56.7492202653238,6.5124));
#5277=CARTESIAN_POINT('',(-30.26055,57.2439477207844,6.09795476042315));
#5278=CARTESIAN_POINT('',(6.5389710578997E-15,56.7492229395506,6.5124));
#5279=CARTESIAN_POINT('',(-30.26055,-56.7492202653238,6.51240000000001));
#5280=CARTESIAN_POINT('',(-30.26055,-57.1701825364268,6.51240000000001));
#5281=CARTESIAN_POINT('',(-30.26055,-57.2439457686005,6.09795070361812));
#5282=CARTESIAN_POINT('',(-30.5002955606151,-56.7492201132536,6.51240000000001));
#5283=CARTESIAN_POINT('',(-30.5892607670655,-57.1701822041185,6.51239999999537));
#5284=CARTESIAN_POINT('',(-30.6048497669529,-57.2439457508789,6.0979508031897));
#5285=CARTESIAN_POINT('',(-30.9593359232342,-56.6150717727546,6.51240000000003));
#5286=CARTESIAN_POINT('',(-31.1106656561188,-56.980301271824,6.51240000000113));
#5287=CARTESIAN_POINT('',(-31.1573683757555,-57.0636242878533,6.12891139529799));
#5288=CARTESIAN_POINT('',(-31.7835719892316,-56.1600970196447,6.5124));
#5289=CARTESIAN_POINT('',(-31.9737325273116,-56.4467769583537,6.51240000000335));
#5290=CARTESIAN_POINT('',(-32.0670198701316,-56.5395745576457,6.19667199687999));
#5291=CARTESIAN_POINT('',(-32.3275260980451,-55.6989801162827,6.51240000000001));
#5292=CARTESIAN_POINT('',(-32.5336138602692,-55.9329349170442,6.51239999998063));
#5293=CARTESIAN_POINT('',(-32.6254621763752,-56.0372052986977,6.23385479703202));
#5294=CARTESIAN_POINT('',(-32.6617763138517,-55.3647280667822,6.51240000000001));
#5295=CARTESIAN_POINT('',(-32.881800139505,-55.5847506799003,6.51240000000001));
#5296=CARTESIAN_POINT('',(-32.9798590349778,-55.6828090349778,6.23385117814544));
#5297=CARTESIAN_POINT('',(-32.979876094999,-55.682826094999,6.23386319036064));
#5298=CARTESIAN_POINT('',(-32.9213383188285,-55.6242889805442,6.40013561227864));
#5299=CARTESIAN_POINT('',(-32.7931154007113,-55.4960666652108,6.51241112767641));
#5300=CARTESIAN_POINT('',(-32.6617763138518,-55.3647280667822,6.51239999909808));
#5301=CARTESIAN_POINT('',(-32.9798586201713,-55.6828086201713,6.23388259222823));
#5302=CARTESIAN_POINT('',(-30.26055,-57.2439457686005,6.09795070361812));
#5303=CARTESIAN_POINT('',(-30.526982909338,-57.243940685215,6.09795073268867));
#5304=CARTESIAN_POINT('',(-31.0583561237964,-57.1113127943202,6.12115726180898));
#5305=CARTESIAN_POINT('',(-31.993416130635,-56.5974204148538,6.19134309318549));
#5306=CARTESIAN_POINT('',(-32.6004181733919,-56.0622492479277,6.2338550694052));
#5307=CARTESIAN_POINT('',(-32.9798590349778,-55.6828090349779,6.23385117814544));
#5308=CARTESIAN_POINT('',(-30.26055,57.2439457686005,6.09795070361811));
#5309=CARTESIAN_POINT('',(-30.26055,57.1701825364268,6.5124));
#5310=CARTESIAN_POINT('',(-30.26055,56.7492202653238,6.5124));
#5311=CARTESIAN_POINT('',(-30.6048497669483,57.2439457508803,6.09795080318164));
#5312=CARTESIAN_POINT('',(-30.5892607670621,57.1701822041303,6.5123999999859));
#5313=CARTESIAN_POINT('',(-30.5002955606109,56.7492201132603,6.5124));
#5314=CARTESIAN_POINT('',(-31.157368375757,57.0636242878526,6.12891139530254));
#5315=CARTESIAN_POINT('',(-31.1106656561202,56.9803012718182,6.51240000000588));
#5316=CARTESIAN_POINT('',(-30.9593359232354,56.6150717727512,6.51239999999998));
#5317=CARTESIAN_POINT('',(-32.0670198701336,56.539574557646,6.19667199687324));
#5318=CARTESIAN_POINT('',(-31.9737325273133,56.4467769583584,6.51239999999812));
#5319=CARTESIAN_POINT('',(-31.7835719892341,56.1600970196484,6.51240000000003));
#5320=CARTESIAN_POINT('',(-32.6254621763607,56.0372052986979,6.23385479705227));
#5321=CARTESIAN_POINT('',(-32.533613860254,55.9329349170394,6.51239999999296));
#5322=CARTESIAN_POINT('',(-32.3275260980287,55.6989801162745,6.51240000000001));
#5323=CARTESIAN_POINT('',(-32.9798590349778,55.6828090349778,6.23385117814544));
#5324=CARTESIAN_POINT('',(-32.881800139505,55.5847506799003,6.51240000000001));
#5325=CARTESIAN_POINT('',(-32.6617763138517,55.3647280667822,6.51240000000001));
#5326=CARTESIAN_POINT('',(-32.6617763138518,55.3647280667822,6.51239999909808));
#5327=CARTESIAN_POINT('',(-32.7931154007112,55.4960666652108,6.51241112767638));
#5328=CARTESIAN_POINT('',(-32.9213383188285,55.6242889805442,6.4001356122786));
#5329=CARTESIAN_POINT('',(-32.979876094999,55.682826094999,6.2338631903606));
#5330=CARTESIAN_POINT('',(-32.9798586201702,55.6828086201702,6.23388259223155));
#5331=CARTESIAN_POINT('',(-32.6617869582819,55.3647387112201,6.5124));
#5332=CARTESIAN_POINT('',(-32.9798590349778,55.6828090349778,6.23385117814544));
#5333=CARTESIAN_POINT('',(-32.6016509394274,56.0610145223148,6.2338551027275));
#5334=CARTESIAN_POINT('',(-31.993634374463,56.5970409112749,6.19138634716792));
#5335=CARTESIAN_POINT('',(-31.0608166163352,57.1102532029037,6.12131996004055));
#5336=CARTESIAN_POINT('',(-30.5279825868812,57.2439406661418,6.09795073279774));
#5337=CARTESIAN_POINT('',(-30.26055,57.2439457686005,6.09795070361812));
#5338=CARTESIAN_POINT('',(-30.26055,56.7492202653238,6.5124));
#5339=CARTESIAN_POINT('',(-30.5002955908868,56.7492202653238,6.5124));
#5340=CARTESIAN_POINT('',(-30.9593359096492,56.6150717038362,6.5124));
#5341=CARTESIAN_POINT('',(-31.7835719966132,56.1600970600961,6.51240000000004));
#5342=CARTESIAN_POINT('',(-32.3275261018918,55.6989801207806,6.5124));
#5343=CARTESIAN_POINT('',(-32.6617763138517,55.3647280667822,6.5124));
#5344=CARTESIAN_POINT('',(-30.26055,-52.9635,6.0099));
#5345=CARTESIAN_POINT('',(-30.26055,-52.9635,6.23391400329489));
#5346=CARTESIAN_POINT('',(-30.26055,52.9635,6.0099));
#5347=CARTESIAN_POINT('',(-30.26055,52.9635,6.23391400329489));
#5348=CARTESIAN_POINT('',(-30.26055,52.9635,6.5124));
#5349=CARTESIAN_POINT('',(30.26055,52.9635,3.3567));
#5350=CARTESIAN_POINT('',(33.104759403028,55.807709403028,0.865473351087639));
#5351=CARTESIAN_POINT('',(33.3374529381522,56.0404029381522,1.65195064216737));
#5352=CARTESIAN_POINT('',(33.4584404179161,56.1613904179161,2.50415141372394));
#5353=CARTESIAN_POINT('',(33.4584404179161,56.1613904179161,3.3567));
#5354=CARTESIAN_POINT('',(33.1047368520004,55.8076868520004,0.865486695346631));
#5355=CARTESIAN_POINT('',(33.458440411656,56.1613904116561,3.35649270404045));
#5356=CARTESIAN_POINT('',(33.1047368508696,55.8076868508696,0.865397128765566));
#5357=CARTESIAN_POINT('',(33.1064876134648,55.806033532838,0.86556179853392));
#5358=CARTESIAN_POINT('',(33.1082379545069,55.8043802283884,0.865730961735267));
#5359=CARTESIAN_POINT('',(33.1099879058285,55.8027269847313,0.865904750363894));
#5360=CARTESIAN_POINT('',(33.1099879058285,55.8027269847313,0.865904750363904));
#5361=CARTESIAN_POINT('',(30.26055,52.9635,0.865904750363904));
#5362=CARTESIAN_POINT('',(33.4584404179161,56.1613904179161,3.3567));
#5363=CARTESIAN_POINT('',(33.4584404179161,56.1613904179161,4.35075938242492));
#5364=CARTESIAN_POINT('',(33.293219241206,55.9961692412061,5.34407120668808));
#5365=CARTESIAN_POINT('',(32.9798671500356,55.6828171500356,6.23388859790116));
#5366=CARTESIAN_POINT('',(30.26055,-52.9635,3.3567));
#5367=CARTESIAN_POINT('',(28.3289890243902,-52.9635,3.3567));
#5368=CARTESIAN_POINT('',(34.2830499999999,-52.9635,0.865904750363663));
#5369=CARTESIAN_POINT('',(30.26055,-52.9635,0.8659047503639));
#5370=CARTESIAN_POINT('',(33.1077142191012,-55.8050070225973,0.8659047503639));
#5371=CARTESIAN_POINT('',(33.1077142191012,-55.8050070225973,0.8659047503639));
#5372=CARTESIAN_POINT('',(33.1067566597614,-55.8059351214786,0.865851784115785));
#5373=CARTESIAN_POINT('',(33.1057990078769,-55.8068632026905,0.865800218153071));
#5374=CARTESIAN_POINT('',(33.1048412519267,-55.8077912519267,0.865750008968899));
#5375=CARTESIAN_POINT('',(33.1048412530288,-55.8077912530288,0.865839605421108));
#5376=CARTESIAN_POINT('',(33.4584404179161,-56.1613904179162,3.3567));
#5377=CARTESIAN_POINT('',(33.4584404179161,-56.1613904179162,2.50427893154769));
#5378=CARTESIAN_POINT('',(33.3374895811172,-56.0404395811172,1.65220541855324));
#5379=CARTESIAN_POINT('',(33.104863809294,-55.807813809294,0.86582626158843));
#5380=CARTESIAN_POINT('',(33.458440411656,-56.1613904116561,3.35649270404045));
#5381=CARTESIAN_POINT('',(32.9798671494798,-55.6828171494798,6.23388859947978));
#5382=CARTESIAN_POINT('',(33.2932192410074,-55.9961692410074,5.34407120786158));
#5383=CARTESIAN_POINT('',(33.4584404179161,-56.1613904179162,4.35075938301277));
#5384=CARTESIAN_POINT('',(33.4584404179161,-56.1613904179162,3.3567));
#5385=CARTESIAN_POINT('',(-32.9825593307498,-55.6855093307498,0.487232179597735));
#5386=CARTESIAN_POINT('',(-32.270290270002,-56.3977742629827,0.487232179597735));
#5387=CARTESIAN_POINT('',(-31.1827314964179,-57.224274582496,0.507134328561156));
#5388=CARTESIAN_POINT('',(-30.26055,-57.224274582496,0.507134328561156));
#5389=CARTESIAN_POINT('',(-33.1213676375166,-55.8243176375166,0.88285385049428));
#5390=CARTESIAN_POINT('',(-32.3960455133114,-56.5496249806639,0.88285385049428));
#5391=CARTESIAN_POINT('',(-31.2290667890023,-57.3017979163535,0.925618592052427));
#5392=CARTESIAN_POINT('',(-30.26055,-57.3017979163535,0.925618592052427));
#5393=CARTESIAN_POINT('',(-33.2314487718836,-55.9343987718836,1.2986190003684));
#5394=CARTESIAN_POINT('',(-32.4957731688742,-56.6700309048797,1.2986190003684));
#5395=CARTESIAN_POINT('',(-31.2657151983996,-57.3622421422651,1.3472663940254));
#5396=CARTESIAN_POINT('',(-30.26055,-57.3622421422651,1.3472663940254));
#5397=CARTESIAN_POINT('',(-33.4085416216781,-56.1114916216781,2.2576481776037));
#5398=CARTESIAN_POINT('',(-32.6561335442403,-56.8638205311126,2.2576481776037));
#5399=CARTESIAN_POINT('',(-31.3248969927969,-57.45908457578,2.29753277289023));
#5400=CARTESIAN_POINT('',(-30.26055,-57.45908457578,2.29753277289023));
#5401=CARTESIAN_POINT('',(-33.4584404179162,-56.1613904179162,2.80715465134189));
#5402=CARTESIAN_POINT('',(-32.7012423339859,-56.9185093338431,2.80715465134189));
#5403=CARTESIAN_POINT('',(-31.3417944492224,-57.486,2.82711591716238));
#5404=CARTESIAN_POINT('',(-30.26055,-57.486,2.82711591716238));
#5405=CARTESIAN_POINT('',(-33.4584404179162,-56.1613904179162,3.90624534865811));
#5406=CARTESIAN_POINT('',(-32.7014006699925,-56.9185093338431,3.90624534865811));
#5407=CARTESIAN_POINT('',(-31.3414796338413,-57.486,3.88628408283761));
#5408=CARTESIAN_POINT('',(-30.26055,-57.486,3.88628408283761));
#5409=CARTESIAN_POINT('',(-33.4085416216781,-56.1114916216781,4.45575182239629));
#5410=CARTESIAN_POINT('',(-32.6562918802469,-56.8638205311126,4.45575182239629));
#5411=CARTESIAN_POINT('',(-31.3245821774159,-57.45908457578,4.41586722710977));
#5412=CARTESIAN_POINT('',(-30.26055,-57.45908457578,4.41586722710977));
#5413=CARTESIAN_POINT('',(-33.2288205959566,-55.9317705959567,5.42901363183446));
#5414=CARTESIAN_POINT('',(-32.4934791944832,-56.6671549376616,5.42901363183446));
#5415=CARTESIAN_POINT('',(-31.2646661472245,-57.3608049360043,5.38023619240906));
#5416=CARTESIAN_POINT('',(-30.26055,-57.3608049360043,5.38023619240906));
#5417=CARTESIAN_POINT('',(-33.1140000935143,-55.8169500935143,5.8582291776367));
#5418=CARTESIAN_POINT('',(-32.3893965839637,-56.5415664588513,5.8582291776367));
#5419=CARTESIAN_POINT('',(-31.2265629619234,-57.2977522903242,5.81586716137357));
#5420=CARTESIAN_POINT('',(-30.26055,-57.2977522903242,5.81586716137357));
#5421=CARTESIAN_POINT('',(-32.968593918822,-55.671543918822,6.26563146524787));
#5422=CARTESIAN_POINT('',(-32.2576443637934,-56.3824965991157,6.26563146524787));
#5423=CARTESIAN_POINT('',(-31.1780569726182,-57.2164715233417,6.24807055095179));
#5424=CARTESIAN_POINT('',(-30.26055,-57.2164715233417,6.24807055095179));
#5425=CARTESIAN_POINT('',(-33.1047368486375,-55.8076868486375,0.865576256955189));
#5426=CARTESIAN_POINT('',(-32.9271413764467,-55.9753976599099,0.848876988453579));
#5427=CARTESIAN_POINT('',(-32.5512241208619,-56.2742521544212,0.798133818267007));
#5428=CARTESIAN_POINT('',(-32.1389931652029,-56.4902441335739,0.628806861443809));
#5429=CARTESIAN_POINT('',(-31.9357571840591,-56.58227675562,0.52734659025546));
#5430=CARTESIAN_POINT('',(-33.1047368497683,-55.8076868497683,0.865486687801768));
#5431=CARTESIAN_POINT('',(-33.1047594011255,-55.8077094011255,0.865473344657133));
#5432=CARTESIAN_POINT('',(-33.3374529374845,-56.0404029374845,1.65195063752494));
#5433=CARTESIAN_POINT('',(-33.4584404179161,-56.1613904179162,2.50415141140037));
#5434=CARTESIAN_POINT('',(-33.4584404179161,-56.1613904179162,3.3567));
#5435=CARTESIAN_POINT('',(-33.458440405396,-56.161390405396,3.35628540808089));
#5436=CARTESIAN_POINT('',(-33.4584404179161,-56.1613904179162,3.3567));
#5437=CARTESIAN_POINT('',(-33.4584404179161,-56.1613904179162,4.35075938301155));
#5438=CARTESIAN_POINT('',(-33.2932192410078,-55.9961692410079,5.34407120785915));
#5439=CARTESIAN_POINT('',(-32.9798671494809,-55.6828171494809,6.23388859947651));
#5440=CARTESIAN_POINT('',(-30.26055,-41.842546875,3.3567));
#5441=CARTESIAN_POINT('',(-30.26055,-41.842546875,3.3567));
#5442=CARTESIAN_POINT('',(30.26055,-41.842546875,3.3567));
#5443=CARTESIAN_POINT('',(-30.26055,52.9635,3.3567));
#5444=CARTESIAN_POINT('',(-33.1047368540154,55.8076868540154,0.865397139397489));
#5445=CARTESIAN_POINT('',(-33.1064875782651,55.8060335723464,0.865561805816003));
#5446=CARTESIAN_POINT('',(-33.1082378809814,55.8043803042612,0.865730965476252));
#5447=CARTESIAN_POINT('',(-33.1099877939948,55.8027270969672,0.865904750363903));
#5448=CARTESIAN_POINT('',(-33.1047368551245,55.8076868551245,0.865486705906366));
#5449=CARTESIAN_POINT('',(-33.1099877939948,55.8027270969672,0.865904750363901));
#5450=CARTESIAN_POINT('',(-33.4584404179161,56.1613904179161,3.3567));
#5451=CARTESIAN_POINT('',(-33.4584404179161,56.1613904179161,2.50415141753955));
#5452=CARTESIAN_POINT('',(-33.3374529392487,56.0404029392487,1.65195064979083));
#5453=CARTESIAN_POINT('',(-33.1047594061523,55.8077094061523,0.865473361647353));
#5454=CARTESIAN_POINT('',(-33.458440411656,56.1613904116561,3.35649270404045));
#5455=CARTESIAN_POINT('',(-32.9798671500356,55.6828171500356,6.23388859790117));
#5456=CARTESIAN_POINT('',(-33.293219241206,55.9961692412061,5.34407120668809));
#5457=CARTESIAN_POINT('',(-33.4584404179161,56.1613904179161,4.35075938242493));
#5458=CARTESIAN_POINT('',(-33.4584404179161,56.1613904179161,3.3567));
#5459=CARTESIAN_POINT('',(-30.26055,52.9635,0.865904750363901));
#5460=CARTESIAN_POINT('',(-30.26055,-52.9635,3.3567));
#5461=CARTESIAN_POINT('',(-33.1099879850442,-55.802726905231,0.865904750363908));
#5462=CARTESIAN_POINT('',(-33.1082380065861,-55.8043801746436,0.865730959080277));
#5463=CARTESIAN_POINT('',(-33.1064876383952,-55.80603350485,0.865561793366163));
#5464=CARTESIAN_POINT('',(-33.1047368486375,-55.8076868486375,0.865397121221214));
#5465=CARTESIAN_POINT('',(-33.1099879850441,-55.802726905231,0.8659047503639));
#5466=CARTESIAN_POINT('',(-30.26055,-52.9635,0.8659047503639));
#5467=CARTESIAN_POINT('',(32.982559246471,-55.685509246471,0.487231939392229));
#5468=CARTESIAN_POINT('',(32.2702901936485,-56.3977741707851,0.487231939392229));
#5469=CARTESIAN_POINT('',(31.182731468285,-57.2242745354269,0.507134074474405));
#5470=CARTESIAN_POINT('',(30.26055,-57.2242745354269,0.507134074474405));
#5471=CARTESIAN_POINT('',(33.1213675929587,-55.8243175929587,0.882853682203737));
#5472=CARTESIAN_POINT('',(32.3960454729444,-56.5496249319268,0.882853682203737));
#5473=CARTESIAN_POINT('',(31.229066774168,-57.3017978918873,0.925618421380744));
#5474=CARTESIAN_POINT('',(30.26055,-57.3017978918873,0.925618421380744));
#5475=CARTESIAN_POINT('',(33.2314487559138,-55.9343987559138,1.29861891388548));
#5476=CARTESIAN_POINT('',(32.4957731544132,-56.6700308874042,1.29861891388548));
#5477=CARTESIAN_POINT('',(31.2657151930627,-57.3622421335321,1.34726630833268));
#5478=CARTESIAN_POINT('',(30.26055,-57.3622421335321,1.34726630833268));
#5479=CARTESIAN_POINT('',(33.4085416216781,-56.1114916216781,2.2576481776037));
#5480=CARTESIAN_POINT('',(32.6561335442403,-56.8638205311126,2.2576481776037));
#5481=CARTESIAN_POINT('',(31.3248969927969,-57.45908457578,2.29753277289023));
#5482=CARTESIAN_POINT('',(30.26055,-57.45908457578,2.29753277289023));
#5483=CARTESIAN_POINT('',(33.4584404179162,-56.1613904179162,2.80715465134189));
#5484=CARTESIAN_POINT('',(32.7012423339859,-56.9185093338431,2.80715465134189));
#5485=CARTESIAN_POINT('',(31.3417944492224,-57.486,2.82711591716238));
#5486=CARTESIAN_POINT('',(30.26055,-57.486,2.82711591716238));
#5487=CARTESIAN_POINT('',(33.4584404179162,-56.1613904179162,3.90624534865811));
#5488=CARTESIAN_POINT('',(32.7014006699925,-56.9185093338431,3.90624534865811));
#5489=CARTESIAN_POINT('',(31.3414796338413,-57.486,3.88628408283761));
#5490=CARTESIAN_POINT('',(30.26055,-57.486,3.88628408283761));
#5491=CARTESIAN_POINT('',(33.4085416216781,-56.1114916216781,4.45575182239629));
#5492=CARTESIAN_POINT('',(32.6562918802469,-56.8638205311126,4.45575182239629));
#5493=CARTESIAN_POINT('',(31.3245821774159,-57.45908457578,4.41586722710977));
#5494=CARTESIAN_POINT('',(30.26055,-57.45908457578,4.41586722710977));
#5495=CARTESIAN_POINT('',(33.2288205958612,-55.9317705958612,5.42901363235145));
#5496=CARTESIAN_POINT('',(32.4934791943968,-56.6671549375571,5.42901363235145));
#5497=CARTESIAN_POINT('',(31.2646661471927,-57.3608049359521,5.38023619292133));
#5498=CARTESIAN_POINT('',(30.26055,-57.3608049359521,5.38023619292133));
#5499=CARTESIAN_POINT('',(33.1140000932454,-55.8169500932454,5.8582291786418));
#5500=CARTESIAN_POINT('',(32.38939658372,-56.5415664585572,5.8582291786418));
#5501=CARTESIAN_POINT('',(31.2265629618341,-57.2977522901766,5.81586716239369));
#5502=CARTESIAN_POINT('',(30.26055,-57.2977522901766,5.81586716239369));
#5503=CARTESIAN_POINT('',(32.9685939183112,-55.6715439183112,6.2656314666789));
#5504=CARTESIAN_POINT('',(32.2576443633306,-56.382496598557,6.2656314666789));
#5505=CARTESIAN_POINT('',(31.1780569724478,-57.2164715230562,6.24807055246994));
#5506=CARTESIAN_POINT('',(30.26055,-57.2164715230562,6.24807055246994));
#5507=CARTESIAN_POINT('',(31.9357613290144,-56.582273810559,0.527346298447814));
#5508=CARTESIAN_POINT('',(32.3392854280018,-56.3995417340728,0.728791998439587));
#5509=CARTESIAN_POINT('',(32.752788758995,-56.1489241335306,0.847485177769759));
#5510=CARTESIAN_POINT('',(33.1048412519267,-55.8077912519267,0.865929204612112));
#5511=CARTESIAN_POINT('',(-32.9825593307439,55.6855093307439,0.487232179580969));
#5512=CARTESIAN_POINT('',(-32.2702902699967,56.3977742629763,0.487232179580969));
#5513=CARTESIAN_POINT('',(-31.1827314964159,57.2242745824927,0.507134328543421));
#5514=CARTESIAN_POINT('',(-30.26055,57.2242745824927,0.507134328543421));
#5515=CARTESIAN_POINT('',(-33.1213676375135,55.8243176375135,0.882853850482533));
#5516=CARTESIAN_POINT('',(-32.3960455133086,56.5496249806605,0.882853850482533));
#5517=CARTESIAN_POINT('',(-31.2290667890013,57.3017979163517,0.925618592040514));
#5518=CARTESIAN_POINT('',(-30.26055,57.3017979163517,0.925618592040514));
#5519=CARTESIAN_POINT('',(-33.2314487718825,55.9343987718825,1.29861900036237));
#5520=CARTESIAN_POINT('',(-32.4957731688731,56.6700309048784,1.29861900036237));
#5521=CARTESIAN_POINT('',(-31.2657151983992,57.3622421422645,1.34726639401942));
#5522=CARTESIAN_POINT('',(-30.26055,57.3622421422645,1.34726639401942));
#5523=CARTESIAN_POINT('',(-33.4085416216781,56.1114916216781,2.2576481776037));
#5524=CARTESIAN_POINT('',(-32.6561335442403,56.8638205311126,2.2576481776037));
#5525=CARTESIAN_POINT('',(-31.3248969927969,57.45908457578,2.29753277289023));
#5526=CARTESIAN_POINT('',(-30.26055,57.45908457578,2.29753277289023));
#5527=CARTESIAN_POINT('',(-33.4584404179162,56.1613904179162,2.80715465134189));
#5528=CARTESIAN_POINT('',(-32.7012423339859,56.9185093338431,2.80715465134189));
#5529=CARTESIAN_POINT('',(-31.3417944492224,57.486,2.82711591716238));
#5530=CARTESIAN_POINT('',(-30.26055,57.486,2.82711591716238));
#5531=CARTESIAN_POINT('',(-33.4584404179162,56.1613904179162,3.90624534865811));
#5532=CARTESIAN_POINT('',(-32.7014006699925,56.9185093338431,3.90624534865811));
#5533=CARTESIAN_POINT('',(-31.3414796338413,57.486,3.88628408283761));
#5534=CARTESIAN_POINT('',(-30.26055,57.486,3.88628408283761));
#5535=CARTESIAN_POINT('',(-33.4085416216781,56.1114916216781,4.45575182239629));
#5536=CARTESIAN_POINT('',(-32.6562918802469,56.8638205311126,4.45575182239629));
#5537=CARTESIAN_POINT('',(-31.3245821774159,57.45908457578,4.41586722710977));
#5538=CARTESIAN_POINT('',(-30.26055,57.45908457578,4.41586722710977));
#5539=CARTESIAN_POINT('',(-33.2288205958508,55.9317705958508,5.42901363240785));
#5540=CARTESIAN_POINT('',(-32.4934791943873,56.6671549375457,5.42901363240785));
#5541=CARTESIAN_POINT('',(-31.2646661471892,57.3608049359464,5.38023619297721));
#5542=CARTESIAN_POINT('',(-30.26055,57.3608049359464,5.38023619297721));
#5543=CARTESIAN_POINT('',(-33.114000093216,55.8169500932161,5.85822917875145));
#5544=CARTESIAN_POINT('',(-32.3893965836934,56.5415664585252,5.85822917875145));
#5545=CARTESIAN_POINT('',(-31.2265629618244,57.2977522901605,5.81586716250498));
#5546=CARTESIAN_POINT('',(-30.26055,57.2977522901605,5.81586716250498));
#5547=CARTESIAN_POINT('',(-32.9685939182555,55.6715439182555,6.26563146683502));
#5548=CARTESIAN_POINT('',(-32.2576443632801,56.382496598496,6.26563146683502));
#5549=CARTESIAN_POINT('',(-31.1780569724292,57.2164715230251,6.24807055263556));
#5550=CARTESIAN_POINT('',(-30.26055,57.2164715230251,6.24807055263556));
#5551=CARTESIAN_POINT('',(-31.9357571842311,56.5822767555421,0.527346590341525));
#5552=CARTESIAN_POINT('',(-32.1376894976168,56.4908344815215,0.628156039337854));
#5553=CARTESIAN_POINT('',(-32.5425506022901,56.2800196263712,0.795740558558811));
#5554=CARTESIAN_POINT('',(-32.9275102408535,55.9750493103503,0.848911646336228));
#5555=CARTESIAN_POINT('',(-33.1047368540154,55.8076868540154,0.865576275134348));
#5556=CARTESIAN_POINT('',(-30.26055,41.842546875,3.3567));
#5557=CARTESIAN_POINT('',(-30.26055,41.842546875,3.3567));
#5558=CARTESIAN_POINT('',(30.26055,41.842546875,3.3567));
#5559=CARTESIAN_POINT('',(32.9825593307465,55.6855093307465,0.487232179588239));
#5560=CARTESIAN_POINT('',(32.270290269999,56.3977742629791,0.487232179588239));
#5561=CARTESIAN_POINT('',(31.1827314964168,57.2242745824941,0.507134328551111));
#5562=CARTESIAN_POINT('',(30.26055,57.2242745824941,0.507134328551111));
#5563=CARTESIAN_POINT('',(33.1213676375148,55.8243176375149,0.882853850487627));
#5564=CARTESIAN_POINT('',(32.3960455133098,56.549624980662,0.882853850487627));
#5565=CARTESIAN_POINT('',(31.2290667890017,57.3017979163525,0.92561859204568));
#5566=CARTESIAN_POINT('',(30.26055,57.3017979163525,0.92561859204568));
#5567=CARTESIAN_POINT('',(33.231448771883,55.934398771883,1.29861900036498));
#5568=CARTESIAN_POINT('',(32.4957731688736,56.670030904879,1.29861900036498));
#5569=CARTESIAN_POINT('',(31.2657151983994,57.3622421422648,1.34726639402201));
#5570=CARTESIAN_POINT('',(30.26055,57.3622421422648,1.34726639402201));
#5571=CARTESIAN_POINT('',(33.4085416216781,56.1114916216781,2.2576481776037));
#5572=CARTESIAN_POINT('',(32.6561335442403,56.8638205311126,2.2576481776037));
#5573=CARTESIAN_POINT('',(31.3248969927969,57.45908457578,2.29753277289023));
#5574=CARTESIAN_POINT('',(30.26055,57.45908457578,2.29753277289023));
#5575=CARTESIAN_POINT('',(33.4584404179162,56.1613904179162,2.80715465134189));
#5576=CARTESIAN_POINT('',(32.7012423339859,56.9185093338431,2.80715465134189));
#5577=CARTESIAN_POINT('',(31.3417944492224,57.486,2.82711591716238));
#5578=CARTESIAN_POINT('',(30.26055,57.486,2.82711591716238));
#5579=CARTESIAN_POINT('',(33.4584404179162,56.1613904179162,3.90624534865811));
#5580=CARTESIAN_POINT('',(32.7014006699925,56.9185093338431,3.90624534865811));
#5581=CARTESIAN_POINT('',(31.3414796338413,57.486,3.88628408283761));
#5582=CARTESIAN_POINT('',(30.26055,57.486,3.88628408283761));
#5583=CARTESIAN_POINT('',(33.4085416216781,56.1114916216781,4.45575182239629));
#5584=CARTESIAN_POINT('',(32.6562918802469,56.8638205311126,4.45575182239629));
#5585=CARTESIAN_POINT('',(31.3245821774159,57.45908457578,4.41586722710977));
#5586=CARTESIAN_POINT('',(30.26055,57.45908457578,4.41586722710977));
#5587=CARTESIAN_POINT('',(33.2288205958508,55.9317705958508,5.42901363240783));
#5588=CARTESIAN_POINT('',(32.4934791943873,56.6671549375457,5.42901363240783));
#5589=CARTESIAN_POINT('',(31.2646661471892,57.3608049359464,5.3802361929772));
#5590=CARTESIAN_POINT('',(30.26055,57.3608049359464,5.3802361929772));
#5591=CARTESIAN_POINT('',(33.1140000932161,55.8169500932161,5.85822917875141));
#5592=CARTESIAN_POINT('',(32.3893965836934,56.5415664585252,5.85822917875141));
#5593=CARTESIAN_POINT('',(31.2265629618244,57.2977522901605,5.81586716250495));
#5594=CARTESIAN_POINT('',(30.26055,57.2977522901605,5.81586716250495));
#5595=CARTESIAN_POINT('',(32.9685939182555,55.6715439182555,6.26563146683497));
#5596=CARTESIAN_POINT('',(32.2576443632801,56.382496598496,6.26563146683497));
#5597=CARTESIAN_POINT('',(31.1780569724292,57.2164715230251,6.24807055263551));
#5598=CARTESIAN_POINT('',(30.26055,57.2164715230251,6.2480705526355));
#5599=CARTESIAN_POINT('',(33.1047368508696,55.8076868508696,0.865576264500622));
#5600=CARTESIAN_POINT('',(32.9271413762865,55.9753976537393,0.84887697769424));
#5601=CARTESIAN_POINT('',(32.5512241216499,56.2742521570536,0.798133823859368));
#5602=CARTESIAN_POINT('',(32.138993165164,56.4902441335915,0.628806861424285));
#5603=CARTESIAN_POINT('',(31.9357571840592,56.5822767556199,0.527346590255399));
#5604=CARTESIAN_POINT('',(28.3289890243902,52.9635,3.3567));
#5605=CARTESIAN_POINT('',(34.2830499999999,52.9635000000005,0.865904750363663));
#5606=CARTESIAN_POINT('',(21.43665,-54.60165,7.0752));
#5607=CARTESIAN_POINT('',(21.43665,-54.60165,7.10552988300558));
#5608=CARTESIAN_POINT('',(21.43665,-54.60165,7.2762));
#5609=CARTESIAN_POINT('',(0.,0.,6.5124));
#5610=CARTESIAN_POINT('',(-21.43665,-54.60165,7.2762));
#5611=CARTESIAN_POINT('',(-33.1099877939948,55.8027270969672,0.871100178866087));
#5612=CARTESIAN_POINT('',(-33.1099877939948,55.8027270969672,0.));
#5613=CARTESIAN_POINT('',(-33.0035567640877,55.9032764120468,0.871100178866087));
#5614=CARTESIAN_POINT('',(-33.0035567640877,55.9032764120468,0.));
#5615=CARTESIAN_POINT('',(-32.8268866584594,56.0635200417316,0.871100178866087));
#5616=CARTESIAN_POINT('',(-32.8268866584594,56.0635200417316,1.0842021724855E-16));
#5617=CARTESIAN_POINT('',(-32.3870563169387,56.3641653601081,0.871100178866087));
#5618=CARTESIAN_POINT('',(-32.3870563169387,56.3641653601081,2.16840434497101E-16));
#5619=CARTESIAN_POINT('',(-31.7926198447181,56.6667821036686,0.871100178866087));
#5620=CARTESIAN_POINT('',(-31.7926198447181,56.6667821036686,0.));
#5621=CARTESIAN_POINT('',(-31.1586889511359,56.8740633008267,0.871100178866087));
#5622=CARTESIAN_POINT('',(-31.1586889511359,56.8740633008267,-1.0842021724855E-16));
#5623=CARTESIAN_POINT('',(-30.6334022049271,56.9689133434382,0.871100178866087));
#5624=CARTESIAN_POINT('',(-30.6334022049271,56.9689133434382,1.0842021724855E-16));
#5625=CARTESIAN_POINT('',(-30.4027294506939,56.9837083882356,0.871100178866087));
#5626=CARTESIAN_POINT('',(-30.4027294506939,56.9837083882356,1.0842021724855E-16));
#5627=CARTESIAN_POINT('',(-30.2564143023697,56.986,0.871100178866087));
#5628=CARTESIAN_POINT('',(-30.2564143023697,56.986,0.));
#5629=CARTESIAN_POINT('',(-33.1099877939948,55.8027270969672,2.));
#5630=CARTESIAN_POINT('',(-30.2564143023697,56.986,2.));
#5631=CARTESIAN_POINT('',(-30.2564143023697,56.986,2.));
#5632=CARTESIAN_POINT('',(30.256414302353,56.986,2.));
#5633=CARTESIAN_POINT('',(30.256414302353,56.986,0.871100178866087));
#5634=CARTESIAN_POINT('',(30.256414302353,56.986,0.));
#5635=CARTESIAN_POINT('',(30.402729457278,56.9837083881329,0.871100178866087));
#5636=CARTESIAN_POINT('',(30.402729457278,56.9837083881329,0.));
#5637=CARTESIAN_POINT('',(30.6334022217882,56.9689133419139,0.871100178866087));
#5638=CARTESIAN_POINT('',(30.6334022217882,56.9689133419139,0.));
#5639=CARTESIAN_POINT('',(31.1586889921866,56.8740632911779,0.871100178866088));
#5640=CARTESIAN_POINT('',(31.1586889921866,56.8740632911779,2.16840434497101E-16));
#5641=CARTESIAN_POINT('',(31.7926199114497,56.6667820786897,0.871100178866087));
#5642=CARTESIAN_POINT('',(31.7926199114497,56.6667820786897,-2.16840434497101E-16));
#5643=CARTESIAN_POINT('',(32.3870564097919,56.3641653063722,0.871100178866087));
#5644=CARTESIAN_POINT('',(32.3870564097919,56.3641653063722,0.));
#5645=CARTESIAN_POINT('',(32.8268867497429,56.0635199731552,0.871100178866087));
#5646=CARTESIAN_POINT('',(32.8268867497429,56.0635199731552,-5.42101086242752E-16));
#5647=CARTESIAN_POINT('',(33.0035568667513,55.9032763189278,0.871100178866087));
#5648=CARTESIAN_POINT('',(33.0035568667513,55.9032763189278,-1.0842021724855E-16));
#5649=CARTESIAN_POINT('',(33.1099879058285,55.8027269847313,0.871100178866087));
#5650=CARTESIAN_POINT('',(33.1099879058285,55.8027269847313,0.));
#5651=CARTESIAN_POINT('',(33.1099879058285,55.8027269847313,2.));
#5652=CARTESIAN_POINT('',(30.26055,52.9635,2.));
#5653=CARTESIAN_POINT('',(34.2830499999999,52.9634999999999,2.));
#5654=CARTESIAN_POINT('',(34.2830500000093,-52.9634999999996,2.));
#5655=CARTESIAN_POINT('',(30.26055,-52.9635,2.));
#5656=CARTESIAN_POINT('',(33.1077142191012,-55.8050070225973,2.));
#5657=CARTESIAN_POINT('',(33.1077142191012,-55.8050070225973,0.871124779839785));
#5658=CARTESIAN_POINT('',(33.1077142191012,-55.8050070225973,0.));
#5659=CARTESIAN_POINT('',(33.0026539473477,-55.906834989415,0.871124779839785));
#5660=CARTESIAN_POINT('',(33.0026539473477,-55.906834989415,0.));
#5661=CARTESIAN_POINT('',(32.8291662046451,-56.0592491398135,0.871124779839785));
#5662=CARTESIAN_POINT('',(32.8291662046451,-56.0592491398135,1.0842021724855E-16));
#5663=CARTESIAN_POINT('',(32.3903601558807,-56.3637059277332,0.871124779839784));
#5664=CARTESIAN_POINT('',(32.3903601558807,-56.3637059277332,-5.42101086242752E-16));
#5665=CARTESIAN_POINT('',(31.7955056613712,-56.6656027409951,0.871124779839785));
#5666=CARTESIAN_POINT('',(31.7955056613712,-56.6656027409951,2.16840434497101E-16));
#5667=CARTESIAN_POINT('',(31.161221265182,-56.8720549602948,0.871124779839785));
#5668=CARTESIAN_POINT('',(31.161221265182,-56.8720549602948,-4.33680868994202E-16));
#5669=CARTESIAN_POINT('',(30.6381257687979,-56.970329526475,0.871124779839785));
#5670=CARTESIAN_POINT('',(30.6381257687979,-56.970329526475,2.16840434497101E-16));
#5671=CARTESIAN_POINT('',(30.3994690484071,-56.9818317703798,0.871124779839785));
#5672=CARTESIAN_POINT('',(30.3994690484071,-56.9818317703798,0.));
#5673=CARTESIAN_POINT('',(30.2530827273905,-56.986,0.871124779839785));
#5674=CARTESIAN_POINT('',(30.2530827273905,-56.986,0.));
#5675=CARTESIAN_POINT('',(30.2530827273905,-56.986,2.));
#5676=CARTESIAN_POINT('',(30.2530827273905,-56.986,2.));
#5677=CARTESIAN_POINT('',(-30.2564143023523,-56.986,2.));
#5678=CARTESIAN_POINT('',(-30.2564143023523,-56.986,0.871100178866092));
#5679=CARTESIAN_POINT('',(-30.2564143023523,-56.986,0.));
#5680=CARTESIAN_POINT('',(-30.4027294636623,-56.9837083880329,0.871100178866092));
#5681=CARTESIAN_POINT('',(-30.4027294636623,-56.9837083880329,1.0842021724855E-16));
#5682=CARTESIAN_POINT('',(-30.6334022381213,-56.9689133404369,0.871100178866092));
#5683=CARTESIAN_POINT('',(-30.6334022381213,-56.9689133404369,1.0842021724855E-16));
#5684=CARTESIAN_POINT('',(-31.1586890319109,-56.874063281838,0.871100178866092));
#5685=CARTESIAN_POINT('',(-31.1586890319109,-56.874063281838,1.0842021724855E-16));
#5686=CARTESIAN_POINT('',(-31.7926199761522,-56.6667820545042,0.871100178866092));
#5687=CARTESIAN_POINT('',(-31.7926199761522,-56.6667820545042,-3.25260651745651E-16));
#5688=CARTESIAN_POINT('',(-32.3870564993332,-56.3641652543877,0.871100178866092));
#5689=CARTESIAN_POINT('',(-32.3870564993332,-56.3641652543877,2.16840434497101E-16));
#5690=CARTESIAN_POINT('',(-32.8268868386512,-56.0635199067462,0.871100178866092));
#5691=CARTESIAN_POINT('',(-32.8268868386512,-56.0635199067462,0.));
#5692=CARTESIAN_POINT('',(-33.0035569648176,-55.9032762288427,0.871100178866092));
#5693=CARTESIAN_POINT('',(-33.0035569648176,-55.9032762288427,1.0842021724855E-16));
#5694=CARTESIAN_POINT('',(-33.1099879850441,-55.802726905231,0.871100178866092));
#5695=CARTESIAN_POINT('',(-33.1099879850441,-55.802726905231,0.));
#5696=CARTESIAN_POINT('',(-33.1099879850441,-55.802726905231,2.));
#5697=CARTESIAN_POINT('',(-30.26055,-52.9635,2.));
#5698=CARTESIAN_POINT('',(-34.28305,-52.9635,2.));
#5699=CARTESIAN_POINT('',(-34.2830500000001,52.9635,2.));
#5700=CARTESIAN_POINT('',(-30.26055,52.9635,2.));
#5701=CARTESIAN_POINT('',(-21.43665,-54.60165,7.10552988300558));
#5702=CARTESIAN_POINT('',(-21.43665,-53.6291014891931,7.10552988300558));
#5703=CARTESIAN_POINT('',(-21.43665,-56.2647354750026,6.5124));
#5704=CARTESIAN_POINT('',(-1.77884999999999,-55.5741985108069,7.10552988300558));
#5705=CARTESIAN_POINT('',(21.43665,-56.2647354750026,6.5124));
#5706=CARTESIAN_POINT('',(-21.43665,-53.6291014891931,7.10552988300558));
#5707=CARTESIAN_POINT('',(21.43665,-53.6291014891931,7.10552988300559));
#5708=CARTESIAN_POINT('',(21.43665,-54.60165,6.5124));
#5709=CARTESIAN_POINT('',(35.3401788916761,11.80875,4.31145));
#5710=CARTESIAN_POINT('',(35.3401788936313,12.0472948221224,4.31145));
#5711=CARTESIAN_POINT('',(35.3498419615994,12.2827740614028,4.22255186048721));
#5712=CARTESIAN_POINT('',(35.3725985536275,12.6470076361811,3.87796997849673));
#5713=CARTESIAN_POINT('',(35.3830317811646,12.7632775312568,3.62486680224631));
#5714=CARTESIAN_POINT('',(35.3830681648648,12.7637218097165,3.090119647384));
#5715=CARTESIAN_POINT('',(35.3726275305066,12.6474722327359,2.83586787291729));
#5716=CARTESIAN_POINT('',(35.3498125642869,12.2823027355348,2.49040392188671));
#5717=CARTESIAN_POINT('',(35.340178894418,12.0493798801904,2.40195));
#5718=CARTESIAN_POINT('',(35.3401788916761,11.80875,2.40195));
#5719=CARTESIAN_POINT('',(34.5972477709947,11.80875,4.89417694698354));
#5720=CARTESIAN_POINT('',(34.5972477807821,12.2440555957634,4.89417690708021));
#5721=CARTESIAN_POINT('',(34.6446120397925,12.6486144288082,4.71806078646374));
#5722=CARTESIAN_POINT('',(34.7418374199105,13.212270358855,4.14141187048073));
#5723=CARTESIAN_POINT('',(34.7829769441356,13.3631993536934,3.75624882898324));
#5724=CARTESIAN_POINT('',(34.7831228394486,13.3637997556875,2.95951486397229));
#5725=CARTESIAN_POINT('',(34.7419612686469,13.2129897163963,2.57272120721406));
#5726=CARTESIAN_POINT('',(34.644486394794,12.6478846575653,1.99459548214267));
#5727=CARTESIAN_POINT('',(34.5972477847094,12.2476305993385,1.81922310893123));
#5728=CARTESIAN_POINT('',(34.5972477709947,11.80875,1.81922305301646));
#5729=CARTESIAN_POINT('',(34.5972477709947,11.80875,4.89417694698353));
#5730=CARTESIAN_POINT('',(34.8448914778885,11.80875,4.69993463132235));
#5731=CARTESIAN_POINT('',(35.0925351847823,11.80875,4.50569231566118));
#5732=CARTESIAN_POINT('',(35.3401788916761,11.80875,4.31145));
#5733=CARTESIAN_POINT('',(35.3401788916761,11.80875,2.40195));
#5734=CARTESIAN_POINT('',(35.0925351847823,11.80875,2.20770768433882));
#5735=CARTESIAN_POINT('',(34.8448914778885,11.80875,2.01346536867765));
#5736=CARTESIAN_POINT('',(34.5972477709947,11.80875,1.81922305301647));
#5737=CARTESIAN_POINT('',(35.3401788916761,52.9635,2.40195000000001));
#5738=CARTESIAN_POINT('',(34.5972477709947,-6.42195000000001,1.81922305301646));
#5739=CARTESIAN_POINT('',(34.8448914778885,-6.42195000000001,2.01346536867764));
#5740=CARTESIAN_POINT('',(35.0925351847823,-6.42195000000001,2.20770768433882));
#5741=CARTESIAN_POINT('',(35.3401788916761,-6.42195000000001,2.40195));
#5742=CARTESIAN_POINT('',(35.3401788916761,52.9635,4.31144999999999));
#5743=CARTESIAN_POINT('',(35.3401788916761,-6.42195000000001,4.31145));
#5744=CARTESIAN_POINT('',(35.0925351847823,-6.42195000000001,4.50569231566118));
#5745=CARTESIAN_POINT('',(34.8448914778885,-6.42195000000001,4.69993463132236));
#5746=CARTESIAN_POINT('',(34.5972477709947,-6.42195000000001,4.89417694698354));
#5747=CARTESIAN_POINT('',(35.3401788916761,-6.42195000000001,2.40195));
#5748=CARTESIAN_POINT('',(35.3401788936305,-6.66049482212767,2.40195));
#5749=CARTESIAN_POINT('',(35.3498419615994,-6.8959740613959,2.49084813950624));
#5750=CARTESIAN_POINT('',(35.3725985536275,-7.26020763618808,2.83543002150982));
#5751=CARTESIAN_POINT('',(35.3830317811637,-7.37647753125679,3.08853319775534));
#5752=CARTESIAN_POINT('',(35.3830681648657,-7.37692180971656,3.62328035261435));
#5753=CARTESIAN_POINT('',(35.3726275305083,-7.26067223273558,3.877532127083));
#5754=CARTESIAN_POINT('',(35.3498125642851,-6.89550273553509,4.222996078113));
#5755=CARTESIAN_POINT('',(35.3401788944102,-6.66257988019025,4.31145));
#5756=CARTESIAN_POINT('',(35.3401788916761,-6.42195000000001,4.31145));
#5757=CARTESIAN_POINT('',(34.5972477709947,-6.42195000000001,1.81922305301646));
#5758=CARTESIAN_POINT('',(34.5972477807822,-6.85725559577123,1.81922309292002));
#5759=CARTESIAN_POINT('',(34.6446120397906,-7.26181442879782,1.99533921352526));
#5760=CARTESIAN_POINT('',(34.7418374199123,-7.82547035886541,2.57198812953027));
#5761=CARTESIAN_POINT('',(34.7829769441356,-7.97639935369347,2.95715117101895));
#5762=CARTESIAN_POINT('',(34.7831228394486,-7.97699975568754,3.75388513602551));
#5763=CARTESIAN_POINT('',(34.7419612686468,-7.82618971639636,4.14067879278642));
#5764=CARTESIAN_POINT('',(34.6444863947941,-7.26108465756531,4.71880451785686));
#5765=CARTESIAN_POINT('',(34.5972477847093,-6.86083059933857,4.89417689106907));
#5766=CARTESIAN_POINT('',(34.5972477709947,-6.42195000000001,4.89417694698354));
#5767=CARTESIAN_POINT('',(35.3401788916761,52.9635,4.31144999999999));
#5768=CARTESIAN_POINT('',(35.3401788916761,29.39625,4.31145));
#5769=CARTESIAN_POINT('',(35.0925351847823,29.39625,4.50569231566118));
#5770=CARTESIAN_POINT('',(34.8448914778885,29.39625,4.69993463132236));
#5771=CARTESIAN_POINT('',(34.5972477709947,29.39625,4.89417694698354));
#5772=CARTESIAN_POINT('',(34.5972477709947,37.1347499999999,4.89417694698354));
#5773=CARTESIAN_POINT('',(34.8448914778885,37.1347499999999,4.69993463132236));
#5774=CARTESIAN_POINT('',(35.0925351847823,37.1347499999999,4.50569231566118));
#5775=CARTESIAN_POINT('',(35.3401788916761,37.1347499999999,4.31145));
#5776=CARTESIAN_POINT('',(35.3401788916761,37.1347499999999,4.31145000000001));
#5777=CARTESIAN_POINT('',(35.3401788936305,37.3732948221289,4.31145000000001));
#5778=CARTESIAN_POINT('',(35.3498419615976,37.608774061394,4.22255186049545));
#5779=CARTESIAN_POINT('',(35.3725985536293,37.9730076361898,3.8779699784885));
#5780=CARTESIAN_POINT('',(35.3830317811637,38.0892775312567,3.62486680223988));
#5781=CARTESIAN_POINT('',(35.3830681648657,38.0897218097165,3.09011964739045));
#5782=CARTESIAN_POINT('',(35.3726275305074,37.9734722327358,2.83586787291727));
#5783=CARTESIAN_POINT('',(35.349812564286,37.6083027355348,2.49040392188675));
#5784=CARTESIAN_POINT('',(35.340178894418,37.3753798801903,2.40195));
#5785=CARTESIAN_POINT('',(35.3401788916761,37.1347499999999,2.40195));
#5786=CARTESIAN_POINT('',(34.5972477709947,37.1347499999999,4.89417694698354));
#5787=CARTESIAN_POINT('',(34.5972477807819,37.5700555957725,4.89417690708115));
#5788=CARTESIAN_POINT('',(34.6446120397901,37.974614428796,4.71806078647744));
#5789=CARTESIAN_POINT('',(34.7418374199128,38.5382703588671,4.14141187046705));
#5790=CARTESIAN_POINT('',(34.7829769441356,38.6891993536934,3.75624882897373));
#5791=CARTESIAN_POINT('',(34.7831228394486,38.6897997556875,2.95951486398182));
#5792=CARTESIAN_POINT('',(34.7419612686469,38.5389897163963,2.57272120721422));
#5793=CARTESIAN_POINT('',(34.644486394794,37.9738846575652,1.99459548214252));
#5794=CARTESIAN_POINT('',(34.5972477847094,37.5736305993385,1.81922310893115));
#5795=CARTESIAN_POINT('',(34.5972477709947,37.1347499999999,1.81922305301647));
#5796=CARTESIAN_POINT('',(35.3401788916761,37.1347499999999,2.40195));
#5797=CARTESIAN_POINT('',(35.0925351847823,37.1347499999999,2.20770768433882));
#5798=CARTESIAN_POINT('',(34.8448914778885,37.1347499999999,2.01346536867765));
#5799=CARTESIAN_POINT('',(34.5972477709947,37.1347499999999,1.81922305301647));
#5800=CARTESIAN_POINT('',(35.3401788916761,29.39625,2.40195));
#5801=CARTESIAN_POINT('',(35.3401788936313,29.1577051778782,2.40195));
#5802=CARTESIAN_POINT('',(35.3498419615994,28.9222259385962,2.49084813951367));
#5803=CARTESIAN_POINT('',(35.3725985536275,28.5579923638198,2.83543002150238));
#5804=CARTESIAN_POINT('',(35.3830317811637,28.4417224687432,3.08853319775623));
#5805=CARTESIAN_POINT('',(35.3830681648657,28.4412781902834,3.62328035261345));
#5806=CARTESIAN_POINT('',(35.3726275305057,28.5575277672674,3.87753212708579));
#5807=CARTESIAN_POINT('',(35.3498125642877,28.9226972644619,4.2229960781102));
#5808=CARTESIAN_POINT('',(35.3401788944111,29.155620119812,4.31145));
#5809=CARTESIAN_POINT('',(35.3401788916761,29.39625,4.31145));
#5810=CARTESIAN_POINT('',(34.5972477709947,29.39625,1.81922305301646));
#5811=CARTESIAN_POINT('',(34.5972477807819,28.9609444042382,1.81922309291892));
#5812=CARTESIAN_POINT('',(34.6446120397927,28.5563855711896,1.99533921353777));
#5813=CARTESIAN_POINT('',(34.7418374199102,27.9927296411472,2.57198812951775));
#5814=CARTESIAN_POINT('',(34.7829769441356,27.8418006463061,2.95715117102054));
#5815=CARTESIAN_POINT('',(34.7831228394486,27.8412002443129,3.75388513602392));
#5816=CARTESIAN_POINT('',(34.741961268646,27.992010283608,4.1406787927913));
#5817=CARTESIAN_POINT('',(34.6444863947949,28.5571153424303,4.71880451785196));
#5818=CARTESIAN_POINT('',(34.5972477847096,28.9573694006647,4.89417689106794));
#5819=CARTESIAN_POINT('',(34.5972477709947,29.39625,4.89417694698354));
#5820=CARTESIAN_POINT('',(34.5972477709947,29.39625,1.81922305301647));
#5821=CARTESIAN_POINT('',(34.8448914778885,29.39625,2.01346536867764));
#5822=CARTESIAN_POINT('',(35.0925351847823,29.39625,2.20770768433882));
#5823=CARTESIAN_POINT('',(35.3401788916761,29.39625,2.40195));
#5824=CARTESIAN_POINT('',(35.3401788916761,52.9635,2.40195));
#5825=CARTESIAN_POINT('',(0.,0.,7.6762));
#5826=CARTESIAN_POINT('',(-33.78305,-10.007347382252,7.6762));
#5827=CARTESIAN_POINT('',(-33.7830500000001,40.2718643003,7.6762));
#5828=CARTESIAN_POINT('',(-33.78305,-9.55906430030005,7.6762));
#5829=CARTESIAN_POINT('',(-32.9688364376269,-10.3767,7.6762));
#5830=CARTESIAN_POINT('',(33.7929364376269,-51.92095,7.6762));
#5831=CARTESIAN_POINT('',(33.7830499999999,-20.0102768375634,7.6762));
#5832=CARTESIAN_POINT('',(33.7929364376269,-19.07225,7.6762));
#5833=CARTESIAN_POINT('',(35.20715,-19.07225,7.6762));
#5834=CARTESIAN_POINT('',(35.20715,52.486,7.6762));
#5835=CARTESIAN_POINT('',(35.20715,52.486,7.6762));
#5836=CARTESIAN_POINT('',(30.60715,52.486,7.6762));
#5837=CARTESIAN_POINT('',(30.60715,57.086,7.6762));
#5838=CARTESIAN_POINT('',(-29.78305,57.086,7.6762));
#5839=CARTESIAN_POINT('',(-29.78305,57.086,7.6762));
#5840=CARTESIAN_POINT('',(-29.78305,52.486,7.6762));
#5841=CARTESIAN_POINT('',(-32.9688364376269,41.0895,7.6762));
#5842=CARTESIAN_POINT('',(-33.78305,0.,5.44777287525381));
#5843=CARTESIAN_POINT('',(-33.78305,41.0895,5.44777287525381));
#5844=CARTESIAN_POINT('',(-33.78305,52.486,5.44777287525381));
#5845=CARTESIAN_POINT('',(-29.78305,52.486,5.44777287525381));
#5846=CARTESIAN_POINT('',(-29.78305,52.486,6.8619864376269));
#5847=CARTESIAN_POINT('',(-29.78305,57.9002135623731,6.8619864376269));
#5848=CARTESIAN_POINT('',(-29.78305,56.486,5.44777287525381));
#5849=CARTESIAN_POINT('',(30.60715,52.486,6.8619864376269));
#5850=CARTESIAN_POINT('',(36.0213635623731,52.486,6.8619864376269));
#5851=CARTESIAN_POINT('',(36.0213635623731,52.486,6.8619864376269));
#5852=CARTESIAN_POINT('',(30.60715,52.486,6.8619864376269));
#5853=CARTESIAN_POINT('',(30.60715,57.9002135623731,6.8619864376269));
#5854=CARTESIAN_POINT('',(30.60715,57.9002135623731,6.8619864376269));
#5855=CARTESIAN_POINT('',(-29.78305,57.9002135623731,6.8619864376269));
#5856=CARTESIAN_POINT('',(-29.78305,57.9002135623731,6.8619864376269));
#5857=CARTESIAN_POINT('',(-29.78305,57.9002135623731,6.8619864376269));
#5858=CARTESIAN_POINT('',(30.60715,52.486,5.44777287525381));
#5859=CARTESIAN_POINT('',(34.60715,52.486,5.44777287525381));
#5860=CARTESIAN_POINT('',(30.60715,56.486,5.44777287525381));
#5861=CARTESIAN_POINT('',(36.0213635623731,52.486,6.8619864376269));
#5862=CARTESIAN_POINT('',(36.0213635623731,-19.07225,6.8619864376269));
#5863=CARTESIAN_POINT('',(36.0213635623731,-19.07225,6.8619864376269));
#5864=CARTESIAN_POINT('',(36.0213635623731,52.486,6.8619864376269));
#5865=CARTESIAN_POINT('',(34.60715,52.486,5.44777287525381));
#5866=CARTESIAN_POINT('',(34.60715,-19.07225,5.44777287525381));
#5867=CARTESIAN_POINT('',(-29.78305,56.486,5.44777287525381));
#5868=CARTESIAN_POINT('',(-29.78305,52.486,6.8619864376269));
#5869=CARTESIAN_POINT('',(-33.78305,0.,5.44777287525381));
#5870=CARTESIAN_POINT('',(-33.78305,-10.3767,5.44777287525381));
#5871=CARTESIAN_POINT('',(-33.78305,-52.486,5.44777287525381));
#5872=CARTESIAN_POINT('',(34.60715,52.486,5.44777287525381));
#5873=CARTESIAN_POINT('',(34.60715,-51.92095,5.44777287525381));
#5874=CARTESIAN_POINT('',(34.60715,-52.486,5.44777287525381));
#5875=CARTESIAN_POINT('',(30.60715,-52.486,5.44777287525381));
#5876=CARTESIAN_POINT('',(30.60715,-56.486,5.44777287525381));
#5877=CARTESIAN_POINT('',(30.60715,-56.486,5.44777287525381));
#5878=CARTESIAN_POINT('',(-29.78305,-56.486,5.44777287525381));
#5879=CARTESIAN_POINT('',(-29.78305,-52.486,5.44777287525381));
#5880=CARTESIAN_POINT('',(-33.78305,-52.486,1.82842712474619));
#5881=CARTESIAN_POINT('',(-35.7228952880934,-10.0350995982897,1.3416004017103));
#5882=CARTESIAN_POINT('',(-35.7634054904692,-10.1465553302854,1.50302031043762));
#5883=CARTESIAN_POINT('',(-35.78305,-10.26165359257,1.66572666527403));
#5884=CARTESIAN_POINT('',(-35.78305,-10.3767,1.82842712474619));
#5885=CARTESIAN_POINT('',(-33.78305,-52.486,1.82842712474619));
#5886=CARTESIAN_POINT('',(-29.78305,-52.486,1.82842712474619));
#5887=CARTESIAN_POINT('',(-29.78305,-56.486,1.82842712474619));
#5888=CARTESIAN_POINT('',(30.60715,-56.486,1.82842712474619));
#5889=CARTESIAN_POINT('',(30.60715,-56.486,1.82842712474619));
#5890=CARTESIAN_POINT('',(30.60715,-52.486,1.82842712474619));
#5891=CARTESIAN_POINT('',(34.60715,-52.486,1.82842712474619));
#5892=CARTESIAN_POINT('',(34.60715,52.486,1.82842712474619));
#5893=CARTESIAN_POINT('',(36.5469952880934,-51.5793495982897,1.34160040171031));
#5894=CARTESIAN_POINT('',(36.5875054904692,-51.6908053302854,1.50302031043763));
#5895=CARTESIAN_POINT('',(36.6071500000002,-51.8059035925707,1.66572666527354));
#5896=CARTESIAN_POINT('',(36.6071500000002,-51.92095,1.82842712474619));
#5897=CARTESIAN_POINT('',(-33.78305,-52.486,1.82842712474619));
#5898=CARTESIAN_POINT('',(-35.7228952880934,40.7478995982897,1.34160040171031));
#5899=CARTESIAN_POINT('',(-35.7634054904692,40.8593553302853,1.50302031043762));
#5900=CARTESIAN_POINT('',(-35.7830500000002,40.9744535925708,1.66572666527341));
#5901=CARTESIAN_POINT('',(-35.7830500000002,41.0895,1.82842712474619));
#5902=CARTESIAN_POINT('',(-33.78305,52.486,1.82842712474619));
#5903=CARTESIAN_POINT('',(-29.78305,52.486,1.82842712474619));
#5904=CARTESIAN_POINT('',(-29.78305,56.486,1.82842712474619));
#5905=CARTESIAN_POINT('',(-29.78305,56.486,1.82842712474619));
#5906=CARTESIAN_POINT('',(30.60715,56.486,1.82842712474619));
#5907=CARTESIAN_POINT('',(30.60715,52.486,1.82842712474619));
#5908=CARTESIAN_POINT('',(34.60715,52.486,1.82842712474619));
#5909=CARTESIAN_POINT('',(34.60715,52.486,1.82842712474619));
#5910=CARTESIAN_POINT('',(36.5469952880934,-19.4138504017103,1.34160040171031));
#5911=CARTESIAN_POINT('',(36.5875054904692,-19.3023946697146,1.50302031043763));
#5912=CARTESIAN_POINT('',(36.60715,-19.1872964074292,1.66572666527344));
#5913=CARTESIAN_POINT('',(36.60715,-19.07225,1.82842712474619));
#5914=CARTESIAN_POINT('',(35.60715,-51.92095,9.57));
#5915=CARTESIAN_POINT('',(35.60715,-51.92095,5.44777287525381));
#5916=CARTESIAN_POINT('',(34.60715,-51.92095,5.44777287525381));
#5917=CARTESIAN_POINT('',(35.3142567811865,-51.92095,6.15487965644036));
#5918=CARTESIAN_POINT('',(34.2531432188134,-51.92095,7.21599321881346));
#5919=CARTESIAN_POINT('',(-33.5740432188134,41.0895,7.07099321881345));
#5920=CARTESIAN_POINT('',(-34.4901567811865,41.0895,6.15487965644036));
#5921=CARTESIAN_POINT('',(-34.2830500000001,40.2718643003,7.1762));
#5922=CARTESIAN_POINT('',(-33.78305,41.0895,5.44777287525381));
#5923=CARTESIAN_POINT('',(-34.78305,41.0895,5.44777287525381));
#5924=CARTESIAN_POINT('',(-34.78305,41.0895,9.28));
#5925=CARTESIAN_POINT('',(-32.8240432188135,-10.3767,7.82099321881344));
#5926=CARTESIAN_POINT('',(-34.4901567811865,-10.3767,6.15487965644036));
#5927=CARTESIAN_POINT('',(-33.78305,-9.55906430030005,7.6762));
#5928=CARTESIAN_POINT('',(-33.78305,-10.3767,5.44777287525381));
#5929=CARTESIAN_POINT('',(-34.78305,-10.3767,5.44777287525381));
#5930=CARTESIAN_POINT('',(-34.78305,-10.3767,-1.));
#5931=CARTESIAN_POINT('',(35.3142567811865,-19.07225,6.15487965644036));
#5932=CARTESIAN_POINT('',(35.3142567811865,-19.07225,6.15487965644036));
#5933=CARTESIAN_POINT('',(34.60715,-19.07225,5.44777287525381));
#5934=CARTESIAN_POINT('',(35.60715,-19.07225,5.44777287525381));
#5935=CARTESIAN_POINT('',(35.60715,-19.07225,-1.));
#5936=CARTESIAN_POINT('',(-33.78305,-4.73893284101858E-14,7.6762));
#5937=CARTESIAN_POINT('',(33.7830499999999,0.,7.6762));
#5938=MECHANICAL_DESIGN_GEOMETRIC_PRESENTATION_REPRESENTATION('',(#3020),
#5939);
#5939=(
GEOMETRIC_REPRESENTATION_CONTEXT(3)
GLOBAL_UNCERTAINTY_ASSIGNED_CONTEXT((#5940))
GLOBAL_UNIT_ASSIGNED_CONTEXT((#5943,#5942,#5941))
REPRESENTATION_CONTEXT('x4_travel_case','TOP_LEVEL_ASSEMBLY_PART')
);
#5940=UNCERTAINTY_MEASURE_WITH_UNIT(LENGTH_MEASURE(0.005),#5943,
'DISTANCE_ACCURACY_VALUE','Maximum Tolerance applied to model');
#5941=(
NAMED_UNIT(*)
SI_UNIT($,.STERADIAN.)
SOLID_ANGLE_UNIT()
);
#5942=(
NAMED_UNIT(*)
PLANE_ANGLE_UNIT()
SI_UNIT($,.RADIAN.)
);
#5943=(
LENGTH_UNIT()
NAMED_UNIT(*)
SI_UNIT(.MILLI.,.METRE.)
);
#5944=PRODUCT_DEFINITION_SHAPE('','',#5945);
#5945=PRODUCT_DEFINITION('','',#5947,#5946);
#5946=PRODUCT_DEFINITION_CONTEXT('',#5953,'design');
#5947=PRODUCT_DEFINITION_FORMATION_WITH_SPECIFIED_SOURCE('','',#5949,
 .NOT_KNOWN.);
#5948=PRODUCT_RELATED_PRODUCT_CATEGORY('','',(#5949));
#5949=PRODUCT('x4_travel_case','x4_travel_case','x4_travel_case',(#5951));
#5950=PRODUCT_CATEGORY('','');
#5951=PRODUCT_CONTEXT('',#5953,'mechanical');
#5952=APPLICATION_PROTOCOL_DEFINITION('international standard',
'automotive_design',2010,#5953);
#5953=APPLICATION_CONTEXT(
'core data for automotive mechanical design processes');
ENDSEC;
END-ISO-10303-21;
